ctx_a,ctx_b,n_compounds,n_cells,measured_transfer_mean,per_context_expert_transfer_mean,per_context_expert_transfer_sd_cells,per_context_expert_measured_pred_corr,per_context_expert_measured_pred_corr_sd,context_token_trunk_transfer_mean,context_token_trunk_transfer_sd_cells,context_token_trunk_measured_pred_corr,context_token_trunk_measured_pred_corr_sd,target_variant,k,prog_pearson_mean,prog_pearson_sd,null_mean,null_sd,z
zel024_hek293,zel024_h1650,10675,15,0.0001805301228287,0.011860903234227,0.0040578960385586,0.0015056614384109,0.0249129710527568,0.0201018766340807,0.0062302853119473,-0.0024722596854632,0.0266948632493479,,,,,,,
zel028_a549,zel028_h1650,2165,15,-0.0002121265484789,0.0285407019416034,0.008972812823762,-0.0259832495090922,0.0597440415370343,0.0821822709685614,0.0121194653832744,-0.0191608557636376,0.0647238012492719,,,,,,,
zel028_hek293,zel028_a549,4960,15,0.000453373548134,0.0153526352092341,0.006147285735711,0.009730269153323,0.0242143622994591,0.0401786322748042,0.0126550440530205,0.0041719858241259,0.0288016983112899,,,,,,,
zel028_hek293,zel028_h1650,3109,15,-7.246528137337483e-05,0.0206904100380634,0.006807612979161,0.0143893757182745,0.0395122790397189,0.0431010782782584,0.0132105947540464,0.0398844853033179,0.0587988041223172,,,,,,,
zel031_a549,zel031_thp1,7136,15,-2.286585284759489e-05,-0.0084653768934634,0.0029448379113901,-0.0005896804926533,0.0211439327977701,0.0142364992291463,0.0042069888037505,-0.0029083924975614,0.0284519935523741,,,,,,,
zel031_h1650,probe_only_never_trained,423,15,,,,,,-0.0153041584417223,0.0066619967110455,,,device_centered_target,12.0,-0.0247334891724674,0.0379259428994738,0.000198437558342,0.0426485478087538,-0.584590285292015
zel031_h1650,probe_only_never_trained,423,15,,,,,,-0.0177596341818571,0.0077800154685974,,,device_centered_target,32.0,0.0014171483798152,0.0219885826013308,-0.0003061007002786,0.0257941054823937,0.0668078635744916
zel031_h1650,probe_only_never_trained,423,15,,,,,,-0.0164941605180501,0.007664474658668,,,depth_regressed_target,12.0,-0.0201868404809252,0.0559284791975578,-0.0002474044321952,0.0442577411247167,-0.4505299082603737
zel031_h1650,probe_only_never_trained,423,15,,,,,,-0.0222185365855693,0.0062731564976274,,,depth_regressed_target,32.0,-0.0030865238345524,0.025725291095616,2.3582016847348632e-05,0.02613017390662,-0.1190235419983897
