context,bb_pair_id,n_members,within_phenotype_coherence,within_candidate_chemical_coherence,ring1_phenotype_correlation,ring2_phenotype_correlation,ring3_phenotype_correlation,falloff,null_falloff_mean,null_falloff_sd,falloff_null_percentile
zel024_hek293,bb1=BB_4347926671 & bb3=BB_7942064205,24,0.6541917324066162,0.9464017152786256,0.3112553656101227,0.2537067532539367,0.203082650899887,0.3429363667964935,-0.1413564741921436,0.1829636789141846,1.0
zel024_hek293,bb1=BB_4347926671 & bb3=BB_6545568677,24,0.4481567740440368,0.9588361978530884,0.2122109830379486,0.1199895069003105,0.0212016105651855,0.2359457910060882,-0.1798000789573416,0.1972498693387035,0.99
zel024_hek293,bb1=BB_4347926671 & bb3=BB_4417860298,24,0.6461036801338196,0.95489501953125,0.4237023890018463,0.2818113267421722,0.2201014757156372,0.2224012911319732,-0.1170710001699626,0.2077572212534812,0.95
zel024_hek293,bb1=BB_4347926671 & bb3=BB_4313530054,24,0.5998504161834717,0.9315147995948792,0.317250907421112,0.2531071603298187,0.2409871369600296,0.2825995087623596,-0.1139408221049234,0.2012279729955335,0.95
zel024_hek293,bb1=BB_4347926671 & bb3=BB_5345232705,24,0.5183807611465454,0.9456709623336792,0.3157215714454651,0.2670255899429321,0.2532509863376617,0.2026591897010803,-0.1539929569380728,0.2019666096784193,0.96
zel024_hek293,bb1=BB_4347926671 & bb3=BB_8357462340,24,0.5908212661743164,0.9427348971366882,0.1262407451868057,0.0807451456785202,0.1295484900474548,0.4645805209875107,-0.1494880859673139,0.1707985484297668,1.0
zel024_hek293,bb1=BB_4347926671 & bb3=BB_7426840745,24,0.4417078495025635,0.93765127658844,0.2897397875785827,0.253121942281723,0.2276423424482345,0.1519680619239807,-0.1626776548451744,0.1942693496248048,0.94
zel024_hek293,bb1=BB_8873714086 & bb3=BB_8391505475,24,0.6225361824035645,0.9826483130455016,0.4752975106239319,0.3950710296630859,0.3711313903331756,0.1472386717796325,-0.1502191659144591,0.2248961919955932,0.93
zel024_hek293,bb1=BB_4347926671 & bb3=BB_6235533440,24,0.5992632508277893,0.953963577747345,0.2388335615396499,0.3739854097366333,0.3148652017116546,0.3604296892881393,-0.1289794608880765,0.1775229765417889,0.99
zel024_hek293,bb1=BB_6601289516 & bb3=BB_8357462340,24,0.5172538161277771,0.9775500297546388,0.2162265181541443,0.2286358773708343,0.2306576073169708,0.3010272979736328,-0.1433333031559595,0.1873622816177278,1.0
zel024_hek293,bb1=BB_4347926671 & bb3=BB_7082156996,24,0.6348949670791626,0.956390142440796,0.1960127204656601,0.2957540452480316,0.2816933095455169,0.4388822466135025,-0.1656283145787893,0.1896930140295435,1.0
zel024_hek293,bb1=BB_4347926671 & bb3=BB_8090408280,24,0.6481450200080872,0.9603490233421326,0.4703852832317352,0.3156946301460266,0.2440572679042816,0.1777597367763519,-0.1641023669312198,0.1922914697291324,0.98
zel024_hek293,bb1=BB_8232087379 & bb3=BB_0972548426,24,0.4804719090461731,0.9797697067260742,0.274093747138977,-0.0099176689982414,-0.0435179993510246,0.206378161907196,-0.1177655817985942,0.1931603072642808,0.96
zel024_hek293,bb1=BB_4347926671 & bb3=BB_1235396373,24,0.5005797147750854,0.9581195116043092,0.059155311435461,0.1368601471185684,0.1748755425214767,0.4414244033396244,-0.125959326243028,0.2050448814518856,0.98
zel024_hek293,bb1=BB_4347926671 & bb3=BB_0178192231,24,0.568070650100708,0.9586535692214966,0.3121306300163269,0.2992163300514221,0.2621580958366394,0.2559400200843811,-0.1517828919575549,0.1893246863204443,0.99
zel024_hek293,bb1=BB_8873714086 & bb3=BB_0972548426,24,0.5723036527633667,0.981074035167694,0.4922888576984405,0.4523273408412933,0.4444416165351867,0.0800147950649261,-0.1285410674585728,0.1901900274963798,0.88
zel024_hek293,bb1=BB_6601289516 & bb3=BB_1579169438,24,0.4786942601203918,0.9789410829544068,0.1235288977622985,0.202109158039093,0.1844808012247085,0.3551653623580932,-0.178112924589077,0.198237382976444,0.99
zel024_hek293,bb1=BB_8232087379 & bb3=BB_9434530945,24,0.6468806862831116,0.9750338792800904,0.2609884142875671,0.0343151800334453,-0.0809176117181778,0.3858922719955444,-0.1370773249834747,0.2081661742901324,1.0
zel024_hek293,bb1=BB_4347926671 & bb3=BB_6048600856,24,0.6776275634765625,0.9400912523269652,0.2628793716430664,0.2962825298309326,0.2684866189956665,0.4147481918334961,-0.1796235165474354,0.2103772866180228,1.0
zel024_hek293,bb1=BB_4347926671 & bb3=BB_7600457365,24,0.7656081914901733,0.9611698985099792,0.1247927546501159,0.167230948805809,0.0766533091664314,0.6408154368400574,-0.1646846636058762,0.2168069106350391,1.0
zel024_hek293,bb1=BB_4347926671 & bb3=BB_7553096473,24,0.650215208530426,0.9667276740074158,0.103791669011116,-0.0173321776092052,0.0619149915874004,0.54642353951931,-0.144909129582229,0.1851195569287659,1.0
zel024_hek293,bb1=BB_4347926671 & bb3=BB_2122574568,24,0.5309876203536987,0.9249139428138732,0.2029515653848648,0.2016150653362274,0.0731351822614669,0.3280360549688339,-0.1064569896500324,0.1945120390502034,0.97
zel024_hek293,bb1=BB_8232087379 & bb3=BB_8391505475,24,0.5413051843643188,0.9815293550491332,0.1592026352882385,-0.1114607900381088,-0.1448528617620468,0.3821025490760803,-0.1376163959730183,0.1805630889003224,1.0
zel024_hek293,bb1=BB_6601289516 & bb3=BB_4417860298,24,0.5753762125968933,0.98081773519516,0.4696381390094757,0.4203474521636963,0.362574964761734,0.1057380735874176,-0.1380009711405728,0.2014641547634269,0.9
zel024_hek293,bb1=BB_8873714086 & bb3=BB_9434530945,24,0.619551420211792,0.976531445980072,0.436934232711792,0.3245628774166107,0.2801469564437866,0.1826171875,-0.1279704462806694,0.2232600697227073,0.91
zel024_hek293,bb1=BB_4347926671 & bb3=BB_7255455512,24,0.5544864535331726,0.9303885102272034,-0.2205889523029327,-0.1143740862607956,0.0364479348063468,0.7750754058361053,-0.1711321728171606,0.2280632622330184,1.0
zel024_hek293,bb1=BB_4347926671 & bb3=BB_3586809514,24,0.5587325096130371,0.94677072763443,-0.2650451958179474,-0.1197494491934776,0.0087983645498752,0.8237777054309845,-0.1619994998259062,0.1881561649221467,1.0
zel024_hek293,bb1=BB_6601289516 & bb3=BB_5090475991,24,0.4978500604629516,0.9780941009521484,0.2999852895736694,0.2275148332118988,0.2122743278741836,0.1978647708892822,-0.156800410101714,0.1940174181133082,0.99
zel024_hek293,bb1=BB_4347926671 & bb3=BB_5090475991,24,0.6343135237693787,0.9476941823959352,0.2534269988536834,0.2087271809577942,0.2347293347120285,0.3808865249156952,-0.1512638747542223,0.1918007517514046,0.99
zel024_hek293,bb1=BB_6601289516 & bb3=BB_8150738125,24,0.6368491053581238,0.9768068790435792,0.3689772486686706,0.2867370247840881,0.2745843529701233,0.2678718566894531,-0.1077075354772387,0.210411266925527,0.95
zel024_hek293,bb1=BB_6601289516 & bb3=BB_4313530054,24,0.5786552429199219,0.9754503965377808,0.3921342492103576,0.3721366822719574,0.363255113363266,0.1865209937095642,-0.1652646239160094,0.2076225090913907,0.98
zel024_hek293,bb1=BB_4347926671 & bb3=BB_9407612552,24,0.5275796055793762,0.9709038138389589,0.2088327258825302,-0.0607944764196872,-0.1261900514364242,0.318746879696846,-0.1548589535776409,0.1902860582397408,0.98
zel024_hek293,bb1=BB_6601289516 & bb3=BB_1235396373,24,0.6382411122322083,0.9812358617782592,0.2003710120916366,0.1947921365499496,0.3425118029117584,0.4378701001405716,-0.1513966673156392,0.2233771989339633,0.99
zel024_hek293,bb1=BB_8873714086 & bb3=BB_5543109086,24,0.6929698586463928,0.9829311370849608,0.5085949301719666,0.3427975177764892,0.3049478232860565,0.1843749284744262,-0.1350985598188708,0.2065386723699561,0.93
zel024_hek293,bb1=BB_6601289516 & bb3=BB_3586809514,24,0.5796583890914917,0.9784217476844788,0.2791450023651123,0.288674384355545,0.2559700906276703,0.3005133867263794,-0.1299061017864733,0.2015367014475745,0.98
zel024_hek293,bb1=BB_6601289516 & bb3=BB_7968340747,24,0.5151981115341187,0.9755780696868896,0.1585123986005783,0.2555894255638122,0.1694644391536712,0.3566857129335403,-0.1375769813798251,0.1985622368572876,1.0
zel024_hek293,bb2=BB_3472530680 & bb3=BB_5330967050,84,0.3345023393630981,0.9174615144729614,0.2086106091737747,0.1861360371112823,0.126207560300827,0.1258917301893234,-0.058693574910867,0.1744781730766951,0.85
zel024_hek293,bb1=BB_4347926671 & bb3=BB_8150738125,24,0.681418240070343,0.9412764310836792,0.3925072848796844,0.3015021979808807,0.2823910117149353,0.2889109551906585,-0.1450799544517212,0.1907041097138165,1.0
zel024_hek293,bb1=BB_6601289516 & bb3=BB_7255455512,24,0.6172240376472473,0.9746941924095154,0.2695881128311157,0.2980471551418304,0.3157132565975189,0.3476359248161316,-0.1325544881887617,0.189601422833193,0.99
zel024_hek293,bb1=BB_4347926671 & bb3=BB_4560745800,24,0.6525781154632568,0.9331015944480896,0.0573616214096546,0.186236172914505,0.1319122165441513,0.5952164940536022,-0.1336475903331666,0.2044067713805398,1.0
zel024_hek293,bb1=BB_2686618432 & bb3=BB_8979142929,24,0.6027108430862427,0.987665057182312,0.1371628046035766,-0.2227305024862289,-0.033367458730936,0.465548038482666,-0.0997526898712385,0.1660474154134397,1.0
zel024_hek293,bb1=BB_6601289516 & bb3=BB_0178192231,24,0.6734991669654846,0.9812995791435242,0.4081513583660126,0.5013619065284729,0.4904345571994781,0.265347808599472,-0.1429324844010989,0.2252788186186878,0.97
zel024_hek293,bb2=BB_3472530680 & bb3=BB_0671730704,83,0.3146036267280578,0.9411197304725648,0.0634516701102256,0.127927765250206,0.1125361621379852,0.2511519566178322,-0.0657669217096554,0.1602464256887247,0.97
zel024_hek293,bb1=BB_6601289516 & bb3=BB_2122574568,24,0.6789564490318298,0.9747799038887024,0.5259169936180115,0.4645297229290008,0.4335861206054687,0.1530394554138183,-0.1150749621147042,0.2050607921574927,0.93
zel024_hek293,bb1=BB_2686618432 & bb3=BB_1483345899,24,0.4260992407798767,0.9855682849884032,0.2644987106323242,0.0129074957221746,0.016467060893774,0.1616005301475525,-0.1303377037722384,0.1724467284373845,0.95
zel024_hek293,bb1=BB_6601289516 & bb3=BB_7942064205,24,0.6158586144447327,0.97861909866333,0.3569911122322082,0.4173937737941742,0.3747563660144806,0.2588675022125244,-0.144753729593358,0.2141829027980026,0.99
zel024_hek293,bb1=BB_6601289516 & bb3=BB_7553096473,24,0.6626758575439453,0.9840396642684937,0.222169280052185,0.3644546866416931,0.3471553921699524,0.4405065774917602,-0.142219963640091,0.1973192529949202,0.99
zel024_hek293,bb1=BB_6601289516 & bb3=BB_4560745800,24,0.6408302783966064,0.9757139682769777,0.1824473738670349,0.1860670149326324,0.2380712926387787,0.4583829045295715,-0.1479255268431734,0.156779630448397,1.0
zel024_hek293,bb1=BB_6601289516 & bb3=BB_6545568677,24,0.5631124377250671,0.9827646613121032,0.5604366660118103,0.4959073364734649,0.4185040295124054,0.0026757717132568,-0.1545281593808613,0.1919411942051678,0.84
zel024_hek293,bb1=BB_8873714086 & bb3=BB_1619714190,24,0.6974218487739563,0.9771538376808168,0.5304641127586365,0.5157712697982788,0.485851377248764,0.1669577360153198,-0.1401524728281947,0.1817940086417866,0.94
zel024_hek293,bb1=BB_4347926671 & bb3=BB_8979142929,24,0.6508182883262634,0.9709594249725342,0.1922037899494171,0.1594852358102798,0.0667057037353515,0.4586144983768463,-0.125984997228661,0.1851794516748394,1.0
zel024_hek293,bb1=BB_6601289516 & bb3=BB_7552836976,24,0.5133594274520874,0.9800731539726256,0.2108737379312515,0.1259227097034454,0.1278972327709198,0.3024856895208359,-0.1485888616833836,0.1868806439546366,0.99
zel024_hek293,bb1=BB_4347926671 & bb3=BB_7968340747,24,0.565993070602417,0.9311501383781432,0.0264736469835042,-0.0934533849358558,-0.0290676280856132,0.5395194236189127,-0.1186432526446878,0.2064460522754106,0.99
zel024_hek293,bb1=BB_6601289516 & bb3=BB_0665565048,24,0.5631192922592163,0.9775643944740297,0.2389485538005828,0.1927470564842224,0.1688107550144195,0.3241707384586334,-0.152877193367799,0.2171355224580091,0.99
zel024_hek293,bb2=BB_5290020531 & bb3=BB_9833957809,84,0.4098078906536102,0.9260675311088562,0.2553261816501617,0.0346099883317947,-0.0531641393899917,0.1544817090034485,-0.0493931593424622,0.1572256255365261,0.92
zel024_hek293,bb1=BB_2686618432 & bb3=BB_8066226507,24,0.3927143514156341,0.9815808534622192,0.208321988582611,0.0606455616652965,0.0496901422739028,0.184392362833023,-0.157487667693349,0.205663329645943,0.97
zel024_hek293,bb1=BB_2686618432 & bb3=BB_0662554446,24,0.5084748268127441,0.9822673201560974,0.3666512966156006,0.2077599167823791,0.1321650743484497,0.1418235301971435,-0.1762718595028855,0.1959988283246231,0.97
zel024_hek293,bb1=BB_8232087379 & bb3=BB_5543109086,24,0.6435548067092896,0.9820209741592408,0.319855660200119,0.015452773310244,-0.0550738126039505,0.3236991465091705,-0.1596294286678312,0.2053108213549716,1.0
zel024_hek293,bb1=BB_8873714086 & bb3=BB_5272889191,24,0.7351753115653992,0.9767162203788756,0.5083098411560059,0.5152639746665955,0.4988075792789459,0.2268654704093933,-0.1583911460063245,0.2121191416690079,0.97
zel024_hek293,bb1=BB_4347926671 & bb3=BB_7552836976,24,0.7102352976799011,0.955613613128662,0.2320644408464431,0.2461991906166076,0.159292921423912,0.4781708568334579,-0.1271403683348398,0.2249340926509016,0.99
zel024_hek293,bb1=BB_2686618432 & bb3=BB_0786918661,24,0.5256442427635193,0.9868195056915284,0.1981955468654632,-0.1787153631448745,-0.0667753368616104,0.327448695898056,-0.1666149108577519,0.1966532734972671,1.0
zel024_hek293,bb1=BB_8873714086 & bb3=BB_7153250188,22,0.6851667761802673,0.9835290908813475,0.5461008548736572,0.4658244252204895,0.4096344113349914,0.1390659213066101,-0.1294143712884397,0.2011738005556153,0.92
zel024_hek293,bb2=BB_3472530680 & bb3=BB_9420008587,84,0.2779776751995086,0.9549446105957032,0.217301458120346,0.1081097349524498,0.051784373819828,0.0606762170791626,-0.0427176518201304,0.1647396399544984,0.74
zel024_hek293,bb1=BB_4347926671 & bb3=BB_3389989535,24,0.8080103993415833,0.959847927093506,0.0373563021421432,0.2192688882350921,0.0636570751667022,0.77065409719944,-0.1473618672910561,0.1789831317893526,1.0
zel024_hek293,bb1=BB_4347926671 & bb3=BB_1579169438,24,0.6256211996078491,0.9503929018974304,-0.1470152735710144,-0.0334127806127071,0.0716507583856582,0.7726364731788635,-0.1164061150913767,0.2030663985571385,1.0
zel024_hek293,bb1=BB_4347926671 & bb3=BB_1505273541,24,0.6617715954780579,0.9346818923950196,0.1414447277784347,0.2153306901454925,0.071123793721199,0.5203268676996231,-0.1170763978869945,0.2091330792020764,0.99
zel024_hek293,bb1=BB_4347926671 & bb3=BB_8759755490,24,0.7902330160140991,0.9652904272079468,-0.2985706031322479,0.0132087720558047,0.0787834301590919,1.088803619146347,-0.1356792626867536,0.1867243853601052,1.0
zel024_hek293,bb1=BB_8873714086 & bb3=BB_8031365100,24,0.7140311598777771,0.9776687622070312,0.4375383257865906,0.3134551048278808,0.3142150938510895,0.2764928340911865,-0.1356269154730398,0.1891244995351428,1.0
zel024_hek293,bb1=BB_6601289516 & bb3=BB_9407612552,24,0.6760692596435547,0.9856573939323424,0.6311737895011902,0.5299030542373657,0.4740596413612366,0.0448954701423645,-0.1139461748659232,0.1875003990556347,0.84
zel024_hek293,bb1=BB_8232087379 & bb3=BB_4017357939,24,0.6915401220321655,0.9798271059989928,0.0586859099566936,-0.1623692512512207,-0.168228805065155,0.6328542120754719,-0.15509929855878,0.1926505708732808,1.0
zel024_hek293,bb1=BB_8232087379 & bb3=BB_8031365100,24,0.710195004940033,0.9763258695602416,0.0723251700401306,-0.0206562355160713,-0.0428241714835166,0.6378698348999023,-0.17021240037604,0.2072087453676328,1.0
zel024_hek293,bb2=BB_5290020531 & bb3=BB_7896412862,84,0.3610711097717285,0.9104409217834472,0.1052641943097114,-0.0349740646779537,0.0265270639210939,0.255806915462017,-0.0202641452128227,0.1772356129216012,0.98
zel024_hek293,bb2=BB_3472530680 & bb3=BB_8459495534,84,0.3308410048484802,0.9101865887641908,0.1704134345054626,0.167409062385559,0.0959518179297447,0.1604275703430175,-0.0682128697790904,0.1506646910033876,0.95
zel024_hek293,bb1=BB_2686618432 & bb3=BB_9833957809,24,0.5389540195465088,0.983159363269806,0.1909865885972976,-0.0626063793897628,-0.0405694134533405,0.3479674309492111,-0.157258905210765,0.2056182982819356,1.0
zel024_hek293,bb1=BB_8873714086 & bb3=BB_4017357939,24,0.6135547757148743,0.980987548828125,0.3233901858329773,0.1204972341656684,0.1515574157238006,0.290164589881897,-0.1473142716303118,0.2047140812790635,0.98
zel024_hek293,bb1=BB_2686618432 & bb3=BB_0671730704,23,0.4658437967300415,0.9857248067855836,0.1480724811553955,0.01464026235044,0.0084455730393528,0.317771315574646,-0.104569310744846,0.1818028829797691,0.99
zel024_hek293,bb1=BB_6601289516 & bb3=BB_6048600856,24,0.7240551710128784,0.9773068428039552,0.3569683730602264,0.3911592364311218,0.3033849596977234,0.367086797952652,-0.1492819228634471,0.2208645582856262,0.98
zel024_hek293,bb1=BB_6601289516 & bb3=BB_5345232705,24,0.6107717752456665,0.9776405692100524,0.5086373686790466,0.5200831294059753,0.4610193967819214,0.1021344065666198,-0.1283027914119884,0.2041693053417613,0.91
zel024_hek293,bb1=BB_4347926671 & bb3=BB_0786918661,24,0.5056430101394653,0.9649229049682616,0.4849952757358551,0.0331968516111373,-0.0676199942827224,0.0206477344036102,-0.1433025791042018,0.1855299134556313,0.86
zel024_hek293,bb2=BB_3472530680 & bb3=BB_7896412862,83,0.3465769290924072,0.9097040295600892,0.2252300232648849,0.1421975940465927,0.1520738154649734,0.1213469058275222,-0.0614956870663445,0.1828953909445339,0.83
zel024_hek293,bb1=BB_6601289516 & bb3=BB_1505273541,24,0.4703043401241302,0.97622412443161,0.0830955728888511,0.1109831556677818,0.052877053618431,0.3872087672352791,-0.1285784241184592,0.2178405643831429,0.98
zel024_hek293,bb1=BB_4347926671 & bb3=BB_0665565048,24,0.5009998679161072,0.942643105983734,0.0217728279531002,-0.2396778315305709,0.0458293445408344,0.479227039963007,-0.1187793044414138,0.198851503943357,1.0
zel024_hek293,bb2=BB_3472530680 & bb3=BB_0896893626,84,0.4268879294395447,0.956234097480774,0.3228901922702789,0.3780374228954315,0.1598595082759857,0.1039977371692657,-0.0518830053968588,0.1264156896302784,0.9
zel024_hek293,bb1=BB_2686618432 & bb3=BB_7896412862,24,0.5309926867485046,0.98130202293396,0.3018118143081665,0.1206286624073982,0.0752549469470977,0.2291808724403381,-0.1311784082496888,0.1692590409316717,1.0
zel024_hek293,bb1=BB_8232087379 & bb3=BB_7153250188,23,0.6282883882522583,0.9825483560562134,0.293084979057312,0.0569492913782596,0.0669972971081733,0.3352034091949463,-0.1150255227574962,0.1781469674650695,0.99
zel024_hek293,bb2=BB_5290020531 & bb3=BB_0896893626,84,0.4206916391849518,0.956495761871338,0.329990804195404,0.2096130698919296,0.1876981854438781,0.0907008349895477,-0.0530555834915139,0.1502387223297537,0.78
zel024_hek293,bb2=BB_3472530680 & bb3=BB_9932753009,84,0.2257892191410064,0.9066261649131776,-0.0157537218183279,0.045749869197607,0.0571227520704269,0.2415429409593343,-0.042118095474143,0.1813001117409948,0.96
zel024_hek293,bb1=BB_8873714086 & bb3=BB_5008846823,24,0.7630847096443176,0.979777455329895,0.5421130657196045,0.3328702449798584,0.3610942959785461,0.2209716439247131,-0.1536896710567089,0.1881920457410515,0.97
zel024_hek293,bb1=BB_8873714086 & bb3=BB_3866639127,24,0.7595963478088379,0.9820802211761476,0.5818890929222107,0.5385938882827759,0.5746483206748962,0.1777072548866272,-0.142620509417029,0.1992881412470199,0.96
zel024_hek293,bb2=BB_5290020531 & bb3=BB_9236479542,84,0.4531955122947693,0.9466776251792908,0.5640681982040405,0.1936399340629577,0.0322685502469539,-0.1108726859092712,-0.0805412983169662,0.1608392501336916,0.42
zel024_hek293,bb1=BB_6601289516 & bb3=BB_7082156996,24,0.6768855452537537,0.9807825684547424,0.3363873660564422,0.4602546393871307,0.4317847192287445,0.3404981791973114,-0.117797194776358,0.1774455071023407,0.97
zel024_hek293,bb1=BB_8232087379 & bb3=BB_5008846823,24,0.7331653833389282,0.9786832332611084,0.3158147931098938,0.1192081347107887,0.0965636074542999,0.4173505902290344,-0.1163519393035676,0.187067357628715,1.0
zel024_hek293,bb2=BB_5290020531 & bb3=BB_0662554446,83,0.2658621668815613,0.9227712154388428,0.1200896948575973,-0.0019235807703807,0.0483109205961227,0.1457724720239639,-0.0581452972997067,0.1520210469795876,0.95
zel024_hek293,bb1=BB_8873714086 & bb3=BB_4111522701,24,0.7792680263519287,0.9821476340293884,0.6476626396179199,0.491510272026062,0.4716665744781494,0.1316053867340088,-0.1399298341601388,0.2069464075318053,0.94
zel024_hek293,bb2=BB_3472530680 & bb3=BB_9833957809,84,0.3427736163139343,0.9244643449783324,0.1497950702905655,0.090365745127201,0.0411849990487098,0.1929785460233688,-0.0606970498452778,0.1638896868827073,0.94
zel024_hek293,bb1=BB_6601289516 & bb3=BB_7426840745,24,0.592542827129364,0.9774757027626038,0.4656520187854767,0.5250259637832642,0.5685244798660278,0.1268908083438873,-0.1392022120315232,0.1838339502478803,0.96
zel024_hek293,bb2=BB_5290020531 & bb3=BB_8459495534,84,0.2835747003555298,0.9107887744903564,0.0443028062582016,0.0714672356843948,0.1040896922349929,0.2392718940973281,-0.0419314998601475,0.149305177626973,0.96
zel024_hek293,bb1=BB_6601289516 & bb3=BB_8979142929,24,0.7422336339950562,0.9853593111038208,0.5967580080032349,0.4826902747154236,0.5375607013702393,0.1454756259918213,-0.1485298966870323,0.1879977023396212,0.98
zel024_hek293,bb1=BB_8873714086 & bb3=BB_6860382851,24,0.7695026397705078,0.9783110618591307,0.6681982278823853,0.5386120080947876,0.584490954875946,0.1013044118881225,-0.1414852047519525,0.2007812298585077,0.93
zel024_hek293,bb1=BB_6601289516 & bb3=BB_8759755490,24,0.691521942615509,0.9829220771789552,-0.1435076594352722,0.1093308851122856,0.167971983551979,0.8350296020507812,-0.1483979486284079,0.1940017231684702,1.0
zel024_hek293,bb1=BB_6601289516 & bb3=BB_3389989535,24,0.625857412815094,0.98087477684021,0.0585530325770378,0.1564444303512573,0.0311117433011531,0.5673043802380562,-0.1279057398010513,0.2107167017729877,1.0
zel024_hek293,bb1=BB_2686618432 & bb3=BB_9407612552,24,0.5848014950752258,0.9878299236297609,0.3271728157997131,-0.1182333007454872,-0.0315592512488365,0.2576286792755127,-0.1765059050107083,0.202225021212331,1.0
zel024_hek293,bb1=BB_8232087379 & bb3=BB_1619714190,24,0.5148749947547913,0.9757117629051208,0.3121076226234436,0.2631476819515228,0.1932087689638137,0.2027673721313476,-0.1477596095613262,0.188146153240773,0.97
zel024_hek293,bb2=BB_3472530680 & bb3=BB_5443714227,84,0.2831477224826813,0.9397437572479248,0.4080972671508789,0.1725529730319976,0.066890001296997,-0.1249495446681976,-0.0971493313844257,0.1961194356992642,0.36
zel024_hek293,bb1=BB_8232087379 & bb3=BB_5272889191,24,0.5967907905578613,0.975403368473053,0.3399248123168945,0.2189893275499344,0.1685936450958252,0.2568659782409668,-0.1710572636517463,0.1705860737602842,0.99
zel024_hek293,bb1=BB_6601289516 & bb3=BB_7600457365,24,0.4888530075550079,0.9819469451904296,-0.1083005219697952,0.0440773330628871,0.0529876574873924,0.5971535295248032,-0.135484656106928,0.2053469352239555,1.0
zel024_hek293,bb1=BB_2686618432 & bb3=BB_8459495534,24,0.4893772900104522,0.98165762424469,0.3619451820850372,0.1837278604507446,0.1486958265304565,0.127432107925415,-0.1426714005450048,0.1752205241011616,0.95
zel024_hek293,bb1=BB_2686618432 & bb3=BB_9932753009,24,0.3943514227867126,0.9811931252479552,0.1873932778835296,0.0455420389771461,0.0701274275779724,0.2069581449031829,-0.1561566128893173,0.2117942445442271,0.96
zel024_hek293,bb1=BB_6601289516 & bb3=BB_8090408280,24,0.6515218615531921,0.9816434383392334,0.5128868222236633,0.4445887804031372,0.318349152803421,0.1386350393295288,-0.142921457120392,0.2056330973319598,0.91
zel024_hek293,bb2=BB_5290020531 & bb3=BB_8979142929,84,0.3423158526420593,0.957715392112732,0.3310875296592712,0.080567330121994,-0.091732457280159,0.011228322982788,-0.0493179093429353,0.1428836811612883,0.67
zel024_hek293,bb1=BB_6601289516 & bb3=BB_6235533440,24,0.6260274052619934,0.9805757999420166,0.3177515268325805,0.4790593981742859,0.5185315608978271,0.3082758784294128,-0.1387523568654433,0.2113457602244631,0.99
zel024_hek293,bb1=BB_8873714086 & bb3=BB_2672352977,24,0.768218457698822,0.9767757058143616,0.6910395622253418,0.6411656141281128,0.6251329183578491,0.0771788954734802,-0.1204638026599423,0.2118410220066159,0.85
zel024_hek293,bb2=BB_3472530680 & bb3=BB_1630146909,84,0.2846821844577789,0.949719488620758,0.322988212108612,0.133072018623352,0.006479715462774,-0.0383060276508331,-0.0330042195043643,0.1947767429137369,0.47
zel024_hek293,bb1=BB_2686618432 & bb3=BB_5330967050,24,0.5024455785751343,0.98194020986557,0.3051891624927521,0.103172518312931,0.0498529486358165,0.1972564160823822,-0.1527769572905526,0.2055357523856965,0.95
zel024_hek293,bb1=BB_4347926671 & bb3=BB_8066226507,24,0.6346353888511658,0.9351900815963744,0.3068016469478607,0.4375666081905365,0.3019987046718597,0.327833741903305,-0.158219104674572,0.2034651845313805,0.99
zel024_hek293,bb1=BB_2686618432 & bb3=BB_9420008587,24,0.4438962936401367,0.9869449138641356,0.3049171566963196,0.1176992580294609,0.0415229052305221,0.1389791369438171,-0.1692394221352879,0.2080519821424933,0.94
zel024_hek293,bb1=BB_4347926671 & bb3=BB_5798078569,24,0.6767992973327637,0.9493483304977416,-0.494211882352829,-0.0658386647701263,-0.1233497262001037,1.1710111796855929,-0.1163343345967587,0.202778936827133,1.0
zel024_hek293,bb1=BB_8873714086 & bb3=BB_9760256516,24,0.8143574595451355,0.9771190285682678,0.6828551292419434,0.6508470773696899,0.6190361976623535,0.1315023303031921,-0.147016003949102,0.1946047143653368,0.96
zel024_hek293,bb1=BB_4347926671 & bb3=BB_1483345899,24,0.7275729179382324,0.9633266925811768,0.5788538455963135,0.3550350666046142,0.4309914112091064,0.1487190723419189,-0.1265585961353463,0.2029086922815836,0.93
zel024_hek293,bb2=BB_5290020531 & bb3=BB_0671730704,83,0.2864324450492859,0.9412906765937804,-0.0689384341239929,-0.0861891731619834,-0.0873148068785667,0.3553708791732788,-0.0683074202791613,0.1694175283192331,0.99
zel024_hek293,bb1=BB_6601289516 & bb3=BB_5798078569,24,0.6103977560997009,0.9788448810577391,-0.0492311269044876,0.0205687005072832,0.0155242700129747,0.6596288830041885,-0.1390942842373624,0.2016877595709124,1.0
zel024_hek293,bb1=BB_8232087379 & bb3=BB_9543364413,24,0.7673461437225342,0.9839019775390624,0.2550514936447143,0.0538117587566375,-0.0793289840221405,0.5122946500778198,-0.1149396574299316,0.1800547882536942,1.0
zel024_hek293,bb1=BB_4347926671 & bb3=BB_0671730704,24,0.6730163097381592,0.962123692035675,0.1264011412858963,0.1544007360935211,0.2677786648273468,0.5466151684522629,-0.1505937638750765,0.1990448756546013,1.0
zel024_hek293,bb1=BB_6474669253 & bb3=BB_6235533440,24,0.4262364506721496,0.9838679432868958,0.1694707870483398,0.1050607860088348,0.1235003173351287,0.2567656636238098,-0.1224332127699744,0.1871736293218533,0.97
zel024_hek293,bb1=BB_4347926671 & bb3=BB_1708320181,24,0.7367324829101562,0.9428859353065492,0.2503662407398224,0.1708703190088272,0.180076777935028,0.4863662421703338,-0.1436061989856352,0.1945276175721887,1.0
zel024_hek293,bb2=BB_3472530680 & bb3=BB_1483345899,84,0.2405243068933487,0.9398470520973206,0.4077540934085846,0.0825278311967849,0.0049341628327965,-0.1672297865152359,-0.0670365609513282,0.1860874099523098,0.25
zel024_hek293,bb1=BB_8873714086 & bb3=BB_9543364413,24,0.7574527859687805,0.9847845435142516,0.4695329964160919,0.1888275146484375,0.1433543413877487,0.2879197895526886,-0.1373723279754631,0.1781583001872712,1.0
zel024_hek293,bb1=BB_8873714086 & bb3=BB_4464134601,24,0.8209118247032166,0.9764325618743896,0.5694442391395569,0.5038770437240601,0.4614338278770447,0.2514675855636596,-0.1585602647690029,0.1998668278801585,0.99
zel024_hek293,bb0=BB_0078506578 & bb3=BB_8459495534,14,0.2868139445781708,0.9096176028251648,0.1286720931529998,0.054448626935482,0.0786695703864097,0.1581418514251709,-0.1297617183648253,0.1873997793589937,0.93
zel024_hek293,bb1=BB_4347926671 & bb3=BB_9833957809,24,0.7904748916625977,0.9506229758262634,0.254306823015213,0.2763794362545013,0.3723931908607483,0.5361680686473846,-0.1357734443081426,0.2075732293936535,1.0
zel024_hek293,bb1=BB_8232087379 & bb3=BB_4111522701,24,0.6680490374565125,0.9809864163398744,0.5155772566795349,0.2484844624996185,0.1924446374177932,0.1524717807769775,-0.1488213694180012,0.1973052684437335,0.95
zel024_hek293,bb1=BB_6474669253 & bb3=BB_8090408280,24,0.4444539546966553,0.9845045804977416,0.2007825076580047,0.0651368647813797,0.0706558004021644,0.2436714470386505,-0.1395003357981477,0.2002761036712635,0.99
zel024_hek293,bb1=BB_8873714086 & bb3=BB_8380388218,24,0.8257342576980591,0.9847381114959716,0.5073451399803162,0.2675037682056427,0.4607889950275421,0.3183891177177429,-0.1487083028812048,0.1886065465612666,1.0
zel024_hek293,bb1=BB_2686618432 & bb3=BB_5443714227,24,0.4965052306652069,0.98538738489151,0.4211409091949463,-0.0386853590607643,-0.0319630689918994,0.0753643214702606,-0.1484683576595853,0.1704756925473595,0.91
zel024_hek293,bb2=BB_3472530680 & bb3=BB_8066226507,84,0.252602070569992,0.9144306182861328,0.1636429578065872,0.1201223284006118,0.1002157330513,0.0889591127634048,-0.0804914834925148,0.1788064364035871,0.83
zel024_hek293,bb2=BB_3472530680 & bb3=BB_9236479542,84,0.3711031377315521,0.9460696578025818,0.5872668027877808,0.1377387940883636,-0.0314828418195247,-0.2161636650562286,-0.0682233901406653,0.148090099284154,0.13
zel024_hek293,bb0=BB_0078506578 & bb3=BB_8066226507,14,0.3927438855171203,0.9148458242416382,0.2049809098243713,0.1848411411046981,0.1866727769374847,0.187762975692749,-0.139798117433711,0.2367240234807738,0.94
zel024_hek293,bb2=BB_5290020531 & bb3=BB_1483345899,84,0.2955908477306366,0.940371572971344,0.2786684334278106,0.2891045212745666,0.1018506810069084,0.0169224143028259,-0.0351910722406682,0.1459572664896464,0.64
zel024_hek293,bb1=BB_2686618432 & bb3=BB_0178192231,24,0.6338977813720703,0.9845225214958192,0.4026259481906891,-0.0017515873769298,0.1342266350984573,0.2312718331813812,-0.1485394481208641,0.205950516724947,0.97
zel024_hek293,bb1=BB_4347926671 & bb3=BB_7896412862,24,0.7329563498497009,0.9415358304977416,-0.0083561576902866,0.2512368261814117,0.2841340005397796,0.7413125075399876,-0.112602720169234,0.1934693433285542,1.0
zel024_hek293,bb1=BB_9483475878 & bb3=BB_6235533440,24,0.4075635075569153,0.980601966381073,0.0237365644425153,0.0694527998566627,0.0721107721328735,0.3838269431143999,-0.1661940957856131,0.2023516022650653,1.0
zel024_hek293,bb1=BB_6474669253 & bb3=BB_4417860298,24,0.4397183954715729,0.9840410947799684,0.3189541399478912,0.0792079120874404,0.0849336236715316,0.1207642555236816,-0.1660375774349086,0.1927159515368739,0.93
zel024_hek293,bb1=BB_8873714086 & bb3=BB_2459734371,24,0.8089628219604492,0.9833123087882996,0.6171143054962158,0.5750760436058044,0.5695751309394836,0.1918485164642334,-0.1087414843658916,0.1843166378415416,0.95
zel024_hek293,bb2=BB_3472530680 & bb3=BB_0173485578,84,0.2142596244812011,0.9576663374900818,0.4194214344024658,0.116638533771038,0.0021204384975135,-0.2051618099212646,-0.0727390554669546,0.1441342734892049,0.17
zel024_hek293,bb2=BB_5290020531 & bb3=BB_7633953407,84,0.4329968690872192,0.9334512948989868,0.5027361512184143,0.2335848659276962,0.0541073083877563,-0.069739282131195,-0.0993641218273114,0.1641830366372921,0.51
zel024_hek293,bb1=BB_2686618432 & bb3=BB_7633953407,24,0.5534226894378662,0.9842084646224976,0.3036566972732544,-0.0788708105683326,-0.0797778069972992,0.2497659921646118,-0.1571630452532554,0.1917744975258607,0.98
zel024_hek293,bb2=BB_5290020531 & bb3=BB_8090408280,84,0.2809795439243316,0.9338874220848083,0.2764784097671509,0.1156534776091575,0.0456136055290699,0.0045011341571807,-0.0384889457441749,0.1488694267168612,0.57
zel024_hek293,bb1=BB_2686618432 & bb3=BB_1235396373,24,0.6363825798034668,0.9848869442939758,0.3435338735580444,0.1985502392053604,0.1133696585893631,0.2928487062454223,-0.1654047881593578,0.2068781634520458,0.97
zel024_hek293,bb0=BB_0078506578 & bb3=BB_9932753009,14,0.3887911438941955,0.9103641510009766,0.1839625388383865,0.1177809834480285,0.0955820679664611,0.204828605055809,-0.1163516428184811,0.2130186437465786,0.93
zel024_hek293,bb1=BB_4347926671 & bb3=BB_6210856258,24,0.7785123586654663,0.9604203701019288,-0.1001664921641349,-0.0621145293116569,-0.2189582884311676,0.8786788508296013,-0.139092275864823,0.209772964963505,1.0
zel024_hek293,bb1=BB_4347926671 & bb3=BB_0662554446,24,0.5521705746650696,0.9395413398742676,0.1509015411138534,0.3204480111598968,0.3049999475479126,0.4012690335512161,-0.1489047506752831,0.1993544912903071,1.0
zel024_hek293,bb1=BB_4347926671 & bb3=BB_9932753009,24,0.7071920037269592,0.9365883469581604,0.3654503524303436,0.2274971753358841,0.2909096181392669,0.3417416512966156,-0.1704885919457592,0.2030833883523882,0.99
zel024_hek293,bb1=BB_4347926671 & bb3=BB_0896893626,24,0.7551428079605103,0.9687767624855042,0.4103909432888031,0.12688709795475,0.0003847964690066,0.3447518646717071,-0.1723796241072705,0.1980064987784236,1.0
zel024_hek293,bb1=BB_4347926671 & bb3=BB_5443714227,24,0.7727400064468384,0.9637522101402284,0.2134259790182113,0.1359654068946838,0.3714862167835235,0.559314027428627,-0.1347658663651964,0.20398139278776,1.0
zel024_hek293,bb1=BB_4347926671 & bb3=BB_9420008587,24,0.7110933661460876,0.9663190841674804,0.655293345451355,0.4674386978149414,0.2435058802366256,0.0558000206947326,-0.1138806857151212,0.1986225154429032,0.82
zel024_hek293,bb1=BB_4347926671 & bb3=BB_9236479542,24,0.8153188824653625,0.9714136719703674,0.4400425851345062,0.4087547659873962,0.3451529443264007,0.3752762973308563,-0.160793933821842,0.1790915163386395,1.0
zel024_hek293,bb1=BB_4347926671 & bb3=BB_5330967050,24,0.6559940576553345,0.9460340738296508,0.2564387023448944,0.2891407310962677,0.3322742283344269,0.39955535531044,-0.1181218312733108,0.1704942569630868,1.0
zel024_hek293,bb1=BB_4347926671 & bb3=BB_4281749019,24,0.7181122303009033,0.93656587600708,0.0252281613647937,0.2465537637472152,0.0193650368601083,0.6928840689361095,-0.1395420126810495,0.2159900579087933,1.0
zel024_hek293,bb1=BB_4347926671 & bb3=BB_0173485578,24,0.7554517984390259,0.9745184779167176,0.6340492963790894,0.4840503633022308,0.303017109632492,0.1214025020599365,-0.134450509660528,0.1858326092253536,0.93
zel024_hek293,bb1=BB_2686618432 & bb3=BB_0896893626,24,0.6130985021591187,0.9874141812324524,0.4445481896400451,0.1064567640423774,0.0532617755234241,0.1685503125190735,-0.1093053105950821,0.2167612331212087,0.89
zel024_hek293,bb1=BB_4347926671 & bb3=BB_7633953407,24,0.8274367451667786,0.9571384787559508,0.4339885711669922,0.3065908849239349,0.3705903589725494,0.3934481739997864,-0.1616312310844659,0.1991917708790696,1.0
zel024_hek293,bb1=BB_4347926671 & bb3=BB_1630146909,24,0.7628759741783142,0.9678043723106384,0.5425201654434204,0.4873136281967163,0.223914697766304,0.2203558087348938,-0.1490521960821934,0.23042852017288,0.97
zel024_hek293,bb1=BB_4347926671 & bb3=BB_3497641765,24,0.7923417091369629,0.9354837536811828,-0.047111514955759,0.2546199262142181,0.1752980947494506,0.8394532240927219,-0.1794461891302489,0.1983936217563002,1.0
zel024_hek293,bb1=BB_4347926671 & bb3=BB_9683205717,24,0.7951624393463135,0.9409946203231812,-0.4540674984455108,0.0817966386675834,-0.1140667721629142,1.2492299377918243,-0.1297612370009301,0.1949719734215241,1.0
zel024_hek293,bb1=BB_4347926671 & bb3=BB_8459495534,24,0.6185234189033508,0.9375080466270448,0.3324624598026275,0.4533799886703491,0.4306318163871765,0.2860609591007232,-0.139156647217751,0.2093052745380706,0.98
zel024_hek293,bb1=BB_4347926671 & bb3=BB_3609802542,24,0.7843924164772034,0.9489002823829652,-0.2421783506870269,-0.012397420592606,-0.0307700596749782,1.0265707671642303,-0.1496378016745438,0.1978673768877977,1.0
zel024_hek293,bb1=BB_4347926671 & bb3=BB_9701956839,24,0.834344744682312,0.942555606365204,0.8057893514633179,0.3797981739044189,0.3295042514801025,0.0285553932189941,-0.1514983785751974,0.1949060788589008,0.83
zel024_hek293,bb1=BB_4347926671 & bb3=BB_8676145020,24,0.8241468667984009,0.9391734004020692,0.3132960200309753,0.201792910695076,0.2918590903282165,0.5108508467674255,-0.1354238577937212,0.2041633216244773,1.0
zel024_hek293,bb1=BB_4347926671 & bb3=BB_9049784573,24,0.7892597317695618,0.9367616176605223,0.0814708992838859,0.2761000394821167,0.2958276271820068,0.7077888324856758,-0.1328321761082043,0.1950740176551618,1.0
zel024_hek293,bb1=BB_4347926671 & bb3=BB_3027049330,24,0.8476564884185791,0.9439945220947266,0.1894204467535019,0.2805059254169464,0.3372349143028259,0.6582360416650772,-0.1272776735009392,0.172605463838484,1.0
zel024_hek293,bb0=BB_0078506578 & bb3=BB_0896893626,14,0.5451031923294067,0.9594862461090088,0.2459293603897094,0.3850244581699371,0.2605102658271789,0.2991738319396972,-0.1195964415278285,0.2031363246397262,0.98
zel024_hek293,bb1=BB_6601289516 & bb3=BB_0896893626,24,0.848537802696228,0.9849986433982848,0.6910427808761597,0.6747099161148071,0.5207783579826355,0.1574950218200683,-0.1320427819443284,0.1887767895498483,0.95
zel024_hek293,bb1=BB_4347926671 & bb3=BB_9760256516,24,0.8853427171707153,0.9352998733520508,-0.0901938751339912,0.2829587459564209,0.3271997570991516,0.9755365923047066,-0.1674603501333331,0.1954239378711711,1.0
zel024_hek293,bb1=BB_4347926671 & bb3=BB_9052671522,24,0.7682279348373413,0.9344160556793212,0.3886111974716186,0.4233081936836242,0.3978763222694397,0.3796167373657226,-0.1074210033549752,0.2095700192749509,0.99
zel024_hek293,bb1=BB_4347926671 & bb3=BB_8380388218,24,0.8891613483428955,0.9653099179267884,0.679914116859436,0.5985112190246582,0.4904477000236511,0.2092472314834594,-0.112460331490729,0.186128371516096,0.97
zel024_hek293,bb1=BB_4347926671 & bb3=BB_2459734371,24,0.8696808218955994,0.9612289667129515,0.6558009386062622,0.6529053449630737,0.4879752695560455,0.2138798832893371,-0.1569168703311152,0.1885296723884073,0.99
zel024_hek293,bb1=BB_4347926671 & bb3=BB_2672352977,24,0.869625449180603,0.9364864230155944,0.7111207842826843,0.4211286902427673,0.3735463321208954,0.1585046648979187,-0.1110530608006229,0.1909729292409401,0.96
zel024_hek293,bb1=BB_4347926671 & bb3=BB_4464134601,24,0.9034146070480348,0.9395985007286072,0.6819286942481995,0.3426608145236969,0.4575066566467285,0.2214859127998352,-0.160318190777325,0.173554109448398,0.99
zel024_hek293,bb1=BB_4347926671 & bb3=BB_3866639127,24,0.8892854452133179,0.9572548270225524,0.6296756267547607,0.4333568513393402,0.2595177888870239,0.2596098184585571,-0.1667537220404483,0.2008373696249502,0.99
zel024_hek293,bb1=BB_4347926671 & bb3=BB_6860382851,24,0.8820623755455017,0.9420228004455566,0.67176353931427,0.4323396682739258,0.2184591889381408,0.2102988362312317,-0.1503689698904054,0.1944195280208482,0.98
zel024_hek293,bb1=BB_4347926671 & bb3=BB_4111522701,24,0.9050203561782836,0.9585123658180236,0.6135026812553406,0.4331450760364532,0.5348497629165649,0.2915176749229431,-0.1715769006279879,0.2127570485252008,0.99
zel024_hek293,bb0=BB_0078506578 & bb1=BB_4347926671,165,0.4821568131446838,0.8834301233291626,0.3381722271442413,0.3472160696983337,0.3796786367893219,0.1439845860004425,-0.0297168952496576,0.15756099337387,0.85
zel024_hek293,bb1=BB_6474669253 & bb3=BB_0896893626,24,0.7166460752487183,0.98739892244339,0.4795275628566742,0.3577771484851837,0.4114129245281219,0.237118512392044,-0.1238647358931484,0.1995101143074941,0.96
zel024_hek293,bb0=BB_7258043180 & bb3=BB_0896893626,14,0.4960309863090515,0.9644582271575928,0.3694194555282593,0.3066475689411163,0.1755701899528503,0.1266115307807922,-0.1426530358800664,0.2130455591092933,0.92
zel024_hek293,bb1=BB_4347926671 & bb3=BB_1619714190,24,0.9016120433807372,0.9408015608787536,0.5522682070732117,0.4423069059848785,0.3941814303398132,0.3493438363075256,-0.1873757817519072,0.2016992518703004,0.99
zel024_hek293,bb1=BB_9483475878 & bb3=BB_0896893626,24,0.6885243654251099,0.9850685000419616,0.3879494965076446,0.524262011051178,0.3423120677471161,0.3005748689174652,-0.1473941922979429,0.2138805542682579,0.99
zel024_hek293,bb1=BB_4347926671 & bb3=BB_5272889191,24,0.9050937294960022,0.939412236213684,0.5137048959732056,0.4863199293613434,0.3917542994022369,0.3913888335227966,-0.1229491238540504,0.1642397924684013,1.0
zel024_hek293,bb0=BB_8772701107 & bb3=BB_0896893626,14,0.4604422748088836,0.9644063711166382,0.4572520852088928,0.3889926970005035,0.1944795250892639,0.0031901895999908,-0.0946694381808629,0.2001859877205557,0.72
zel024_hek293,bb1=BB_4347926671 & bb3=BB_7153250188,24,0.9267950057983398,0.9660120606422424,0.2502906024456024,0.1328103095293045,0.1746339350938797,0.6765044033527374,-0.1786744775692932,0.1956583806859866,1.0
zel024_hek293,bb0=BB_0326377388 & bb3=BB_0896893626,14,0.4171852767467499,0.9629387259483336,0.3722120523452759,0.4210067093372345,0.24497751891613,0.044973224401474,-0.0858364212064771,0.2131076099662429,0.76
zel024_hek293,bb1=BB_4347926671 & bb3=BB_4196815390,24,0.8631487488746643,0.9612552523612976,-0.0650640428066253,-0.3053680658340454,0.165339782834053,0.9282127916812896,-0.1174614585136805,0.2083584937201449,1.0
zel024_hek293,bb1=BB_4347926671 & bb3=BB_5008846823,24,0.9313976168632508,0.9563618302345276,0.3210717141628265,0.4192264974117279,0.5174127817153931,0.6103259027004242,-0.204112462956109,0.2329147989819859,1.0
zel024_hek293,bb1=BB_4347926671 & bb3=BB_8031365100,24,0.941294014453888,0.944523811340332,0.3480100929737091,0.2701618075370788,0.2141110002994537,0.5932839214801788,-0.1630180486317113,0.2264560451316669,1.0
zel024_hek293,bb1=BB_4347926671 & bb3=BB_5543109086,24,0.9336825609207152,0.963607370853424,0.6758081912994385,0.1602414101362228,0.2411121129989624,0.2578743696212768,-0.1673085455340333,0.2137786059676443,0.98
zel024_hek293,bb1=BB_4347926671 & bb3=BB_0972548426,24,0.9340687394142152,0.9523409605026244,0.5265988707542419,0.3556061685085296,0.4497576355934143,0.4074698686599731,-0.1118560317020455,0.1858587042840393,1.0
zel024_hek293,bb1=BB_8873714086 & bb3=BB_0896893626,24,0.926274597644806,0.986015558242798,0.8514842987060547,0.3634926676750183,0.438634842634201,0.0747902989387512,-0.1504013865817978,0.1948633169039705,0.93
zel024_hek293,bb0=BB_4186593764 & bb3=BB_0896893626,14,0.4341063797473907,0.956795573234558,0.3296104371547699,0.3300514221191406,0.2471123486757278,0.1044959425926208,-0.1053552183537613,0.2116843212111846,0.85
zel024_hek293,bb0=BB_1174006333 & bb1=BB_4347926671,166,0.4052382707595825,0.882906436920166,0.5133125185966492,0.1878233104944229,0.1680737733840942,-0.1080742478370666,-0.0317159160797382,0.1768286837839504,0.32
zel024_hek293,bb1=BB_8232087379 & bb3=BB_0896893626,24,0.8364964127540588,0.9851766228675842,0.7906221151351929,0.1983859837055206,0.2607240676879883,0.0458742976188659,-0.1922299590645411,0.1908489670263475,0.93
zel024_hek293,bb1=BB_4347926671 & bb3=BB_8391505475,24,0.9385327100753784,0.95718514919281,0.2245060801506042,0.474340558052063,0.3374431729316711,0.7140266299247742,-0.1123419455978728,0.2105665368858157,1.0
zel024_hek293,bb1=BB_4347926671 & bb3=BB_9543364413,24,0.9520828723907472,0.9669014811515808,0.5201923847198486,0.4737054705619812,0.1362068504095077,0.4318904876708984,-0.1499207150498568,0.1943061100261439,1.0
zel024_hek293,bb1=BB_4347926671 & bb3=BB_4017357939,24,0.956786572933197,0.960021197795868,0.0180620625615119,0.3321156203746795,0.3491779267787933,0.938724510371685,-0.1012342729377269,0.1731989039986255,1.0
zel024_hek293,bb0=BB_1174006333 & bb3=BB_0896893626,14,0.663359522819519,0.9592527747154236,0.2742659747600555,0.3049611151218414,0.2499154359102249,0.3890935480594635,-0.1300015159754548,0.2265617282965469,1.0
zel024_hek293,bb0=BB_1008886218 & bb1=BB_4347926671,166,0.3087817132472992,0.8860162496566772,0.4259779751300812,0.3391507863998413,0.2879509627819061,-0.1171962618827819,-0.0661327914511275,0.1653340444196778,0.39
zel024_hek293,bb0=BB_0175183327 & bb3=BB_0896893626,14,0.4835080206394195,0.9642508625984192,0.4982572793960571,0.4299528002738952,0.1411567479372024,-0.0147492587566375,-0.1275012817166862,0.2126299194901582,0.73
zel024_hek293,bb1=BB_4347926671 & bb3=BB_9434530945,24,0.94443678855896,0.93784099817276,0.5847324728965759,0.4337343871593475,0.346316933631897,0.359704315662384,-0.1467376418621279,0.1877586219835929,1.0
zel024_hek293,bb0=BB_3511951537 & bb3=BB_0896893626,14,0.4570006430149078,0.9643263816833496,0.4883268475532532,0.4155356884002685,0.1398409307003021,-0.0313262045383453,-0.0886130350638632,0.2010820261688209,0.62
zel024_hek293,bb0=BB_1008886218 & bb3=BB_0896893626,14,0.5676527619361877,0.9567727446556092,0.3715606033802032,0.278394341468811,0.2206513434648513,0.1960921585559845,-0.1484272261560545,0.1994325112609661,0.96
zel024_hek293,bb0=BB_2046017352 & bb3=BB_0896893626,14,0.4389030039310455,0.9662840962409972,0.4301854372024536,0.3368099927902221,0.1876370310783386,0.0087175667285919,-0.1132106884283712,0.2077453809836393,0.73
zel024_hek293,bb0=BB_4186593764 & bb1=BB_4347926671,166,0.4128859937191009,0.8859120011329651,0.1928786337375641,0.3138589560985565,0.4145983755588531,0.2200073599815368,-0.0309682240837719,0.1420106448489306,0.97
zel024_hek293,bb0=BB_7258043180 & bb1=BB_4347926671,166,0.5113967061042786,0.9030770659446716,0.1555465161800384,0.4050047695636749,0.5053450465202332,0.3558501899242401,-0.0469820878191603,0.1468052111447937,1.0
zel024_hek293,bb1=BB_4347926671 & bb3=BB_9507842734,24,0.9698253273963928,0.9690078496932985,0.8072191476821899,0.2077397555112838,0.300450712442398,0.1626061797142028,-0.1503038858511718,0.2016579221353311,0.97
zel024_hek293,bb1=BB_4347926671 & bb3=BB_7055283758,24,0.9694468379020692,0.9456498622894288,0.185468316078186,0.2573473453521728,0.3660681545734405,0.7839785218238831,-0.1393162456393474,0.2116405989324501,1.0
zel024_hek293,bb0=BB_0326377388 & bb1=BB_4347926671,166,0.1608968526124954,0.8981389999389648,0.4286085367202759,0.3957454264163971,0.3736871778964996,-0.2677116841077804,-0.0670635819002927,0.1649477993349078,0.14
zel024_hek293,bb0=BB_7372899989 & bb3=BB_0896893626,14,0.5056935548782349,0.9657867550849916,0.4994306266307831,0.2969013154506683,0.2038872689008712,0.0062629282474517,-0.1350057803769596,0.2303663144734727,0.8
zel024_hek293,bb0=BB_4932061249 & bb3=BB_0896893626,14,0.5009855628013611,0.9662614464759828,0.4115404188632965,0.319873034954071,0.1763931512832641,0.0894451439380645,-0.1274424146750243,0.1803869348421568,0.9
zel024_hek293,bb0=BB_3511951537 & bb1=BB_4347926671,166,0.3141558766365051,0.9000453352928162,0.4381594061851501,0.5028811097145081,0.3861092031002044,-0.124003529548645,-0.024342207247937,0.1502085702761751,0.26
zel024_hek293,bb0=BB_2046017352 & bb1=BB_4347926671,166,0.3769536316394806,0.9010538458824158,0.5527381300926208,0.5826547741889954,0.4815200865268707,-0.1757844984531402,-0.0737042127513086,0.1605201115322485,0.25
zel024_hek293,bb1=BB_4347926671 & bb3=BB_7431615886,23,0.9808208346366882,0.9688066840171814,0.2707706391811371,0.2978535294532776,0.3156968057155609,0.7100501954555511,-0.1038441518554464,0.1758001782820517,1.0
zel024_hek293,bb1=BB_4347926671 & bb3=BB_1193003673,24,0.9827098846435548,0.9660035371780396,0.7375742197036743,0.3015938103199005,0.2180523872375488,0.2451356649398803,-0.1509789763718436,0.1975631818258685,0.99
zel024_hek293,bb0=BB_0175183327 & bb1=BB_4347926671,166,0.3144772052764892,0.9000206589698792,0.4099903106689453,0.5042977333068848,0.3732378184795379,-0.095513105392456,-0.0615915863487134,0.1650058122584543,0.47
zel024_hek293,bb0=BB_4932061249 & bb1=BB_4347926671,166,0.4550888538360595,0.9010764360427856,0.4673267304897308,0.5370187163352966,0.4325749576091766,-0.0122378766536712,-0.0457704118603942,0.1607698439692643,0.59
zel024_hek293,bb0=BB_7372899989 & bb1=BB_4347926671,166,0.4543581306934356,0.9049657583236694,0.2587829828262329,0.3752588927745819,0.3811022937297821,0.1955751478672027,-0.0293276302635604,0.16584589709035,0.91
zel024_hek293,bb0=BB_8772701107 & bb1=BB_4347926671,166,0.1726177781820297,0.9031296968460084,0.5608909130096436,0.5391873717308044,0.4966570138931274,-0.3882731348276138,-0.0370869226730064,0.1656962432646237,0.0
zel039_aec7,bb0=BB_2085420374 & bb1=BB_5422857344,52,0.6012831330299377,0.9738649725914,0.4859495162963867,0.3522105515003204,0.3296349644660949,0.115333616733551,0.5462473925742961,0.1487600268140135,0.02
zel039_aec7,bb0=BB_8506073726 & bb1=BB_5422857344,51,0.5520176291465759,0.9746538996696472,0.4667598009109497,0.4099370539188385,0.4156371355056762,0.0852578282356262,0.503530802176956,0.1738902808178064,0.03
zel039_aec7,bb0=BB_2371372935 & bb1=BB_5573240869,53,0.3997562527656555,0.9762515425682068,0.5355961322784424,0.3602879345417022,0.300728440284729,-0.1358398795127868,0.5373751348038058,0.1278463416516182,0.0
zel039_aec7,bb0=BB_2371372935 & bb1=BB_7747778414,53,0.3643427789211273,0.9724510908126832,0.2274741977453231,0.1313245445489883,0.1400721967220306,0.1368685811758041,0.5059314127944526,0.1804552507741232,0.04
zel039_aec7,bb0=BB_2085420374 & bb1=BB_7747778414,52,0.582129716873169,0.9733603000640868,0.5649869441986084,0.5134075284004211,0.4439930319786072,0.0171427726745605,0.5399029729792619,0.1365753933251721,0.01
zel039_aec7,bb0=BB_8506073726 & bb1=BB_7747778414,52,0.4184713959693908,0.9725677967071532,0.4074949622154236,0.2618668675422668,0.1949911266565323,0.0109764337539672,0.5373271219944581,0.1471339459528841,0.0
zel039_aec7,bb0=BB_2371372935 & bb1=BB_5540590266,51,0.7152543663978577,0.9698251485824584,0.4184291362762451,0.1734119206666946,0.1238659024238586,0.2968252301216125,0.5358382692243322,0.1357239460172863,0.02
zel039_aec7,bb0=BB_6699958170 & bb1=BB_5573240869,53,0.4758349061012268,0.9723970293998718,0.5208021402359009,0.3979296386241913,0.3132051825523376,-0.044967234134674,0.5080131358256722,0.1839248759652455,0.02
zel039_aec7,bb0=BB_0302650651 & bb1=BB_5573240869,53,0.4563766121864319,0.9749248027801514,0.553835928440094,0.3718308508396148,0.2292272746562957,-0.0974593162536621,0.521308504089684,0.1400232433261701,0.0
zel039_aec7,bb0=BB_0302650651 & bb1=BB_7747778414,53,0.4504138529300689,0.9706707000732422,0.3076010942459106,0.1973295211791992,0.1272473484277725,0.1428127586841583,0.5249855201113678,0.1643348298810155,0.02
zel039_aec7,bb0=BB_0302650651 & bb1=BB_7369022202,51,0.4279099106788635,0.9736849069595336,0.5784629583358765,0.3965556621551513,0.261696308851242,-0.1505530476570129,0.5215158231883834,0.146102735510697,0.01
zel039_aec7,bb0=BB_2371372935 & bb1=BB_7369022202,53,0.3902742564678192,0.9751929044723512,0.6063573360443115,0.4446896612644195,0.3194144666194916,-0.2160830795764923,0.5272162663878407,0.1483873856104061,0.0
zel039_aec7,bb0=BB_0302650651 & bb1=BB_8778542709,50,0.5477114915847778,0.9735939502716064,0.595883846282959,0.5246361494064331,0.2431656122207641,-0.0481723546981811,0.4983318281397805,0.1587288576046737,0.01
zel039_aec7,bb0=BB_2371372935 & bb1=BB_5422857344,52,0.4315011501312256,0.9743008017539978,0.4502222836017608,0.3761259317398071,0.4105444848537445,-0.0187211334705352,0.5306712030879862,0.1454544958466321,0.0
zel039_aec7,bb0=BB_0302650651 & bb1=BB_2552014008,51,0.6250936388969421,0.9703722596168518,0.5263417363166809,0.5081889033317566,0.4495741724967956,0.0987519025802612,0.5043134850438219,0.1692925977608733,0.03
zel039_aec7,bb0=BB_2085420374 & bb1=BB_5573240869,53,0.6806414127349854,0.9756201505661012,0.6576246619224548,0.6248021125793457,0.5226466655731201,0.0230167508125305,0.512318041860999,0.1491144056112573,0.02
zel039_aec7,bb0=BB_6699958170 & bb1=BB_7747778414,53,0.4841595590114593,0.9677518010139464,0.2588956952095032,0.1453708112239837,0.1344199180603027,0.2252638638019561,0.5105196207285917,0.1807869828097049,0.04
zel039_aec7,bb0=BB_0302650651 & bb1=BB_5853818500,53,0.467614084482193,0.9672155976295472,0.5698086023330688,0.3411933183670044,0.2903164029121399,-0.1021945178508758,0.5247732014257054,0.165038784862327,0.01
zel039_aec7,bb0=BB_0302650651 & bb1=BB_2585216724,53,0.6390037536621094,0.9718177914619446,0.5552651882171631,0.533147394657135,0.4635100662708282,0.0837385654449462,0.513149966232595,0.161964110269447,0.04
zel039_aec7,bb0=BB_2371372935 & bb1=BB_9390216993,51,0.7138829827308655,0.9728659391403198,0.4868165552616119,0.4958359897136688,0.3422338366508484,0.2270664274692535,0.5095517994943657,0.1980765805087264,0.04
zel039_aec7,bb0=BB_2371372935 & bb1=BB_2552014008,52,0.6131008863449097,0.9716801643371582,0.4906760454177856,0.4855885803699493,0.4563698768615722,0.122424840927124,0.5399547394565161,0.1432502814557374,0.03
zel039_aec7,bb0=BB_6699958170 & bb1=BB_7369022202,53,0.3919869661331177,0.971088707447052,0.511955976486206,0.4265535473823547,0.3244437277317047,-0.1199690103530883,0.5081586459505343,0.1917699213362783,0.02
zel039_aec7,bb0=BB_2371372935 & bb1=BB_8778542709,51,0.5826782584190369,0.9756495356559752,0.6128808856010437,0.4891664087772369,0.2763818800449371,-0.0302026271820068,0.469494929382563,0.1985641050192776,0.03
zel039_aec7,bb0=BB_2371372935 & bb1=BB_2927121314,52,0.6989277601242065,0.9771100878715516,0.5266630053520203,0.5226384401321411,0.4230149388313293,0.1722647547721862,0.5197160002798773,0.2003805047477776,0.05
zel039_aec7,bb0=BB_6699958170 & bb1=BB_8778542709,53,0.5033489465713501,0.970956027507782,0.535953164100647,0.4646347165107727,0.3323821425437927,-0.0326042175292968,0.5402252260514433,0.1517539167314475,0.01
zel039_aec7,bb0=BB_6699958170 & bb1=BB_5853818500,53,0.4104540646076202,0.9640105366706848,0.4866394698619842,0.305547684431076,0.2976853847503662,-0.076185405254364,0.5227494530474359,0.1769958935031583,0.01
zel039_aec7,bb0=BB_2371372935 & bb1=BB_5853818500,53,0.4431596994400024,0.96881765127182,0.5503160953521729,0.2985498011112213,0.3224856555461883,-0.1071563959121704,0.5360842704157404,0.1225569784066343,0.0
zel039_aec7,bb0=BB_0302650651 & bb1=BB_9390216993,51,0.6891660690307617,0.9710137248039246,0.4547426998615265,0.5002129077911377,0.328117161989212,0.2344233691692352,0.5207485754112713,0.1468838710746943,0.05
zel039_aec7,bb0=BB_2371372935 & bb1=BB_2585216724,52,0.6301830410957336,0.9734159111976624,0.5342618227005005,0.5649516582489014,0.4429352879524231,0.0959212183952331,0.5314211236825213,0.1602365688111995,0.02
zel039_aec7,bb0=BB_8506073726 & bb1=BB_5573240869,52,0.4505676329135895,0.9762064218521118,0.6474958062171936,0.5390936136245728,0.4623318016529083,-0.1969281733036041,0.536199067610869,0.1234841646148853,0.0
zel039_aec7,bb0=BB_2371372935 & bb1=BB_4825242175,52,0.6982935667037964,0.975907027721405,0.5805442333221436,0.4542349874973297,0.1436266303062439,0.1177493333816528,0.5282797764698626,0.1415863590694039,0.02
zel039_aec7,bb0=BB_1722497045 & bb1=BB_7369022202,53,0.3534310162067413,0.973458468914032,0.415557712316513,0.2835699021816253,0.1820710301399231,-0.0621266961097717,0.50120765868533,0.1855661251016183,0.02
zel039_aec7,bb0=BB_2371372935 & bb1=BB_6383795180,51,0.7252257466316223,0.9700373411178588,0.5015507340431213,0.2837589979171753,0.2741279900074005,0.2236750125885009,0.5251542586422875,0.1347077827063663,0.04
zel039_aec7,bb0=BB_0302650651 & bb1=BB_5540590266,52,0.6580362319946289,0.9685757160186768,0.386342704296112,0.2447907328605651,0.1458585411310196,0.2716935276985168,0.5355355269384018,0.1610870059701854,0.06
zel039_aec7,bb0=BB_2315583918 & bb1=BB_5853818500,53,0.3322187662124634,0.9625867605209352,0.3364090025424957,0.2384395003318786,0.1961815655231475,-0.0041902363300323,0.5322851436317433,0.1243025252756097,0.0
zel039_aec7,bb0=BB_0302650651 & bb1=BB_2927121314,51,0.6690825819969177,0.9760237336158752,0.471657782793045,0.5013272762298584,0.2871625423431396,0.1974247992038726,0.524994030254602,0.15180576970146,0.03
zel039_aec7,bb0=BB_2315583918 & bb1=BB_8778542709,53,0.4088903665542602,0.9706446528434752,0.4445386230945587,0.3570647835731506,0.1474577784538269,-0.0356482565402984,0.5140342352243897,0.2002322221541778,0.02
zel039_aec7,bb0=BB_6699958170 & bb1=BB_2585216724,52,0.5340275168418884,0.9691042304039,0.4452108442783355,0.4776730239391327,0.4076809287071228,0.0888166725635528,0.5290758518948132,0.1332181678706298,0.02
zel039_aec7,bb0=BB_0302650651 & bb1=BB_4825242175,51,0.6956073641777039,0.974275529384613,0.5797807574272156,0.4704093933105469,0.1204113736748695,0.1158266067504882,0.5011114063323475,0.1841193059692118,0.04
zel039_aec7,bb0=BB_1722497045 & bb1=BB_5853818500,53,0.3263389468193054,0.9664391875267028,0.3333585262298584,0.2516433298587799,0.2028466761112213,-0.0070195794105529,0.5363777033306906,0.1307636206596325,0.0
zel039_aec7,bb0=BB_8506073726 & bb1=BB_7369022202,51,0.4902471601963043,0.975061535835266,0.6621896624565125,0.5991954207420349,0.5482442378997803,-0.1719425022602081,0.5243783908995101,0.1456865066088833,0.0
zel039_aec7,bb0=BB_6699958170 & bb1=BB_5540590266,53,0.6243218183517456,0.9658117890357972,0.314635157585144,0.1569691747426986,0.114750750362873,0.3096866607666015,0.5444485370234179,0.1308523153633579,0.04
zel039_aec7,bb0=BB_2315583918 & bb1=BB_2552014008,53,0.4661856293678283,0.9663516283035278,0.3269568383693695,0.3349072933197021,0.3325214982032776,0.1392287909984588,0.5296719803188898,0.1737448899391701,0.04
zel039_aec7,bb0=BB_1722497045 & bb1=BB_8778542709,53,0.3867928981781006,0.9731189012527466,0.453929990530014,0.3810387849807739,0.2150468379259109,-0.0671370923519134,0.522347843326861,0.1299468062884167,0.0
zel039_aec7,bb0=BB_2371372935 & bb1=BB_1759915366,53,0.7763312458992004,0.9735957980155944,0.5927859544754028,0.3505159020423889,-0.0309282168745994,0.1835452914237976,0.4879878797632409,0.1905637332662275,0.06
zel039_aec7,bb0=BB_1722497045 & bb1=BB_5573240869,53,0.4287308752536773,0.9743654131889344,0.4382363259792328,0.2823163568973541,0.2028190791606903,-0.0095054507255554,0.5096469061379321,0.1291895599788051,0.01
zel039_aec7,bb0=BB_0302650651 & bb1=BB_6383795180,53,0.7115507125854492,0.9688642621040344,0.5502879619598389,0.3237725496292114,0.3274253904819488,0.1612627506256103,0.5365461345017684,0.1488241309871719,0.02
zel039_aec7,bb0=BB_0995925376 & bb1=BB_7747778414,52,0.5375586152076721,0.9710307717323304,0.6538078188896179,0.5722956657409668,0.5704842209815979,-0.1162492036819458,0.5594059098319849,0.1225795584201238,0.0
zel039_aec7,bb0=BB_6699958170 & bb1=BB_2552014008,53,0.5235906839370728,0.9671849012374878,0.4643305838108063,0.4434889853000641,0.4227465689182281,0.0592601001262664,0.5075205356496736,0.1476578023323831,0.03
zel039_aec7,bb0=BB_2085420374 & bb1=BB_5853818500,52,0.7418632507324219,0.9690178632736206,0.7590277194976807,0.634279191493988,0.5657044649124146,-0.0171644687652587,0.5285653346806066,0.182313023874361,0.02
zel039_aec7,bb0=BB_0302650651 & bb1=BB_1759915366,52,0.7660813331604004,0.9724312424659728,0.5918270349502563,0.4083848297595978,0.1273476630449295,0.174254298210144,0.5568913515962777,0.125015523169648,0.01
zel039_aec7,bb0=BB_3825147739 & bb1=BB_5422857344,53,0.3990404009819031,0.9728870987892152,0.4923579394817352,0.4399986565113067,0.1736747473478317,-0.0933175384998321,0.5230320229813514,0.1471066530316548,0.01
zel039_aec7,bb0=BB_2315583918 & bb1=BB_1759915366,53,0.6316849589347839,0.9690262079238892,0.4122602343559265,0.1237838342785835,-0.1384042054414749,0.2194247245788574,0.4884526755608385,0.19171335759939,0.07
zel039_aec7,bb0=BB_2085420374 & bb1=BB_7369022202,53,0.7068985104560852,0.974923610687256,0.6747700572013855,0.6670128703117371,0.6180092096328735,0.0321284532546997,0.5298506105458364,0.1625432760941784,0.04
zel039_aec7,bb0=BB_2315583918 & bb1=BB_7369022202,53,0.3148731589317322,0.970895290374756,0.4079645574092865,0.3048613965511322,0.2021165490150451,-0.0930913984775543,0.5285783551921486,0.1528321452913735,0.01
zel039_aec7,bb0=BB_6699958170 & bb1=BB_4825242175,53,0.6427910327911377,0.9718865156173706,0.5423471927642822,0.4468735158443451,0.3161843717098236,0.1004438400268554,0.4991072563224588,0.1790926290603141,0.04
zel039_aec7,bb0=BB_2315583918 & bb1=BB_2927121314,52,0.5126738548278809,0.9739978313446044,0.3468784391880035,0.4695324003696441,0.3730920851230621,0.1657954156398773,0.5460384724591859,0.1211308537198852,0.0
zel039_aec7,bb0=BB_0302650651 & bb1=BB_5422857344,52,0.5355772972106934,0.9732082486152648,0.2767232954502105,0.2999911606311798,0.407660037279129,0.2588540017604828,0.553140563472698,0.1202698133947629,0.01
zel039_aec7,bb0=BB_6699958170 & bb1=BB_2927121314,53,0.5707250237464905,0.9742477536201476,0.6693455576896667,0.5961685180664062,0.4145515561103821,-0.0986205339431762,0.481338455008663,0.1930456850323763,0.02
zel039_aec7,bb0=BB_2315583918 & bb1=BB_2585216724,52,0.434297114610672,0.9688091278076172,0.3482634723186493,0.3680029213428497,0.3134816288948059,0.0860336422920227,0.5171343410748522,0.1717951052171629,0.03
zel039_aec7,bb0=BB_2371372935 & bb1=BB_7872179906,52,0.753267765045166,0.9746276140213012,0.3192549645900726,0.3891874253749847,0.4689052700996399,0.4340128004550934,0.4937582186373765,0.207376834843183,0.23
zel039_aec7,bb0=BB_0302650651 & bb1=BB_7872179906,52,0.7022495865821838,0.9720188975334167,0.3675770461559295,0.4197221100330353,0.4419876635074615,0.3346725404262543,0.5293335090023175,0.1672084876192674,0.09
zel039_aec7,bb0=BB_0302650651 & bb1=BB_8415657178,53,0.7640841603279114,0.9716023802757264,0.4847134053707123,0.3808709383010864,0.3589229583740234,0.2793707549571991,0.544318343325358,0.1306637868075792,0.04
zel039_aec7,bb0=BB_6699958170 & bb1=BB_6383795180,53,0.6262999773025513,0.9657629132270812,0.4620732367038727,0.2496737688779831,0.2620534896850586,0.1642267405986786,0.5112075628369348,0.1498637270544432,0.03
zel039_aec7,bb0=BB_2315583918 & bb1=BB_9390216993,53,0.5503647923469543,0.967726469039917,0.2472094595432281,0.3000199198722839,0.1895584166049957,0.3031553328037262,0.5001848798842548,0.173540509277309,0.1
zel039_aec7,bb0=BB_2315583918 & bb1=BB_7872179906,53,0.6086644530296326,0.968813955783844,0.149740070104599,0.2154309451580047,0.3040170073509216,0.4589243829250335,0.5285227291975025,0.1488661645857464,0.19
zel039_aec7,bb0=BB_2085420374 & bb1=BB_8778542709,51,0.7670406103134155,0.9751556515693665,0.6960280537605286,0.6739814877510071,0.7117074728012085,0.0710125565528869,0.5172468876140193,0.1481000617668057,0.01
zel039_aec7,bb0=BB_2371372935 & bb1=BB_8415657178,52,0.7804885506629944,0.9734084010124208,0.5200669169425964,0.3394031524658203,0.3385207653045654,0.2604216337203979,0.5106312139528382,0.1382506774862874,0.05
zel039_aec7,bb0=BB_6699958170 & bb1=BB_7872179906,53,0.6588651537895203,0.9692574143409728,0.3248280584812164,0.3629440069198608,0.4179248213768005,0.3340370953083038,0.5294335021980805,0.1792584543764554,0.06
zel039_aec7,bb0=BB_6699958170 & bb1=BB_9390216993,53,0.5550219416618347,0.9688644409179688,0.402274489402771,0.4254980385303497,0.2792263925075531,0.1527474522590637,0.5468966007890412,0.1112750636898488,0.01
zel039_aec7,bb0=BB_2315583918 & bb1=BB_5573240869,53,0.3761058151721954,0.9720673561096193,0.4193798899650574,0.2536718845367431,0.1819110661745071,-0.0432740747928619,0.5137509743601549,0.1955939940061599,0.03
zel039_aec7,bb0=BB_3825147739 & bb1=BB_7747778414,53,0.4605547785758972,0.9715489149093628,0.6157341599464417,0.5297773480415344,0.4864518344402313,-0.1551793813705444,0.520369373242138,0.1719625005164415,0.01
zel039_aec7,bb0=BB_0995925376 & bb1=BB_5422857344,50,0.3521773219108581,0.9724389910697936,0.4287560582160949,0.3801172971725464,0.1377831399440765,-0.0765787363052368,0.4965571139469193,0.147168424534494,0.0
zel039_aec7,bb0=BB_2315583918 & bb1=BB_4825242175,53,0.5617621541023254,0.9714578986167908,0.4523304402828216,0.2440472543239593,0.0377954505383968,0.1094317138195037,0.4823031363682821,0.2107300962236831,0.05
zel039_aec7,bb0=BB_1722497045 & bb1=BB_2552014008,53,0.4434913992881775,0.9694693088531494,0.3865189850330353,0.3253597617149353,0.3147562742233276,0.0569724142551422,0.524636103278026,0.1804092161659526,0.02
zel039_aec7,bb0=BB_2371372935 & bb1=BB_6821040250,51,0.8457157611846924,0.9702820777893066,0.6745700240135193,0.1610960215330124,0.1680959463119506,0.1711457371711731,0.5003342871601307,0.1816942864211724,0.07
zel039_aec7,bb0=BB_6699958170 & bb1=BB_1759915366,53,0.6333087682723999,0.969825804233551,0.5495532751083374,0.3564927279949188,0.2355754524469375,0.0837554931640625,0.5239952836518933,0.1618430258867941,0.04
zel039_aec7,bb0=BB_2085420374 & bb1=BB_2927121314,51,0.8354809880256653,0.9780808687210084,0.7926504611968994,0.6900871992111206,0.3731597363948822,0.0428305268287658,0.5439454870158806,0.1133648095506095,0.0
zel039_aec7,bb0=BB_0302650651 & bb1=BB_6821040250,52,0.8286821246147156,0.9691010117530824,0.6652197241783142,0.2137806713581085,0.1874922662973404,0.1634624004364013,0.5395441707622376,0.1296109956625876,0.03
zel039_aec7,bb0=BB_2085420374 & bb1=BB_2552014008,53,0.8038333654403687,0.9719775319099426,0.7045971751213074,0.6441327929496765,0.6048507690429688,0.0992361903190612,0.522332043667443,0.1591293305289031,0.02
zel039_aec7,bb0=BB_2085420374 & bb1=BB_2585216724,52,0.8162523508071899,0.9731165170669556,0.6550018787384033,0.7116044759750366,0.6892598271369934,0.1612504720687866,0.5085624906898011,0.1664170065617601,0.03
zel039_aec7,bb0=BB_0995925376 & bb1=BB_7369022202,48,0.7275276780128479,0.9734793305397034,0.6344829797744751,0.6287221908569336,0.6717345118522644,0.0930446982383728,0.5419124977884167,0.1203540835367345,0.01
zel039_aec7,bb0=BB_6699958170 & bb1=BB_8415657178,53,0.7137445211410522,0.9686585068702698,0.4356918632984161,0.318309485912323,0.3234710395336151,0.2780526578426361,0.5307094493713521,0.1640330578193882,0.04
zel039_aec7,bb0=BB_6699958170 & bb1=BB_5422857344,53,0.5738178491592407,0.9702764749526978,0.6113137602806091,0.5587800145149231,0.423552930355072,-0.0374959111213684,0.5109106660075485,0.1469367441659862,0.01
zel039_aec7,bb0=BB_8506073726 & bb1=BB_5853818500,53,0.5331435799598694,0.969660460948944,0.7080386281013489,0.5847880840301514,0.5098178386688232,-0.1748950481414795,0.5210195630555973,0.1775971814345902,0.01
zel039_aec7,bb0=BB_1722497045 & bb1=BB_1759915366,50,0.4990619122982025,0.9723652005195618,0.3849402368068695,0.1677106916904449,-0.0710116848349571,0.114121675491333,0.4789557217358379,0.1846554812104099,0.01
zel039_aec7,bb0=BB_2315583918 & bb1=BB_5540590266,52,0.6302521824836731,0.9640463590621948,0.196751594543457,0.0940412506461143,0.082761637866497,0.433500587940216,0.5059713966716664,0.1493585979975118,0.21
zel039_aec7,bb0=BB_2371372935 & bb1=BB_0094546068,49,0.928519606590271,0.970805287361145,0.5510132312774658,0.0614216476678848,-0.0710070803761482,0.3775063753128052,0.5293795589078217,0.1389026752286156,0.12
zel039_aec7,bb0=BB_2371372935 & bb1=BB_2781176118,52,0.9099756479263306,0.9739917516708374,0.7064691185951233,0.444309264421463,0.309636116027832,0.2035065293312072,0.5255571688499913,0.1361941842674073,0.01
zel039_aec7,bb0=BB_1722497045 & bb1=BB_4825242175,53,0.5195387005805969,0.9737772345542908,0.4285858273506164,0.3188023865222931,0.1112553402781486,0.0909528732299804,0.5417129476123955,0.147847494746805,0.01
zel039_aec7,bb0=BB_2315583918 & bb1=BB_6383795180,53,0.5482469201087952,0.9646092057228088,0.3109422624111175,0.1455262601375579,0.1672339439392089,0.2373046576976776,0.5378404325821612,0.1267299521804741,0.04
zel039_aec7,bb0=BB_1722497045 & bb1=BB_2927121314,53,0.4175688028335571,0.975788116455078,0.5462775230407715,0.5518923401832581,0.3810780048370361,-0.1287087202072143,0.5312739235535264,0.1408192439879336,0.0
zel039_aec7,bb0=BB_2371372935 & bb1=BB_8064768238,53,0.9045984148979188,0.9731125235557556,0.7348181009292603,0.4692486226558685,0.3457867503166199,0.1697803139686584,0.5046176751091843,0.2093272233843743,0.07
zel039_aec7,bb0=BB_1722497045 & bb1=BB_2585216724,53,0.3817959725856781,0.9716308116912842,0.3985973298549652,0.3939112424850464,0.3109046518802643,-0.0168013572692871,0.5176571285858518,0.1462292867735792,0.0
zel039_aec7,bb0=BB_0995925376 & bb1=BB_5573240869,48,0.6970155239105225,0.974202036857605,0.6577141284942627,0.6380907297134399,0.5871294140815735,0.0393013954162597,0.5377822441408352,0.1411933429621733,0.01
zel039_aec7,bb0=BB_1722497045 & bb1=BB_7872179906,53,0.5482702851295471,0.9716130495071412,0.2602854669094085,0.3544758856296539,0.344881147146225,0.2879848182201385,0.5229670365518541,0.1689483690150922,0.07
zel039_aec7,bb0=BB_2315583918 & bb1=BB_8415657178,51,0.6419792771339417,0.9687275290489196,0.2819955945014953,0.1709413379430771,0.1446024626493454,0.3599836826324463,0.5433514167994145,0.0961187452267696,0.04
zel039_aec7,bb0=BB_1722497045 & bb1=BB_7747778414,53,0.4806541502475738,0.9701175689697266,0.1314541101455688,-0.022966019809246,0.0586601123213768,0.349200040102005,0.5425229868791211,0.1559897518688549,0.05
zel039_aec7,bb0=BB_2085420374 & bb2=BB_0167791271,47,0.3385250270366668,0.9701961278915404,0.43153777718544,0.3427561521530151,0.3349162638187408,-0.0930127501487732,0.4258258996528457,0.25127682159702,0.06
zel039_aec7,bb0=BB_2085420374 & bb1=BB_8930974984,53,0.8082013130187988,0.9729951620101928,0.7587396502494812,0.4064460694789886,0.0193664748221635,0.0494616627693176,0.5112831403239397,0.1606273572110112,0.01
zel039_aec7,bb0=BB_8506073726 & bb1=BB_2927121314,52,0.7144626379013062,0.9778905510902404,0.8188738226890564,0.6934727430343628,0.3422106504440307,-0.1044111847877502,0.5232364242943004,0.1890053196444395,0.02
zel039_aec7,bb0=BB_1722497045 & bb1=BB_9390216993,53,0.4488967955112457,0.9712819457054138,0.298677533864975,0.3792250454425812,0.2192255854606628,0.1502192616462707,0.499120441385021,0.2147864018780607,0.09
zel039_aec7,bb0=BB_1722497045 & bb1=BB_6383795180,53,0.4977530241012573,0.968119978904724,0.3451623022556305,0.208026185631752,0.1770704388618469,0.1525907218456268,0.538473321798956,0.1116972627848976,0.01
zel039_aec7,bb0=BB_2085420374 & bb1=BB_4825242175,51,0.8493870496749878,0.975857675075531,0.7529003620147705,0.7125611901283264,0.630806565284729,0.0964866876602172,0.526723834144068,0.1330390582567685,0.01
zel039_aec7,bb0=BB_3825147739 & bb1=BB_7369022202,49,0.626267671585083,0.9744451642036438,0.755490243434906,0.6391533017158508,0.6662629246711731,-0.129222571849823,0.4920872868197329,0.1693311476510278,0.0
zel039_aec7,bb0=BB_8506073726 & bb1=BB_8778542709,52,0.5799266695976257,0.9748046398162842,0.659108579158783,0.669812798500061,0.6871718168258667,-0.0791819095611572,0.5180584031631588,0.1438422847419784,0.01
zel039_aec7,bb0=BB_1722497045 & bb1=BB_5540590266,53,0.5391743779182434,0.9683678150177002,0.2253971993923187,0.1389842927455902,0.084473118185997,0.3137771785259247,0.5297830138756399,0.1440118104400138,0.08
zel039_aec7,bb0=BB_3825147739 & bb1=BB_5573240869,50,0.629143238067627,0.9760156273841858,0.753024160861969,0.6415179967880249,0.5644727349281311,-0.123880922794342,0.4827834047353826,0.1726790373964871,0.02
zel039_aec7,bb0=BB_0995925376 & bb1=BB_5853818500,51,0.750486433506012,0.967820167541504,0.7303916215896606,0.5998664498329163,0.540740430355072,0.0200948119163513,0.5216668620010932,0.1310880951492883,0.0
zel039_aec7,bb0=BB_1722497045 & bb1=BB_8415657178,53,0.5897939801216125,0.9709321856498718,0.3357231020927429,0.2837318778038025,0.2117112278938293,0.2540708780288696,0.5176128300046549,0.140185001235323,0.05
zel039_aec7,bb0=BB_2085420374 & bb1=BB_9390216993,53,0.8329702615737915,0.9731168150901794,0.753429651260376,0.6744019985198975,0.6385073661804199,0.0795406103134155,0.5393281068255601,0.1160432084365797,0.01
zel039_aec7,bb0=BB_2085420374 & bb1=BB_0164651813,51,0.806364119052887,0.9732705950737,0.884706974029541,0.7639527916908264,0.6539586186408997,-0.078342854976654,0.5158932849668781,0.1666412299318982,0.02
zel039_aec7,bb0=BB_2085420374 & bb1=BB_6383795180,52,0.862101674079895,0.9699572920799256,0.7281011343002319,0.6325291991233826,0.5230593681335449,0.134000539779663,0.5533321235902258,0.1145503424005981,0.0
zel039_aec7,bb0=BB_2085420374 & bb1=BB_7872179906,50,0.8503609299659729,0.9739267826080322,0.6941334009170532,0.5230647921562195,0.5505834817886353,0.1562275290489196,0.5046268392658658,0.1434088923026984,0.04
zel039_aec7,bb0=BB_2371372935 & bb1=BB_8930974984,53,0.793009877204895,0.9729998111724854,-0.3281600177288055,-0.0494336783885955,-0.0129766436293721,1.1211698949337006,0.5265471733632148,0.1551093744889222,1.0
zel039_aec7,bb0=BB_2085420374 & bb1=BB_0787221251,53,0.8350153565406799,0.9732028245925904,0.8132269978523254,0.5556499361991882,0.5911638140678406,0.0217883586883544,0.52577241112107,0.1192696363885131,0.0
zel039_aec7,bb0=BB_0302650651 & bb1=BB_8064768238,51,0.898494303226471,0.971896469593048,0.7759087085723877,0.3957734704017639,0.3525623977184295,0.1225855946540832,0.5159844609443098,0.1795826420524995,0.06
zel039_aec7,bb0=BB_2371372935 & bb1=BB_7150492135,52,0.9299333095550536,0.9747515320777892,0.6423066854476929,0.2264351993799209,0.2899802029132843,0.2876266241073608,0.5285053713456728,0.1430247173154273,0.05
zel039_aec7,bb0=BB_8506073726 & bb1=BB_2552014008,52,0.626024067401886,0.9724190831184388,0.6476554274559021,0.5874685645103455,0.6053522825241089,-0.0216313600540161,0.5481470431807974,0.1400766882770598,0.0
zel039_aec7,bb0=BB_8506073726 & bb1=BB_8930974984,52,0.8454256653785706,0.9733129739761353,0.759075939655304,0.4325279891490936,-0.1523350030183792,0.0863497257232666,0.5058409512846265,0.1717083529369256,0.03
zel039_aec7,bb0=BB_2085420374 & bb1=BB_1759915366,51,0.868924081325531,0.9733791947364808,0.8291340470314026,0.7631309628486633,0.614475667476654,0.0397900342941284,0.5133838812787144,0.151865825661398,0.02
zel039_aec7,bb0=BB_0302650651 & bb1=BB_2781176118,51,0.8893830180168152,0.971628487110138,0.6986905932426453,0.4336579144001007,0.3372167348861694,0.1906924247741699,0.5107204714328691,0.162428749648481,0.04
zel039_aec7,bb0=BB_2085420374 & bb2=BB_7648032248,47,0.2824719548225403,0.9699982404708862,0.4345016777515411,0.3977984488010406,0.37110635638237,-0.1520297229290008,0.4898165944627544,0.1546522835611634,0.0
zel039_aec7,bb0=BB_2371372935 & bb1=BB_1748751977,53,0.9136595129966736,0.9748997688293456,0.8449848890304565,0.5242288708686829,0.2432888597249984,0.068674623966217,0.5369572874366714,0.1326065944459841,0.01
zel039_aec7,bb0=BB_3825147739 & bb1=BB_5853818500,51,0.6933974027633667,0.9692689180374146,0.8313742876052856,0.5885159969329834,0.4925265610218048,-0.1379768848419189,0.5085105847378145,0.160697301175212,0.0
zel039_aec7,bb0=BB_6699958170 & bb1=BB_6821040250,51,0.7618940472602844,0.965397298336029,0.5981059074401855,0.1574048399925232,0.1070306748151779,0.1637881398200988,0.4795133744388659,0.2101651397850858,0.07
zel039_aec7,bb0=BB_8506073726 & bb1=BB_2585216724,53,0.616462230682373,0.9736140370368958,0.6264355182647705,0.6707859039306641,0.6373869180679321,-0.0099732875823974,0.5132728630726524,0.1436165119391022,0.0
zel039_aec7,bb0=BB_2371372935 & bb1=BB_0787221251,53,0.8452497720718384,0.9734108448028564,0.4759351313114166,0.4519856572151184,0.3044849932193756,0.3693146407604217,0.53548980305437,0.1530193808824521,0.08
zel039_aec7,bb0=BB_2085420374 & bb1=BB_9630095191,53,0.8099338412284851,0.9755579233169556,0.8030998110771179,0.7948530316352844,0.5358183979988098,0.0068340301513671,0.5317701520050605,0.1246879141680099,0.0
zel039_aec7,bb0=BB_2371372935 & bb1=BB_8687334682,51,0.9645256996154784,0.9743552803993224,0.6236581802368164,0.34988734126091,0.1567216515541076,0.3408675193786621,0.5103165803136653,0.1493368337985495,0.11
zel039_aec7,bb0=BB_2315583918 & bb1=BB_6821040250,53,0.7729851007461548,0.9646196961402892,0.4407713711261749,0.0666995272040367,-0.0266883093863725,0.3322137296199798,0.5138667737256037,0.1558021430571146,0.1
zel039_aec7,bb0=BB_2371372935 & bb1=BB_7908408907,47,0.9609487056732178,0.9742655158042908,0.6579161882400513,0.2525220215320587,0.0588067770004272,0.3030325174331665,0.4405801341106417,0.2454167400512001,0.18
zel039_aec7,bb0=BB_2371372935 & bb2=BB_2197486312,43,0.2227458357810974,0.9722232818603516,0.1763776391744613,0.2454983592033386,0.1739117801189422,0.046368196606636,0.5049916352101718,0.1800417436758244,0.02
zel039_aec7,bb0=BB_0302650651 & bb1=BB_0094546068,52,0.9260687232017516,0.9702853560447692,0.5426920056343079,0.06645118445158,-0.0920117273926734,0.3833767175674438,0.5387723428072604,0.1127480153881989,0.09
zel039_aec7,bb0=BB_2085420374 & bb1=BB_9727029708,53,0.834559977054596,0.9711720943450928,0.8948244452476501,0.7968656420707703,0.6668134331703186,-0.0602644681930542,0.5039720614619364,0.1846202070212501,0.03
zel039_aec7,bb0=BB_2371372935 & bb1=BB_9630095191,53,0.8143666386604309,0.9759450554847716,0.5944803357124329,0.2170866429805755,0.0995820388197898,0.219886302947998,0.4793976463517174,0.2019452715907916,0.07
zel039_aec7,bb0=BB_2085420374 & bb1=BB_8415657178,51,0.8638995289802551,0.9727830290794371,0.7525405287742615,0.5753975510597229,0.5398063063621521,0.1113590002059936,0.5071209414332407,0.1938313264972786,0.04
zel039_aec7,bb0=BB_8506073726 & bb2=BB_0167791271,47,0.2869553864002228,0.97068989276886,0.3907504379749298,0.3391572535037994,0.2992714941501617,-0.103795051574707,0.467772793280019,0.2048938086903546,0.03
zel039_aec7,bb0=BB_2085420374 & bb2=BB_7859195179,49,0.2695297002792358,0.9727256894111632,0.3545975387096405,0.4117790162563324,0.4247765839099884,-0.0850678384304046,0.4873345045010501,0.1976900316066354,0.02
zel039_aec7,bb0=BB_8506073726 & bb1=BB_6383795180,52,0.7338234782218933,0.9709205627441406,0.7447300553321838,0.6132028102874756,0.5861014127731323,-0.0109065771102905,0.5342714454917586,0.1134228871498206,0.0
zel039_aec7,bb0=BB_0302650651 & bb1=BB_0787221251,51,0.8582725524902344,0.9714725017547609,0.4816506206989288,0.5031308531761169,0.3823508620262146,0.3766219317913055,0.5049139722144173,0.1771225575987179,0.15
zel039_aec7,bb0=BB_2315583918 & bb1=BB_7747778414,53,0.3827216923236847,0.9668375253677368,0.0709393396973609,-0.0384575426578521,-0.0017212835373356,0.3117823526263237,0.5160119123740878,0.152195119110397,0.11
zel039_aec7,bb0=BB_8506073726 & bb1=BB_7872179906,51,0.7126578092575073,0.9743537306785583,0.7055176496505737,0.5343807339668274,0.5126436948776245,0.0071401596069335,0.5031142804479168,0.1511292598622092,0.02
zel039_aec7,bb0=BB_2085420374 & bb1=BB_1748751977,52,0.8946147561073303,0.9744211435317992,0.9160617589950562,0.796640157699585,0.6457762122154236,-0.0214470028877258,0.5072253373308923,0.165037864825926,0.02
zel039_aec7,bb0=BB_8506073726 & bb1=BB_1759915366,52,0.7524548172950745,0.9738341569900512,0.8051180839538574,0.7515518069267273,0.6504253149032593,-0.0526632666587829,0.5415433584828862,0.1334490261553226,0.0
zel039_aec7,bb0=BB_1722497045 & bb1=BB_6821040250,53,0.7135860323905945,0.9684699177742004,0.4810069799423218,0.1555498093366623,0.0463531278073787,0.2325790524482727,0.5175996590450086,0.1590556884191135,0.05
zel039_aec7,bb0=BB_8506073726 & bb1=BB_9390216993,53,0.6845005750656128,0.97345632314682,0.698200523853302,0.6202850937843323,0.6203879714012146,-0.0136999487876892,0.5057463135403304,0.1618252505785105,0.02
zel039_aec7,bb0=BB_6699958170 & bb1=BB_8064768238,51,0.8530135750770569,0.9684559106826782,0.6845349073410034,0.3630504310131073,0.3204544484615326,0.1684786677360534,0.5096310383061791,0.1648045174988941,0.03
zel039_aec7,bb0=BB_8506073726 & bb1=BB_0787221251,52,0.8782931566238403,0.9735403656959534,0.7674721479415894,0.5568709373474121,0.5379613041877747,0.1108210086822509,0.5478972530356259,0.1436802780362325,0.02
zel039_aec7,bb0=BB_8506073726 & bb1=BB_4825242175,52,0.662009596824646,0.975656807422638,0.7069757580757141,0.705259382724762,0.688657820224762,-0.0449661612510681,0.5316336470350507,0.1406957358709695,0.01
zel039_aec7,bb0=BB_2085420374 & bb1=BB_5540590266,53,0.8587256669998169,0.9703673720359802,0.7586637735366821,0.6848875284194946,0.5405532717704773,0.1000618934631347,0.5162167272280204,0.1944273425715108,0.03
zel039_aec7,bb0=BB_2085420374 & bb1=BB_7526096666,53,0.8695710897445679,0.9719070196151732,0.9082682728767396,0.8755368590354919,0.7884770035743713,-0.0386971831321716,0.4911705822228396,0.1866226087941763,0.04
zel039_aec7,bb0=BB_2085420374 & bb2=BB_3217225768,47,0.2470177412033081,0.9786474108695984,0.3314381539821625,0.2704267799854278,0.2263284772634506,-0.0844204127788543,0.4864322628694936,0.2022010321296433,0.03
zel039_aec7,bb0=BB_2085420374 & bb1=BB_6821040250,50,0.9224755764007568,0.9708911776542664,0.8705611228942871,0.6455203294754028,0.4146454930305481,0.0519144535064697,0.4999878772933152,0.159156050162085,0.02
zel039_aec7,bb0=BB_2085420374 & bb2=BB_9889940298,45,0.2842636704444885,0.9689182043075562,0.4580954611301422,0.3875840902328491,0.3924899399280548,-0.1738317906856537,0.4618154867274279,0.2145380828121038,0.02
zel039_aec7,bb0=BB_2085420374 & bb2=BB_2375121697,44,0.3084857761859894,0.9773964285850524,0.365125834941864,0.3606048822402954,0.3364416658878326,-0.0566400587558746,0.4786484870751155,0.2001775598631676,0.03
zel039_aec7,bb0=BB_2085420374 & bb1=BB_2781176118,49,0.9310498833656312,0.9731376767158508,0.8428347110748291,0.6532847881317139,0.5735781788825989,0.088215172290802,0.5255912150308722,0.1170766111933139,0.01
zel039_aec7,bb0=BB_2085420374 & bb1=BB_9054028486,52,0.8533114194869995,0.9741400480270386,0.8487251400947571,0.798174262046814,0.6805446147918701,0.0045862793922424,0.5465536129754036,0.1331737671524834,0.01
zel039_aec7,bb0=BB_2085420374 & bb2=BB_7809144981,47,0.247897982597351,0.9693158864974976,0.4600488245487213,0.2847182750701904,0.2500087916851043,-0.2121508419513702,0.4596748768568796,0.1841561354537892,0.02
zel039_aec7,bb0=BB_2085420374 & bb2=BB_7958505610,44,0.2561060786247253,0.9698339700698853,0.3721031546592712,0.3537514805793762,0.3370648622512817,-0.1159970760345459,0.4652395072436775,0.1606715768332409,0.0
zel039_aec7,bb0=BB_2085420374 & bb1=BB_2324141034,52,0.873292863368988,0.9742146134376526,0.8496808409690857,0.5982500314712524,0.5056189298629761,0.0236120223999023,0.5595891521871453,0.1222299504553613,0.0
zel039_aec7,bb0=BB_2085420374 & bb2=BB_7987591949,46,0.258082777261734,0.969226598739624,0.3551231026649475,0.2884443402290344,0.2214109748601913,-0.0970403254032135,0.4987245706425164,0.1883049480204104,0.03
zel039_aec7,bb0=BB_2085420374 & bb1=BB_8690476079,53,0.857422947883606,0.9719808101654052,0.9203262329101562,0.872616708278656,0.7580611109733582,-0.0629032850265502,0.5175173308502417,0.1619476475318405,0.01
zel039_aec7,bb0=BB_2085420374 & bb1=BB_8064768238,52,0.9249314665794371,0.9726555347442628,0.8608348965644836,0.773074746131897,0.5526420474052429,0.0640965700149536,0.5233976543304744,0.1527015121995511,0.02
zel039_aec7,bb0=BB_2085420374 & bb1=BB_6285514371,53,0.8524681925773621,0.9743143916130066,0.8934770226478577,0.859403669834137,0.7993179559707642,-0.0410088300704956,0.5293773198591952,0.1378591179055899,0.0
zel039_aec7,bb0=BB_2085420374 & bb1=BB_1030418220,53,0.8546490669250488,0.9746049642562866,0.912345051765442,0.7994773983955383,0.7813283205032349,-0.057695984840393,0.5207260566457625,0.1549798354610752,0.01
zel039_aec7,bb0=BB_2085420374 & bb1=BB_1599289689,53,0.8406339287757874,0.9703097343444824,0.8686612844467163,0.697608470916748,0.6255655884742737,-0.0280273556709289,0.5400649267012341,0.1414988013065664,0.01
zel039_aec7,bb0=BB_2085420374 & bb2=BB_1911924834,47,0.238859474658966,0.9685810804367064,0.2598708271980285,0.2027471512556076,0.2204918712377548,-0.0210113525390625,0.4505357949745303,0.1954132357737621,0.04
zel039_aec7,bb0=BB_2085420374 & bb2=BB_2999304335,47,0.2608706355094909,0.9712190628051758,0.3159659206867218,0.3980778455734253,0.2733341455459595,-0.0550952851772308,0.4605854780101072,0.2096415585316274,0.04
zel039_aec7,bb0=BB_2085420374 & bb1=BB_4348936015,51,0.8734399080276489,0.9745304584503174,0.9035876393318176,0.6157031655311584,0.516059160232544,-0.0301477313041687,0.5176549068362146,0.1710113872950107,0.02
zel039_aec7,bb0=BB_2085420374 & bb1=BB_4739038994,53,0.8649292588233948,0.9721649289131165,0.927237629890442,0.8352102041244507,0.7376652956008911,-0.0623083710670471,0.5063943303679116,0.1866611492639704,0.02
zel039_aec7,bb0=BB_2085420374 & bb1=BB_7150492135,42,0.9538378715515136,0.9755454659461976,0.8677358031272888,0.6583576798439026,0.4227554202079773,0.0861020684242248,0.5041940013546627,0.1357574576041706,0.0
zel039_aec7,bb0=BB_2085420374 & bb2=BB_5443844769,43,0.2351353019475937,0.9708953499794006,0.434444785118103,0.3701317608356476,0.3344593346118927,-0.1993094831705093,0.4934607818731456,0.1664541427533875,0.0
zel039_aec7,bb0=BB_2085420374 & bb2=BB_2197486312,43,0.3587837219238281,0.9735456109046936,0.4346669316291809,0.3709049224853515,0.299681693315506,-0.0758832097053527,0.464124123705551,0.1980624607836342,0.04
zel039_aec7,bb0=BB_2085420374 & bb2=BB_5496937688,46,0.2466204315423965,0.974032461643219,0.3368178904056549,0.2822920978069305,0.2674719095230102,-0.0901974588632583,0.4982545386697166,0.1678300330816292,0.02
zel039_aec7,bb0=BB_2085420374 & bb2=BB_8127476770,42,0.292786955833435,0.9760611653327942,0.2595841884613037,0.3020064532756805,0.3580459654331207,0.0332027673721313,0.4245018308705767,0.2490174109570127,0.09
zel039_aec7,bb0=BB_2085420374 & bb2=BB_3354738261,41,0.2454979717731475,0.9794480204582214,0.359482079744339,0.2793976068496704,0.1847677230834961,-0.1139841079711914,0.4981241475284332,0.1650687767509905,0.01
zel039_aec7,bb0=BB_2085420374 & bb2=BB_8384776618,35,0.3002926409244537,0.974425971508026,0.4163891077041626,0.428235650062561,0.392881691455841,-0.1160964667797088,0.4699501882509503,0.1857561336831647,0.02
zel039_aec7,bb0=BB_2085420374 & bb2=BB_4329380884,45,0.2268884778022766,0.9738554954528807,0.2830285131931305,0.2432173490524292,0.2125610411167144,-0.0561400353908538,0.4708966029758448,0.1961212402245908,0.03
zel039_aec7,bb0=BB_2085420374 & bb1=BB_0094546068,47,0.9409737586975098,0.9718397855758668,0.8988511562347412,0.6481786370277405,0.4415263831615448,0.0421226024627685,0.4850832674844423,0.1723817171171031,0.02
zel039_aec7,bb0=BB_2085420374 & bb2=BB_8496905824,44,0.2683930993080139,0.9693377017974854,0.4117465317249298,0.2608575522899627,0.3706763088703155,-0.1433534324169159,0.4908412842423422,0.1623820230399377,0.02
zel039_aec7,bb0=BB_2085420374 & bb2=BB_6014564733,46,0.217949166893959,0.977413296699524,0.3220901191234588,0.263683557510376,0.2943204641342163,-0.1041409522294998,0.5061007808137219,0.1701578362533318,0.03
zel039_aec7,bb0=BB_2085420374 & bb2=BB_3942387955,47,0.2296847850084304,0.9736052751541138,0.3950762152671814,0.2577380239963531,0.2564354538917541,-0.1653914302587509,0.4919937047964777,0.1622507040405561,0.0
zel039_aec7,bb0=BB_2085420374 & bb2=BB_3023095376,44,0.2559896409511566,0.9698391556739808,0.3275827169418335,0.2299934029579162,0.2139629125595092,-0.0715930759906768,0.4889302643264818,0.1690366791919016,0.01
zel039_aec7,bb0=BB_2085420374 & bb2=BB_2953743363,43,0.2564365267753601,0.973564386367798,0.3696622550487518,0.3691221475601196,0.3567172884941101,-0.1132257282733917,0.4816307671536924,0.1892854529186303,0.01
zel039_aec7,bb0=BB_2085420374 & bb1=BB_8687334682,44,0.9707925319671632,0.9739383459091188,0.9068418145179749,0.6407907009124756,0.5134240388870239,0.0639507174491882,0.4817007842859311,0.1832830776646116,0.04
zel039_aec7,bb0=BB_2085420374 & bb2=BB_7966337922,36,0.7540000081062317,0.9727727174758912,0.4968152642250061,0.156329333782196,0.2744413614273071,0.2571847438812256,0.4578007188485026,0.1903960312913216,0.1
zel039_aec7,bb0=BB_2085420374 & bb2=BB_7709010551,45,0.2331289947032928,0.9716107845306396,0.2139357626438141,0.2285409718751907,0.236144408583641,0.0191932320594787,0.4813556445329232,0.188204627809653,0.03
zel039_aec7,bb0=BB_2085420374 & bb2=BB_1564494047,46,0.257718026638031,0.9726863503456116,0.3041248023509979,0.3610783815383911,0.3184547126293182,-0.0464067757129669,0.4689145829884,0.2274474094724774,0.04
zel039_aec7,bb0=BB_2085420374 & bb1=BB_7908408907,51,0.9678048491477966,0.9722870588302612,0.9643378257751464,0.803325891494751,0.7077097296714783,0.0034670233726501,0.5273422198543267,0.1425767245205975,0.01
zel039_aec7,bb0=BB_2085420374 & bb2=BB_4204953307,47,0.2397922724485397,0.9690099358558656,0.2602060437202453,0.3350502252578735,0.3037651479244232,-0.0204137712717056,0.4706300870492123,0.1965926460937647,0.04
zel039_aec7,bb0=BB_2085420374 & bb2=BB_5134356880,40,0.2891047894954681,0.9777073264122008,0.2819334864616394,0.3996503055095672,0.4818430542945862,0.0071713030338287,0.4898485074841301,0.1758354962397843,0.03
zel039_aec7,bb0=BB_2085420374 & bb2=BB_7685966993,47,0.230624184012413,0.97152179479599,0.2894266843795776,0.3396432101726532,0.2767286598682403,-0.0588025003671646,0.4839975696936017,0.1653810600150065,0.02
zel039_aec7,bb0=BB_2085420374 & bb2=BB_2283348932,43,0.2417996227741241,0.9687933325767516,0.4790655374526977,0.4180042743682861,0.4061476588249206,-0.2372659146785736,0.5055092019139557,0.1385132997707766,0.0
zel039_aec7,bb0=BB_2085420374 & bb2=BB_9930036786,45,0.2124233245849609,0.9685096740722656,0.4129996001720428,0.4196749031543731,0.3727108836174011,-0.2005762755870819,0.5191593025294423,0.154100679764927,0.0
zel039_aec7,bb0=BB_2085420374 & bb2=BB_6114924718,37,0.2523560523986816,0.9711513519287108,0.2792731523513794,0.3549994230270386,0.3379957973957062,-0.0269170999526977,0.4539906168471498,0.1909513790612165,0.04
zel039_aec7,bb0=BB_2085420374 & bb2=BB_8489537894,44,0.2148006707429886,0.9758734107017516,0.2125557363033294,0.196364477276802,0.2465402781963348,0.0022449344396591,0.510050583180855,0.1447404660156843,0.01
zel039_aec7,bb0=BB_2085420374 & bb2=BB_2784786752,44,0.2545414865016937,0.9695103168487548,0.4793623983860016,0.4284408986568451,0.4101006686687469,-0.2248209118843078,0.4940080707051675,0.1641249228941766,0.0
zel039_aec7,bb0=BB_2085420374 & bb2=BB_9734057272,45,0.2250363379716873,0.9802343249320984,0.2964830100536346,0.2337464541196823,0.2366208434104919,-0.0714466720819473,0.4653139184212205,0.2060894501718199,0.03
zel039_aec7,bb0=BB_2085420374 & bb2=BB_4958727004,45,0.2193107455968856,0.9689204096794128,0.4855548739433288,0.3860627114772796,0.3413826525211334,-0.2662441283464432,0.5117063940103981,0.1182293311110244,0.0
zel039_aec7,bb0=BB_2085420374 & bb2=BB_9643158810,46,0.2540139853954315,0.97995924949646,0.294351190328598,0.3421654999256134,0.2653724551200866,-0.0403372049331665,0.5198976996073906,0.1764277360690821,0.02
zel039_aec7,bb0=BB_2085420374 & bb2=BB_9703631653,42,0.2798316776752472,0.9709572196006776,0.4145983755588531,0.3655667901039123,0.304620623588562,-0.1347666978836059,0.4586280047555919,0.1925429983278185,0.02
zel039_aec7,bb0=BB_2085420374 & bb2=BB_0318532484,44,0.2481290996074676,0.980515718460083,0.3814279437065124,0.3039401471614837,0.1847017556428909,-0.1332988440990448,0.4995533943663758,0.122562849847935,0.0
zel039_aec7,bb0=BB_2085420374 & bb2=BB_4770152940,37,0.3836013376712799,0.9744086861610411,0.4292544424533844,0.4744006395339966,0.3468604683876037,-0.0456531047821044,0.4742483834415907,0.1562138344334345,0.01
zel039_aec7,bb0=BB_2085420374 & bb2=BB_4949730103,42,0.2211829423904419,0.9743987917900084,0.2990223169326782,0.2801854908466339,0.3234525918960571,-0.0778393745422363,0.4873924882052961,0.1741040179608903,0.01
zel039_aec7,bb0=BB_2085420374 & bb2=BB_3523796487,36,0.2612603902816772,0.9783661365509032,0.2984721958637237,0.315300703048706,0.2750324010848999,-0.0372118055820465,0.4384123788998113,0.1772003927943597,0.03
zel039_aec7,bb0=BB_2085420374 & bb2=BB_8523974361,41,0.2898289859294891,0.9695044755935668,0.5348823070526123,0.4444610476493835,0.4156259596347809,-0.2450533211231231,0.4648476945824222,0.2076965221997435,0.02
zel039_aec7,bb0=BB_2085420374 & bb2=BB_0001826021,44,0.2287113219499588,0.9725613594055176,0.2477042376995086,0.2813390791416168,0.3841559886932373,-0.0189929157495498,0.4946130921988515,0.1407905026664985,0.0
zel039_aec7,bb0=BB_2085420374 & bb2=BB_1055437227,38,0.5573084354400635,0.977592706680298,0.2358649671077728,0.2449947893619537,0.219828650355339,0.3214434683322906,0.4463401792332297,0.2187211527667369,0.21
zel039_aec7,bb0=BB_2085420374 & bb2=BB_5903811162,39,0.3221027553081512,0.9739285111427308,0.3539758324623108,0.400492399930954,0.2930650413036346,-0.0318730771541595,0.4202675434760749,0.204083136590984,0.03
zel039_aec7,bb0=BB_2085420374 & bb1=BB_6304962667,44,0.9841020703315736,0.9749943614006042,0.972975254058838,0.6568690538406372,0.4247340261936188,0.0111268162727355,0.4949680449848529,0.1643893425250438,0.02
zel039_aec7,bb0=BB_2085420374 & bb1=BB_8325771045,50,0.9837651252746582,0.9733667373657228,0.9639135599136353,0.7996369004249573,0.7048922181129456,0.0198515653610229,0.4682359055281268,0.2234904505181988,0.07
zel039_aec7,bb0=BB_2085420374 & bb1=BB_7546695917,39,0.9842076301574708,0.9745783805847168,0.9778204560279846,0.972647488117218,0.9621665477752686,0.006387174129486,0.4280843272044513,0.1902747426050773,0.03
zel039_aec7,bb0=BB_2085420374 & bb2=BB_3624989023,37,0.3058889508247375,0.9689424633979796,0.4528075158596039,0.3703846633434295,0.3489643931388855,-0.1469185650348663,0.4372117057401919,0.2306210516436377,0.05
zel039_aec7,bb0=BB_2085420374 & bb1=BB_7794323333,38,0.9850110411643982,0.975704550743103,0.9787710309028624,0.971992254257202,0.966931939125061,0.0062400102615356,0.4710040344492882,0.1956387499020486,0.02
zel039_aec7,bb0=BB_2085420374 & bb2=BB_6162906971,40,0.3238826096057892,0.9776158928871156,0.3185518980026245,0.4098449647426605,0.4069818556308746,0.0053307116031646,0.4787628144223708,0.2277563143112699,0.05
zel039_aec7,bb0=BB_2085420374 & bb2=BB_4053585744,44,0.2362604141235351,0.973947823047638,0.3287390172481537,0.3289765119552612,0.4113346934318542,-0.0924786031246185,0.5040098517815932,0.1486314706975541,0.0
zel039_aec7,bb0=BB_2085420374 & bb1=BB_7334588199,24,0.9889299869537354,0.9749969244003296,0.9778367877006532,0.9731681942939758,0.9657495021820068,0.0110931992530822,0.3436481340439059,0.2463347526002094,0.06
zel039_aec7,bb0=BB_2085420374 & bb2=BB_0405690156,43,0.2494544386863708,0.9715454578399658,0.4048977792263031,0.419879674911499,0.3238243758678436,-0.1554433405399322,0.487557872678517,0.1959683444166995,0.02
zel039_aec7,bb0=BB_2085420374 & bb2=BB_5451609690,43,0.2762617468833923,0.9762309193611144,0.4287680387496948,0.3613751530647278,0.3841669857501983,-0.1525062918663025,0.503210664227081,0.169348918031554,0.0
zel039_aec7,bb0=BB_2085420374 & bb2=BB_0997424185,43,0.4150995016098022,0.9747990369796752,0.3552250564098358,0.3756463527679443,0.4213275611400604,0.0598744451999664,0.4887807552935556,0.2248788015962891,0.03
zel039_aec7,bb0=BB_2085420374 & bb1=BB_0549297364,36,0.9876428246498108,0.9738013744354248,0.979300856590271,0.710227906703949,0.2706243097782135,0.0083419680595397,0.4189033955195818,0.2145654950259745,0.05
zel039_aec7,bb0=BB_2085420374 & bb2=BB_9498562905,42,0.2125014513731002,0.9715380668640136,0.2043868899345398,0.43368861079216,0.3727275133132934,0.0081145614385604,0.4268021567164942,0.2383987534242473,0.08
zel039_aec7,bb0=BB_2085420374 & bb1=BB_5372566179,28,0.9909294843673706,0.9738330245018004,0.94713294506073,0.558214545249939,0.32767054438591,0.0437965393066406,0.3679423433679039,0.2215185568184894,0.07
zel039_aec7,bb0=BB_2085420374 & bb1=BB_4318016053,39,0.992291271686554,0.9697833061218262,0.9149567484855652,0.7486293315887451,0.5262335538864136,0.0773345232009887,0.4369802195028751,0.2365945585576561,0.07
zel039_aec7,bb0=BB_2085420374 & bb1=BB_2899866406,34,0.992248237133026,0.9735394716262816,0.9821928143501282,0.775176465511322,0.3022990524768829,0.0100554227828979,0.4184159902446026,0.2055250196693876,0.04
