centroid_row,atlas_id,atlas_namespace,context,cluster_id,n_members
0,zscreen_original_graph_v1:zel024_h1650:14,zscreen_original_graph_v1,zel024_h1650,14,12
1,zscreen_original_graph_v1:zel024_h1650:21,zscreen_original_graph_v1,zel024_h1650,21,4
2,zscreen_original_graph_v1:zel024_h1650:50,zscreen_original_graph_v1,zel024_h1650,50,4
3,zscreen_original_graph_v1:zel024_h1650:57,zscreen_original_graph_v1,zel024_h1650,57,4
4,zscreen_original_graph_v1:zel024_h1650:195,zscreen_original_graph_v1,zel024_h1650,195,3
5,zscreen_original_graph_v1:zel024_h1650:209,zscreen_original_graph_v1,zel024_h1650,209,17
6,zscreen_original_graph_v1:zel024_h1650:212,zscreen_original_graph_v1,zel024_h1650,212,3
7,zscreen_original_graph_v1:zel024_h1650:246,zscreen_original_graph_v1,zel024_h1650,246,3
8,zscreen_original_graph_v1:zel024_h1650:357,zscreen_original_graph_v1,zel024_h1650,357,3
9,zscreen_original_graph_v1:zel024_h1650:392,zscreen_original_graph_v1,zel024_h1650,392,6
10,zscreen_original_graph_v1:zel024_h1650:412,zscreen_original_graph_v1,zel024_h1650,412,4
11,zscreen_original_graph_v1:zel024_h1650:632,zscreen_original_graph_v1,zel024_h1650,632,6
12,zscreen_original_graph_v1:zel024_h1650:708,zscreen_original_graph_v1,zel024_h1650,708,4
13,zscreen_original_graph_v1:zel024_h1650:815,zscreen_original_graph_v1,zel024_h1650,815,3
14,zscreen_original_graph_v1:zel024_h1650:860,zscreen_original_graph_v1,zel024_h1650,860,6
15,zscreen_original_graph_v1:zel024_h1650:869,zscreen_original_graph_v1,zel024_h1650,869,3
16,zscreen_original_graph_v1:zel024_h1650:1002,zscreen_original_graph_v1,zel024_h1650,1002,4
17,zscreen_original_graph_v1:zel024_h1650:1031,zscreen_original_graph_v1,zel024_h1650,1031,3
18,zscreen_original_graph_v1:zel024_h1650:1203,zscreen_original_graph_v1,zel024_h1650,1203,3
19,zscreen_original_graph_v1:zel024_h1650:1279,zscreen_original_graph_v1,zel024_h1650,1279,3
20,zscreen_original_graph_v1:zel024_h1650:1292,zscreen_original_graph_v1,zel024_h1650,1292,6
21,zscreen_original_graph_v1:zel024_h1650:1301,zscreen_original_graph_v1,zel024_h1650,1301,3
22,zscreen_original_graph_v1:zel024_h1650:1462,zscreen_original_graph_v1,zel024_h1650,1462,3
23,zscreen_original_graph_v1:zel024_h1650:1522,zscreen_original_graph_v1,zel024_h1650,1522,4
24,zscreen_original_graph_v1:zel024_h1650:1561,zscreen_original_graph_v1,zel024_h1650,1561,3
25,zscreen_original_graph_v1:zel024_h1650:1588,zscreen_original_graph_v1,zel024_h1650,1588,4
26,zscreen_original_graph_v1:zel024_h1650:1597,zscreen_original_graph_v1,zel024_h1650,1597,3
27,zscreen_original_graph_v1:zel024_h1650:2235,zscreen_original_graph_v1,zel024_h1650,2235,3
28,zscreen_original_graph_v1:zel024_h1650:2298,zscreen_original_graph_v1,zel024_h1650,2298,4
29,zscreen_original_graph_v1:zel024_h1650:2559,zscreen_original_graph_v1,zel024_h1650,2559,3
30,zscreen_original_graph_v1:zel024_h1650:2592,zscreen_original_graph_v1,zel024_h1650,2592,5
31,zscreen_original_graph_v1:zel024_h1650:2627,zscreen_original_graph_v1,zel024_h1650,2627,5
32,zscreen_original_graph_v1:zel024_h1650:2640,zscreen_original_graph_v1,zel024_h1650,2640,3
33,zscreen_original_graph_v1:zel024_h1650:2671,zscreen_original_graph_v1,zel024_h1650,2671,4
34,zscreen_original_graph_v1:zel024_h1650:2724,zscreen_original_graph_v1,zel024_h1650,2724,3
35,zscreen_original_graph_v1:zel024_h1650:2913,zscreen_original_graph_v1,zel024_h1650,2913,5
36,zscreen_original_graph_v1:zel024_h1650:3354,zscreen_original_graph_v1,zel024_h1650,3354,3
37,zscreen_original_graph_v1:zel024_h1650:4076,zscreen_original_graph_v1,zel024_h1650,4076,4
38,zscreen_original_graph_v1:zel024_h1650:4245,zscreen_original_graph_v1,zel024_h1650,4245,4
39,zscreen_original_graph_v1:zel024_hek293:40,zscreen_original_graph_v1,zel024_hek293,40,45
40,zscreen_original_graph_v1:zel024_hek293:69,zscreen_original_graph_v1,zel024_hek293,69,3
41,zscreen_original_graph_v1:zel024_hek293:70,zscreen_original_graph_v1,zel024_hek293,70,101
42,zscreen_original_graph_v1:zel024_hek293:77,zscreen_original_graph_v1,zel024_hek293,77,13
43,zscreen_original_graph_v1:zel024_hek293:99,zscreen_original_graph_v1,zel024_hek293,99,3
44,zscreen_original_graph_v1:zel024_hek293:112,zscreen_original_graph_v1,zel024_hek293,112,66
45,zscreen_original_graph_v1:zel024_hek293:136,zscreen_original_graph_v1,zel024_hek293,136,121
46,zscreen_original_graph_v1:zel024_hek293:150,zscreen_original_graph_v1,zel024_hek293,150,8
47,zscreen_original_graph_v1:zel024_hek293:199,zscreen_original_graph_v1,zel024_hek293,199,3
48,zscreen_original_graph_v1:zel024_hek293:228,zscreen_original_graph_v1,zel024_hek293,228,5
49,zscreen_original_graph_v1:zel024_hek293:245,zscreen_original_graph_v1,zel024_hek293,245,12
50,zscreen_original_graph_v1:zel024_hek293:266,zscreen_original_graph_v1,zel024_hek293,266,4
51,zscreen_original_graph_v1:zel024_hek293:321,zscreen_original_graph_v1,zel024_hek293,321,4
52,zscreen_original_graph_v1:zel024_hek293:332,zscreen_original_graph_v1,zel024_hek293,332,3
53,zscreen_original_graph_v1:zel024_hek293:352,zscreen_original_graph_v1,zel024_hek293,352,9
54,zscreen_original_graph_v1:zel024_hek293:370,zscreen_original_graph_v1,zel024_hek293,370,4
55,zscreen_original_graph_v1:zel024_hek293:415,zscreen_original_graph_v1,zel024_hek293,415,3
56,zscreen_original_graph_v1:zel024_hek293:490,zscreen_original_graph_v1,zel024_hek293,490,5
57,zscreen_original_graph_v1:zel024_hek293:508,zscreen_original_graph_v1,zel024_hek293,508,6
58,zscreen_original_graph_v1:zel024_hek293:510,zscreen_original_graph_v1,zel024_hek293,510,5
59,zscreen_original_graph_v1:zel024_hek293:518,zscreen_original_graph_v1,zel024_hek293,518,36
60,zscreen_original_graph_v1:zel024_hek293:540,zscreen_original_graph_v1,zel024_hek293,540,3
61,zscreen_original_graph_v1:zel024_hek293:541,zscreen_original_graph_v1,zel024_hek293,541,4
62,zscreen_original_graph_v1:zel024_hek293:569,zscreen_original_graph_v1,zel024_hek293,569,4
63,zscreen_original_graph_v1:zel024_hek293:576,zscreen_original_graph_v1,zel024_hek293,576,3
64,zscreen_original_graph_v1:zel024_hek293:612,zscreen_original_graph_v1,zel024_hek293,612,6
65,zscreen_original_graph_v1:zel024_hek293:746,zscreen_original_graph_v1,zel024_hek293,746,3
66,zscreen_original_graph_v1:zel024_hek293:758,zscreen_original_graph_v1,zel024_hek293,758,3
67,zscreen_original_graph_v1:zel024_hek293:788,zscreen_original_graph_v1,zel024_hek293,788,9
68,zscreen_original_graph_v1:zel024_hek293:808,zscreen_original_graph_v1,zel024_hek293,808,5
69,zscreen_original_graph_v1:zel024_hek293:823,zscreen_original_graph_v1,zel024_hek293,823,5
70,zscreen_original_graph_v1:zel024_hek293:845,zscreen_original_graph_v1,zel024_hek293,845,3
71,zscreen_original_graph_v1:zel024_hek293:854,zscreen_original_graph_v1,zel024_hek293,854,6
72,zscreen_original_graph_v1:zel024_hek293:856,zscreen_original_graph_v1,zel024_hek293,856,4
73,zscreen_original_graph_v1:zel024_hek293:894,zscreen_original_graph_v1,zel024_hek293,894,5
74,zscreen_original_graph_v1:zel024_hek293:897,zscreen_original_graph_v1,zel024_hek293,897,5
75,zscreen_original_graph_v1:zel024_hek293:902,zscreen_original_graph_v1,zel024_hek293,902,3
76,zscreen_original_graph_v1:zel024_hek293:921,zscreen_original_graph_v1,zel024_hek293,921,3
77,zscreen_original_graph_v1:zel024_hek293:958,zscreen_original_graph_v1,zel024_hek293,958,3
78,zscreen_original_graph_v1:zel024_hek293:967,zscreen_original_graph_v1,zel024_hek293,967,3
79,zscreen_original_graph_v1:zel024_hek293:971,zscreen_original_graph_v1,zel024_hek293,971,3
80,zscreen_original_graph_v1:zel024_hek293:976,zscreen_original_graph_v1,zel024_hek293,976,12
81,zscreen_original_graph_v1:zel024_hek293:1074,zscreen_original_graph_v1,zel024_hek293,1074,5
82,zscreen_original_graph_v1:zel024_hek293:1104,zscreen_original_graph_v1,zel024_hek293,1104,7
83,zscreen_original_graph_v1:zel024_hek293:1114,zscreen_original_graph_v1,zel024_hek293,1114,3
84,zscreen_original_graph_v1:zel024_hek293:1147,zscreen_original_graph_v1,zel024_hek293,1147,3
85,zscreen_original_graph_v1:zel024_hek293:1179,zscreen_original_graph_v1,zel024_hek293,1179,5
86,zscreen_original_graph_v1:zel024_hek293:1199,zscreen_original_graph_v1,zel024_hek293,1199,5
87,zscreen_original_graph_v1:zel024_hek293:1262,zscreen_original_graph_v1,zel024_hek293,1262,3
88,zscreen_original_graph_v1:zel024_hek293:1285,zscreen_original_graph_v1,zel024_hek293,1285,3
89,zscreen_original_graph_v1:zel024_hek293:1299,zscreen_original_graph_v1,zel024_hek293,1299,5
90,zscreen_original_graph_v1:zel024_hek293:1320,zscreen_original_graph_v1,zel024_hek293,1320,3
91,zscreen_original_graph_v1:zel024_hek293:1375,zscreen_original_graph_v1,zel024_hek293,1375,7
92,zscreen_original_graph_v1:zel024_hek293:1417,zscreen_original_graph_v1,zel024_hek293,1417,4
93,zscreen_original_graph_v1:zel024_hek293:1440,zscreen_original_graph_v1,zel024_hek293,1440,5
94,zscreen_original_graph_v1:zel024_hek293:1614,zscreen_original_graph_v1,zel024_hek293,1614,3
95,zscreen_original_graph_v1:zel024_hek293:1676,zscreen_original_graph_v1,zel024_hek293,1676,3
96,zscreen_original_graph_v1:zel024_hek293:1728,zscreen_original_graph_v1,zel024_hek293,1728,5
97,zscreen_original_graph_v1:zel024_hek293:1883,zscreen_original_graph_v1,zel024_hek293,1883,5
98,zscreen_original_graph_v1:zel024_hek293:1916,zscreen_original_graph_v1,zel024_hek293,1916,4
99,zscreen_original_graph_v1:zel024_hek293:1943,zscreen_original_graph_v1,zel024_hek293,1943,3
100,zscreen_original_graph_v1:zel024_hek293:2002,zscreen_original_graph_v1,zel024_hek293,2002,3
101,zscreen_original_graph_v1:zel024_hek293:2068,zscreen_original_graph_v1,zel024_hek293,2068,3
102,zscreen_original_graph_v1:zel024_hek293:2211,zscreen_original_graph_v1,zel024_hek293,2211,4
103,zscreen_original_graph_v1:zel024_hek293:2319,zscreen_original_graph_v1,zel024_hek293,2319,4
104,zscreen_original_graph_v1:zel024_hek293:2475,zscreen_original_graph_v1,zel024_hek293,2475,6
105,zscreen_original_graph_v1:zel024_hek293:2529,zscreen_original_graph_v1,zel024_hek293,2529,7
106,zscreen_original_graph_v1:zel024_hek293:2601,zscreen_original_graph_v1,zel024_hek293,2601,3
107,zscreen_original_graph_v1:zel024_hek293:2612,zscreen_original_graph_v1,zel024_hek293,2612,4
108,zscreen_original_graph_v1:zel024_hek293:2648,zscreen_original_graph_v1,zel024_hek293,2648,4
109,zscreen_original_graph_v1:zel024_hek293:2841,zscreen_original_graph_v1,zel024_hek293,2841,4
110,zscreen_original_graph_v1:zel024_hek293:2933,zscreen_original_graph_v1,zel024_hek293,2933,3
111,zscreen_original_graph_v1:zel024_hek293:2958,zscreen_original_graph_v1,zel024_hek293,2958,3
112,zscreen_original_graph_v1:zel024_hek293:2971,zscreen_original_graph_v1,zel024_hek293,2971,4
113,zscreen_original_graph_v1:zel024_hek293:2985,zscreen_original_graph_v1,zel024_hek293,2985,6
114,zscreen_original_graph_v1:zel024_hek293:3061,zscreen_original_graph_v1,zel024_hek293,3061,3
115,zscreen_original_graph_v1:zel024_hek293:3327,zscreen_original_graph_v1,zel024_hek293,3327,3
116,zscreen_original_graph_v1:zel024_hek293:3636,zscreen_original_graph_v1,zel024_hek293,3636,3
117,zscreen_original_graph_v1:zel024_hek293:3885,zscreen_original_graph_v1,zel024_hek293,3885,3
118,zscreen_original_graph_v1:zel024_hek293:3911,zscreen_original_graph_v1,zel024_hek293,3911,3
119,zscreen_original_graph_v1:zel024_hek293:4002,zscreen_original_graph_v1,zel024_hek293,4002,5
120,zscreen_original_graph_v1:zel024_hek293:4032,zscreen_original_graph_v1,zel024_hek293,4032,3
121,zscreen_original_graph_v1:zel024_hek293:4063,zscreen_original_graph_v1,zel024_hek293,4063,3
122,zscreen_original_graph_v1:zel024_hek293:4140,zscreen_original_graph_v1,zel024_hek293,4140,3
123,zscreen_original_graph_v1:zel024_hek293:4186,zscreen_original_graph_v1,zel024_hek293,4186,3
124,zscreen_original_graph_v1:zel024_hek293:4298,zscreen_original_graph_v1,zel024_hek293,4298,3
125,zscreen_original_graph_v1:zel024_hek293:4321,zscreen_original_graph_v1,zel024_hek293,4321,3
126,zscreen_original_graph_v1:zel024_hek293:4392,zscreen_original_graph_v1,zel024_hek293,4392,4
127,zscreen_original_graph_v1:zel024_hek293:4540,zscreen_original_graph_v1,zel024_hek293,4540,3
128,zscreen_original_graph_v1:zel024_hek293:4676,zscreen_original_graph_v1,zel024_hek293,4676,9
129,zscreen_original_graph_v1:zel024_hek293:4795,zscreen_original_graph_v1,zel024_hek293,4795,3
130,zscreen_original_graph_v1:zel024_hek293:5070,zscreen_original_graph_v1,zel024_hek293,5070,3
131,zscreen_original_graph_v1:zel024_hek293:5147,zscreen_original_graph_v1,zel024_hek293,5147,3
132,zscreen_original_graph_v1:zel024_hek293:5694,zscreen_original_graph_v1,zel024_hek293,5694,3
133,zscreen_original_graph_v1:zel024_hek293:6253,zscreen_original_graph_v1,zel024_hek293,6253,3
134,zscreen_original_graph_v1:zel024_hek293:6355,zscreen_original_graph_v1,zel024_hek293,6355,3
135,zscreen_original_graph_v1:zel024_hek293:6378,zscreen_original_graph_v1,zel024_hek293,6378,4
136,zscreen_original_graph_v1:zel024_hek293:6729,zscreen_original_graph_v1,zel024_hek293,6729,3
137,zscreen_original_graph_v1:zel024_hek293:6824,zscreen_original_graph_v1,zel024_hek293,6824,4
138,zscreen_original_graph_v1:zel024_hek293:7032,zscreen_original_graph_v1,zel024_hek293,7032,3
139,zscreen_original_graph_v1:zel024_hek293:7087,zscreen_original_graph_v1,zel024_hek293,7087,3
140,zscreen_original_graph_v1:zel024_hek293:7375,zscreen_original_graph_v1,zel024_hek293,7375,3
141,zscreen_original_graph_v1:zel028_a549:4,zscreen_original_graph_v1,zel028_a549,4,3
142,zscreen_original_graph_v1:zel028_a549:7,zscreen_original_graph_v1,zel028_a549,7,3
143,zscreen_original_graph_v1:zel028_a549:16,zscreen_original_graph_v1,zel028_a549,16,5
144,zscreen_original_graph_v1:zel028_a549:50,zscreen_original_graph_v1,zel028_a549,50,5
145,zscreen_original_graph_v1:zel028_a549:69,zscreen_original_graph_v1,zel028_a549,69,24
146,zscreen_original_graph_v1:zel028_a549:89,zscreen_original_graph_v1,zel028_a549,89,3
147,zscreen_original_graph_v1:zel028_a549:127,zscreen_original_graph_v1,zel028_a549,127,8
148,zscreen_original_graph_v1:zel028_a549:157,zscreen_original_graph_v1,zel028_a549,157,10
149,zscreen_original_graph_v1:zel028_a549:159,zscreen_original_graph_v1,zel028_a549,159,4
150,zscreen_original_graph_v1:zel028_a549:226,zscreen_original_graph_v1,zel028_a549,226,5
151,zscreen_original_graph_v1:zel028_a549:300,zscreen_original_graph_v1,zel028_a549,300,6
152,zscreen_original_graph_v1:zel028_a549:389,zscreen_original_graph_v1,zel028_a549,389,3
153,zscreen_original_graph_v1:zel028_a549:406,zscreen_original_graph_v1,zel028_a549,406,6
154,zscreen_original_graph_v1:zel028_a549:458,zscreen_original_graph_v1,zel028_a549,458,4
155,zscreen_original_graph_v1:zel028_a549:465,zscreen_original_graph_v1,zel028_a549,465,9
156,zscreen_original_graph_v1:zel028_a549:466,zscreen_original_graph_v1,zel028_a549,466,3
157,zscreen_original_graph_v1:zel028_a549:501,zscreen_original_graph_v1,zel028_a549,501,7
158,zscreen_original_graph_v1:zel028_a549:512,zscreen_original_graph_v1,zel028_a549,512,3
159,zscreen_original_graph_v1:zel028_a549:514,zscreen_original_graph_v1,zel028_a549,514,10
160,zscreen_original_graph_v1:zel028_a549:565,zscreen_original_graph_v1,zel028_a549,565,11
161,zscreen_original_graph_v1:zel028_a549:566,zscreen_original_graph_v1,zel028_a549,566,14
162,zscreen_original_graph_v1:zel028_a549:596,zscreen_original_graph_v1,zel028_a549,596,5
163,zscreen_original_graph_v1:zel028_a549:627,zscreen_original_graph_v1,zel028_a549,627,9
164,zscreen_original_graph_v1:zel028_a549:641,zscreen_original_graph_v1,zel028_a549,641,17
165,zscreen_original_graph_v1:zel028_a549:674,zscreen_original_graph_v1,zel028_a549,674,3
166,zscreen_original_graph_v1:zel028_a549:684,zscreen_original_graph_v1,zel028_a549,684,11
167,zscreen_original_graph_v1:zel028_a549:702,zscreen_original_graph_v1,zel028_a549,702,3
168,zscreen_original_graph_v1:zel028_a549:713,zscreen_original_graph_v1,zel028_a549,713,5
169,zscreen_original_graph_v1:zel028_a549:778,zscreen_original_graph_v1,zel028_a549,778,17
170,zscreen_original_graph_v1:zel028_a549:787,zscreen_original_graph_v1,zel028_a549,787,7
171,zscreen_original_graph_v1:zel028_a549:831,zscreen_original_graph_v1,zel028_a549,831,3
172,zscreen_original_graph_v1:zel028_a549:863,zscreen_original_graph_v1,zel028_a549,863,5
173,zscreen_original_graph_v1:zel028_a549:894,zscreen_original_graph_v1,zel028_a549,894,4
174,zscreen_original_graph_v1:zel028_a549:955,zscreen_original_graph_v1,zel028_a549,955,3
175,zscreen_original_graph_v1:zel028_a549:1007,zscreen_original_graph_v1,zel028_a549,1007,7
176,zscreen_original_graph_v1:zel028_a549:1015,zscreen_original_graph_v1,zel028_a549,1015,3
177,zscreen_original_graph_v1:zel028_a549:1043,zscreen_original_graph_v1,zel028_a549,1043,5
178,zscreen_original_graph_v1:zel028_a549:1064,zscreen_original_graph_v1,zel028_a549,1064,5
179,zscreen_original_graph_v1:zel028_a549:1077,zscreen_original_graph_v1,zel028_a549,1077,3
180,zscreen_original_graph_v1:zel028_a549:1169,zscreen_original_graph_v1,zel028_a549,1169,6
181,zscreen_original_graph_v1:zel028_a549:1193,zscreen_original_graph_v1,zel028_a549,1193,4
182,zscreen_original_graph_v1:zel028_a549:1241,zscreen_original_graph_v1,zel028_a549,1241,15
183,zscreen_original_graph_v1:zel028_a549:1305,zscreen_original_graph_v1,zel028_a549,1305,5
184,zscreen_original_graph_v1:zel028_a549:1374,zscreen_original_graph_v1,zel028_a549,1374,9
185,zscreen_original_graph_v1:zel028_a549:1381,zscreen_original_graph_v1,zel028_a549,1381,3
186,zscreen_original_graph_v1:zel028_a549:1416,zscreen_original_graph_v1,zel028_a549,1416,11
187,zscreen_original_graph_v1:zel028_a549:1426,zscreen_original_graph_v1,zel028_a549,1426,5
188,zscreen_original_graph_v1:zel028_a549:1427,zscreen_original_graph_v1,zel028_a549,1427,3
189,zscreen_original_graph_v1:zel028_a549:1432,zscreen_original_graph_v1,zel028_a549,1432,13
190,zscreen_original_graph_v1:zel028_a549:1435,zscreen_original_graph_v1,zel028_a549,1435,12
191,zscreen_original_graph_v1:zel028_a549:1492,zscreen_original_graph_v1,zel028_a549,1492,6
192,zscreen_original_graph_v1:zel028_a549:1536,zscreen_original_graph_v1,zel028_a549,1536,3
193,zscreen_original_graph_v1:zel028_a549:1550,zscreen_original_graph_v1,zel028_a549,1550,5
194,zscreen_original_graph_v1:zel028_a549:1560,zscreen_original_graph_v1,zel028_a549,1560,3
195,zscreen_original_graph_v1:zel028_a549:1601,zscreen_original_graph_v1,zel028_a549,1601,3
196,zscreen_original_graph_v1:zel028_a549:1648,zscreen_original_graph_v1,zel028_a549,1648,5
197,zscreen_original_graph_v1:zel028_a549:1649,zscreen_original_graph_v1,zel028_a549,1649,4
198,zscreen_original_graph_v1:zel028_a549:1658,zscreen_original_graph_v1,zel028_a549,1658,4
199,zscreen_original_graph_v1:zel028_a549:1712,zscreen_original_graph_v1,zel028_a549,1712,8
200,zscreen_original_graph_v1:zel028_a549:1719,zscreen_original_graph_v1,zel028_a549,1719,5
201,zscreen_original_graph_v1:zel028_a549:1824,zscreen_original_graph_v1,zel028_a549,1824,3
202,zscreen_original_graph_v1:zel028_a549:1866,zscreen_original_graph_v1,zel028_a549,1866,3
203,zscreen_original_graph_v1:zel028_a549:1871,zscreen_original_graph_v1,zel028_a549,1871,3
204,zscreen_original_graph_v1:zel028_a549:1906,zscreen_original_graph_v1,zel028_a549,1906,3
205,zscreen_original_graph_v1:zel028_a549:1930,zscreen_original_graph_v1,zel028_a549,1930,4
206,zscreen_original_graph_v1:zel028_a549:1953,zscreen_original_graph_v1,zel028_a549,1953,3
207,zscreen_original_graph_v1:zel028_a549:1960,zscreen_original_graph_v1,zel028_a549,1960,7
208,zscreen_original_graph_v1:zel028_a549:1982,zscreen_original_graph_v1,zel028_a549,1982,3
209,zscreen_original_graph_v1:zel028_a549:2021,zscreen_original_graph_v1,zel028_a549,2021,3
210,zscreen_original_graph_v1:zel028_a549:2022,zscreen_original_graph_v1,zel028_a549,2022,5
211,zscreen_original_graph_v1:zel028_a549:2101,zscreen_original_graph_v1,zel028_a549,2101,3
212,zscreen_original_graph_v1:zel028_a549:2189,zscreen_original_graph_v1,zel028_a549,2189,4
213,zscreen_original_graph_v1:zel028_a549:2220,zscreen_original_graph_v1,zel028_a549,2220,3
214,zscreen_original_graph_v1:zel028_a549:2227,zscreen_original_graph_v1,zel028_a549,2227,6
215,zscreen_original_graph_v1:zel028_a549:2245,zscreen_original_graph_v1,zel028_a549,2245,8
216,zscreen_original_graph_v1:zel028_a549:2290,zscreen_original_graph_v1,zel028_a549,2290,5
217,zscreen_original_graph_v1:zel028_a549:2293,zscreen_original_graph_v1,zel028_a549,2293,4
218,zscreen_original_graph_v1:zel028_a549:2300,zscreen_original_graph_v1,zel028_a549,2300,5
219,zscreen_original_graph_v1:zel028_a549:2305,zscreen_original_graph_v1,zel028_a549,2305,9
220,zscreen_original_graph_v1:zel028_a549:2423,zscreen_original_graph_v1,zel028_a549,2423,16
221,zscreen_original_graph_v1:zel028_a549:2425,zscreen_original_graph_v1,zel028_a549,2425,5
222,zscreen_original_graph_v1:zel028_a549:2451,zscreen_original_graph_v1,zel028_a549,2451,3
223,zscreen_original_graph_v1:zel028_a549:2480,zscreen_original_graph_v1,zel028_a549,2480,3
224,zscreen_original_graph_v1:zel028_a549:2484,zscreen_original_graph_v1,zel028_a549,2484,3
225,zscreen_original_graph_v1:zel028_a549:2488,zscreen_original_graph_v1,zel028_a549,2488,4
226,zscreen_original_graph_v1:zel028_a549:2527,zscreen_original_graph_v1,zel028_a549,2527,3
227,zscreen_original_graph_v1:zel028_a549:2562,zscreen_original_graph_v1,zel028_a549,2562,3
228,zscreen_original_graph_v1:zel028_a549:2583,zscreen_original_graph_v1,zel028_a549,2583,9
229,zscreen_original_graph_v1:zel028_a549:2650,zscreen_original_graph_v1,zel028_a549,2650,5
230,zscreen_original_graph_v1:zel028_a549:2724,zscreen_original_graph_v1,zel028_a549,2724,3
231,zscreen_original_graph_v1:zel028_a549:2850,zscreen_original_graph_v1,zel028_a549,2850,4
232,zscreen_original_graph_v1:zel028_a549:2919,zscreen_original_graph_v1,zel028_a549,2919,3
233,zscreen_original_graph_v1:zel028_a549:2954,zscreen_original_graph_v1,zel028_a549,2954,3
234,zscreen_original_graph_v1:zel028_a549:2982,zscreen_original_graph_v1,zel028_a549,2982,15
235,zscreen_original_graph_v1:zel028_a549:3032,zscreen_original_graph_v1,zel028_a549,3032,5
236,zscreen_original_graph_v1:zel028_a549:3038,zscreen_original_graph_v1,zel028_a549,3038,4
237,zscreen_original_graph_v1:zel028_a549:3043,zscreen_original_graph_v1,zel028_a549,3043,5
238,zscreen_original_graph_v1:zel028_a549:3097,zscreen_original_graph_v1,zel028_a549,3097,3
239,zscreen_original_graph_v1:zel028_a549:3135,zscreen_original_graph_v1,zel028_a549,3135,3
240,zscreen_original_graph_v1:zel028_a549:3140,zscreen_original_graph_v1,zel028_a549,3140,9
241,zscreen_original_graph_v1:zel028_a549:3263,zscreen_original_graph_v1,zel028_a549,3263,3
242,zscreen_original_graph_v1:zel028_a549:3294,zscreen_original_graph_v1,zel028_a549,3294,11
243,zscreen_original_graph_v1:zel028_a549:3299,zscreen_original_graph_v1,zel028_a549,3299,3
244,zscreen_original_graph_v1:zel028_a549:3426,zscreen_original_graph_v1,zel028_a549,3426,3
245,zscreen_original_graph_v1:zel028_a549:3437,zscreen_original_graph_v1,zel028_a549,3437,3
246,zscreen_original_graph_v1:zel028_a549:3474,zscreen_original_graph_v1,zel028_a549,3474,3
247,zscreen_original_graph_v1:zel028_a549:3507,zscreen_original_graph_v1,zel028_a549,3507,4
248,zscreen_original_graph_v1:zel028_a549:3510,zscreen_original_graph_v1,zel028_a549,3510,3
249,zscreen_original_graph_v1:zel028_a549:3547,zscreen_original_graph_v1,zel028_a549,3547,4
250,zscreen_original_graph_v1:zel028_a549:3570,zscreen_original_graph_v1,zel028_a549,3570,3
251,zscreen_original_graph_v1:zel028_a549:3584,zscreen_original_graph_v1,zel028_a549,3584,3
252,zscreen_original_graph_v1:zel028_a549:3593,zscreen_original_graph_v1,zel028_a549,3593,4
253,zscreen_original_graph_v1:zel028_a549:3624,zscreen_original_graph_v1,zel028_a549,3624,3
254,zscreen_original_graph_v1:zel028_a549:3715,zscreen_original_graph_v1,zel028_a549,3715,3
255,zscreen_original_graph_v1:zel028_a549:3726,zscreen_original_graph_v1,zel028_a549,3726,5
256,zscreen_original_graph_v1:zel028_a549:3749,zscreen_original_graph_v1,zel028_a549,3749,3
257,zscreen_original_graph_v1:zel028_a549:3770,zscreen_original_graph_v1,zel028_a549,3770,6
258,zscreen_original_graph_v1:zel028_a549:3807,zscreen_original_graph_v1,zel028_a549,3807,3
259,zscreen_original_graph_v1:zel028_a549:3870,zscreen_original_graph_v1,zel028_a549,3870,3
260,zscreen_original_graph_v1:zel028_a549:3897,zscreen_original_graph_v1,zel028_a549,3897,3
261,zscreen_original_graph_v1:zel028_a549:4037,zscreen_original_graph_v1,zel028_a549,4037,4
262,zscreen_original_graph_v1:zel028_a549:4108,zscreen_original_graph_v1,zel028_a549,4108,7
263,zscreen_original_graph_v1:zel028_a549:4136,zscreen_original_graph_v1,zel028_a549,4136,3
264,zscreen_original_graph_v1:zel028_a549:4181,zscreen_original_graph_v1,zel028_a549,4181,7
265,zscreen_original_graph_v1:zel028_a549:4204,zscreen_original_graph_v1,zel028_a549,4204,4
266,zscreen_original_graph_v1:zel028_a549:4298,zscreen_original_graph_v1,zel028_a549,4298,6
267,zscreen_original_graph_v1:zel028_a549:4305,zscreen_original_graph_v1,zel028_a549,4305,9
268,zscreen_original_graph_v1:zel028_a549:4432,zscreen_original_graph_v1,zel028_a549,4432,3
269,zscreen_original_graph_v1:zel028_a549:4521,zscreen_original_graph_v1,zel028_a549,4521,3
270,zscreen_original_graph_v1:zel028_a549:4528,zscreen_original_graph_v1,zel028_a549,4528,3
271,zscreen_original_graph_v1:zel028_a549:4534,zscreen_original_graph_v1,zel028_a549,4534,3
272,zscreen_original_graph_v1:zel028_a549:4636,zscreen_original_graph_v1,zel028_a549,4636,3
273,zscreen_original_graph_v1:zel028_a549:4672,zscreen_original_graph_v1,zel028_a549,4672,5
274,zscreen_original_graph_v1:zel028_a549:4728,zscreen_original_graph_v1,zel028_a549,4728,7
275,zscreen_original_graph_v1:zel028_a549:4934,zscreen_original_graph_v1,zel028_a549,4934,3
276,zscreen_original_graph_v1:zel028_a549:4976,zscreen_original_graph_v1,zel028_a549,4976,4
277,zscreen_original_graph_v1:zel028_a549:5107,zscreen_original_graph_v1,zel028_a549,5107,17
278,zscreen_original_graph_v1:zel028_a549:5144,zscreen_original_graph_v1,zel028_a549,5144,3
279,zscreen_original_graph_v1:zel028_a549:5182,zscreen_original_graph_v1,zel028_a549,5182,3
280,zscreen_original_graph_v1:zel028_a549:5286,zscreen_original_graph_v1,zel028_a549,5286,4
281,zscreen_original_graph_v1:zel028_a549:5316,zscreen_original_graph_v1,zel028_a549,5316,3
282,zscreen_original_graph_v1:zel028_a549:5319,zscreen_original_graph_v1,zel028_a549,5319,4
283,zscreen_original_graph_v1:zel028_a549:5418,zscreen_original_graph_v1,zel028_a549,5418,6
284,zscreen_original_graph_v1:zel028_a549:5456,zscreen_original_graph_v1,zel028_a549,5456,4
285,zscreen_original_graph_v1:zel028_a549:5468,zscreen_original_graph_v1,zel028_a549,5468,5
286,zscreen_original_graph_v1:zel028_a549:5495,zscreen_original_graph_v1,zel028_a549,5495,5
287,zscreen_original_graph_v1:zel028_a549:5523,zscreen_original_graph_v1,zel028_a549,5523,3
288,zscreen_original_graph_v1:zel028_a549:5632,zscreen_original_graph_v1,zel028_a549,5632,3
289,zscreen_original_graph_v1:zel028_a549:5718,zscreen_original_graph_v1,zel028_a549,5718,4
290,zscreen_original_graph_v1:zel028_a549:5723,zscreen_original_graph_v1,zel028_a549,5723,4
291,zscreen_original_graph_v1:zel028_a549:5816,zscreen_original_graph_v1,zel028_a549,5816,3
292,zscreen_original_graph_v1:zel028_a549:5836,zscreen_original_graph_v1,zel028_a549,5836,13
293,zscreen_original_graph_v1:zel028_a549:5839,zscreen_original_graph_v1,zel028_a549,5839,4
294,zscreen_original_graph_v1:zel028_a549:5922,zscreen_original_graph_v1,zel028_a549,5922,4
295,zscreen_original_graph_v1:zel028_a549:5941,zscreen_original_graph_v1,zel028_a549,5941,4
296,zscreen_original_graph_v1:zel028_a549:6029,zscreen_original_graph_v1,zel028_a549,6029,3
297,zscreen_original_graph_v1:zel028_a549:6051,zscreen_original_graph_v1,zel028_a549,6051,4
298,zscreen_original_graph_v1:zel028_a549:6097,zscreen_original_graph_v1,zel028_a549,6097,4
299,zscreen_original_graph_v1:zel028_a549:6146,zscreen_original_graph_v1,zel028_a549,6146,4
300,zscreen_original_graph_v1:zel028_a549:6178,zscreen_original_graph_v1,zel028_a549,6178,9
301,zscreen_original_graph_v1:zel028_a549:6180,zscreen_original_graph_v1,zel028_a549,6180,5
302,zscreen_original_graph_v1:zel028_a549:6297,zscreen_original_graph_v1,zel028_a549,6297,5
303,zscreen_original_graph_v1:zel028_a549:6622,zscreen_original_graph_v1,zel028_a549,6622,4
304,zscreen_original_graph_v1:zel028_a549:6764,zscreen_original_graph_v1,zel028_a549,6764,4
305,zscreen_original_graph_v1:zel028_a549:6796,zscreen_original_graph_v1,zel028_a549,6796,5
306,zscreen_original_graph_v1:zel028_a549:6800,zscreen_original_graph_v1,zel028_a549,6800,8
307,zscreen_original_graph_v1:zel028_a549:6844,zscreen_original_graph_v1,zel028_a549,6844,6
308,zscreen_original_graph_v1:zel028_a549:6867,zscreen_original_graph_v1,zel028_a549,6867,9
309,zscreen_original_graph_v1:zel028_a549:6909,zscreen_original_graph_v1,zel028_a549,6909,4
310,zscreen_original_graph_v1:zel028_a549:6987,zscreen_original_graph_v1,zel028_a549,6987,6
311,zscreen_original_graph_v1:zel028_a549:6998,zscreen_original_graph_v1,zel028_a549,6998,3
312,zscreen_original_graph_v1:zel028_a549:7057,zscreen_original_graph_v1,zel028_a549,7057,5
313,zscreen_original_graph_v1:zel028_a549:7177,zscreen_original_graph_v1,zel028_a549,7177,4
314,zscreen_original_graph_v1:zel028_a549:7196,zscreen_original_graph_v1,zel028_a549,7196,5
315,zscreen_original_graph_v1:zel028_a549:7257,zscreen_original_graph_v1,zel028_a549,7257,9
316,zscreen_original_graph_v1:zel028_a549:7293,zscreen_original_graph_v1,zel028_a549,7293,3
317,zscreen_original_graph_v1:zel028_a549:7318,zscreen_original_graph_v1,zel028_a549,7318,3
318,zscreen_original_graph_v1:zel028_a549:7807,zscreen_original_graph_v1,zel028_a549,7807,3
319,zscreen_original_graph_v1:zel028_a549:7815,zscreen_original_graph_v1,zel028_a549,7815,5
320,zscreen_original_graph_v1:zel028_a549:7972,zscreen_original_graph_v1,zel028_a549,7972,5
321,zscreen_original_graph_v1:zel028_a549:7980,zscreen_original_graph_v1,zel028_a549,7980,7
322,zscreen_original_graph_v1:zel028_a549:8048,zscreen_original_graph_v1,zel028_a549,8048,4
323,zscreen_original_graph_v1:zel028_a549:8120,zscreen_original_graph_v1,zel028_a549,8120,3
324,zscreen_original_graph_v1:zel028_a549:8245,zscreen_original_graph_v1,zel028_a549,8245,3
325,zscreen_original_graph_v1:zel028_a549:8316,zscreen_original_graph_v1,zel028_a549,8316,6
326,zscreen_original_graph_v1:zel028_a549:8412,zscreen_original_graph_v1,zel028_a549,8412,3
327,zscreen_original_graph_v1:zel028_a549:8424,zscreen_original_graph_v1,zel028_a549,8424,3
328,zscreen_original_graph_v1:zel028_a549:8428,zscreen_original_graph_v1,zel028_a549,8428,6
329,zscreen_original_graph_v1:zel028_a549:8468,zscreen_original_graph_v1,zel028_a549,8468,3
330,zscreen_original_graph_v1:zel028_a549:8559,zscreen_original_graph_v1,zel028_a549,8559,4
331,zscreen_original_graph_v1:zel028_a549:8618,zscreen_original_graph_v1,zel028_a549,8618,3
332,zscreen_original_graph_v1:zel028_a549:8674,zscreen_original_graph_v1,zel028_a549,8674,3
333,zscreen_original_graph_v1:zel028_a549:8746,zscreen_original_graph_v1,zel028_a549,8746,7
334,zscreen_original_graph_v1:zel028_a549:8836,zscreen_original_graph_v1,zel028_a549,8836,3
335,zscreen_original_graph_v1:zel028_a549:8925,zscreen_original_graph_v1,zel028_a549,8925,3
336,zscreen_original_graph_v1:zel028_a549:9131,zscreen_original_graph_v1,zel028_a549,9131,3
337,zscreen_original_graph_v1:zel028_a549:9138,zscreen_original_graph_v1,zel028_a549,9138,5
338,zscreen_original_graph_v1:zel028_a549:9197,zscreen_original_graph_v1,zel028_a549,9197,5
339,zscreen_original_graph_v1:zel028_a549:9255,zscreen_original_graph_v1,zel028_a549,9255,4
340,zscreen_original_graph_v1:zel028_a549:9257,zscreen_original_graph_v1,zel028_a549,9257,3
341,zscreen_original_graph_v1:zel028_a549:9298,zscreen_original_graph_v1,zel028_a549,9298,4
342,zscreen_original_graph_v1:zel028_a549:9330,zscreen_original_graph_v1,zel028_a549,9330,4
343,zscreen_original_graph_v1:zel028_a549:9373,zscreen_original_graph_v1,zel028_a549,9373,7
344,zscreen_original_graph_v1:zel028_a549:9486,zscreen_original_graph_v1,zel028_a549,9486,3
345,zscreen_original_graph_v1:zel028_a549:9725,zscreen_original_graph_v1,zel028_a549,9725,4
346,zscreen_original_graph_v1:zel028_a549:9935,zscreen_original_graph_v1,zel028_a549,9935,12
347,zscreen_original_graph_v1:zel028_a549:10046,zscreen_original_graph_v1,zel028_a549,10046,4
348,zscreen_original_graph_v1:zel028_a549:10048,zscreen_original_graph_v1,zel028_a549,10048,11
349,zscreen_original_graph_v1:zel028_a549:10349,zscreen_original_graph_v1,zel028_a549,10349,4
350,zscreen_original_graph_v1:zel028_a549:10471,zscreen_original_graph_v1,zel028_a549,10471,3
351,zscreen_original_graph_v1:zel028_a549:10549,zscreen_original_graph_v1,zel028_a549,10549,3
352,zscreen_original_graph_v1:zel028_a549:10561,zscreen_original_graph_v1,zel028_a549,10561,5
353,zscreen_original_graph_v1:zel028_a549:10562,zscreen_original_graph_v1,zel028_a549,10562,4
354,zscreen_original_graph_v1:zel028_a549:10577,zscreen_original_graph_v1,zel028_a549,10577,3
355,zscreen_original_graph_v1:zel028_a549:10605,zscreen_original_graph_v1,zel028_a549,10605,3
356,zscreen_original_graph_v1:zel028_a549:10660,zscreen_original_graph_v1,zel028_a549,10660,4
357,zscreen_original_graph_v1:zel028_a549:10678,zscreen_original_graph_v1,zel028_a549,10678,4
358,zscreen_original_graph_v1:zel028_a549:10819,zscreen_original_graph_v1,zel028_a549,10819,4
359,zscreen_original_graph_v1:zel028_a549:11005,zscreen_original_graph_v1,zel028_a549,11005,3
360,zscreen_original_graph_v1:zel028_a549:11047,zscreen_original_graph_v1,zel028_a549,11047,3
361,zscreen_original_graph_v1:zel028_a549:11156,zscreen_original_graph_v1,zel028_a549,11156,3
362,zscreen_original_graph_v1:zel028_a549:11188,zscreen_original_graph_v1,zel028_a549,11188,4
363,zscreen_original_graph_v1:zel028_a549:11253,zscreen_original_graph_v1,zel028_a549,11253,3
364,zscreen_original_graph_v1:zel028_a549:11473,zscreen_original_graph_v1,zel028_a549,11473,4
365,zscreen_original_graph_v1:zel028_a549:11522,zscreen_original_graph_v1,zel028_a549,11522,3
366,zscreen_original_graph_v1:zel028_a549:11532,zscreen_original_graph_v1,zel028_a549,11532,6
367,zscreen_original_graph_v1:zel028_a549:11721,zscreen_original_graph_v1,zel028_a549,11721,5
368,zscreen_original_graph_v1:zel028_a549:11796,zscreen_original_graph_v1,zel028_a549,11796,4
369,zscreen_original_graph_v1:zel028_a549:11946,zscreen_original_graph_v1,zel028_a549,11946,3
370,zscreen_original_graph_v1:zel028_a549:11975,zscreen_original_graph_v1,zel028_a549,11975,3
371,zscreen_original_graph_v1:zel028_a549:12149,zscreen_original_graph_v1,zel028_a549,12149,3
372,zscreen_original_graph_v1:zel028_a549:12156,zscreen_original_graph_v1,zel028_a549,12156,3
373,zscreen_original_graph_v1:zel028_a549:12227,zscreen_original_graph_v1,zel028_a549,12227,4
374,zscreen_original_graph_v1:zel028_a549:12352,zscreen_original_graph_v1,zel028_a549,12352,3
375,zscreen_original_graph_v1:zel028_a549:12451,zscreen_original_graph_v1,zel028_a549,12451,7
376,zscreen_original_graph_v1:zel028_a549:12452,zscreen_original_graph_v1,zel028_a549,12452,4
377,zscreen_original_graph_v1:zel028_a549:12489,zscreen_original_graph_v1,zel028_a549,12489,3
378,zscreen_original_graph_v1:zel028_a549:12926,zscreen_original_graph_v1,zel028_a549,12926,3
379,zscreen_original_graph_v1:zel028_a549:12935,zscreen_original_graph_v1,zel028_a549,12935,3
380,zscreen_original_graph_v1:zel028_a549:13015,zscreen_original_graph_v1,zel028_a549,13015,3
381,zscreen_original_graph_v1:zel028_a549:13177,zscreen_original_graph_v1,zel028_a549,13177,3
382,zscreen_original_graph_v1:zel028_a549:13243,zscreen_original_graph_v1,zel028_a549,13243,5
383,zscreen_original_graph_v1:zel028_a549:13391,zscreen_original_graph_v1,zel028_a549,13391,3
384,zscreen_original_graph_v1:zel028_a549:13406,zscreen_original_graph_v1,zel028_a549,13406,3
385,zscreen_original_graph_v1:zel028_a549:13582,zscreen_original_graph_v1,zel028_a549,13582,3
386,zscreen_original_graph_v1:zel028_a549:13699,zscreen_original_graph_v1,zel028_a549,13699,4
387,zscreen_original_graph_v1:zel028_a549:13881,zscreen_original_graph_v1,zel028_a549,13881,3
388,zscreen_original_graph_v1:zel028_a549:13911,zscreen_original_graph_v1,zel028_a549,13911,3
389,zscreen_original_graph_v1:zel028_a549:13960,zscreen_original_graph_v1,zel028_a549,13960,3
390,zscreen_original_graph_v1:zel028_a549:13983,zscreen_original_graph_v1,zel028_a549,13983,3
391,zscreen_original_graph_v1:zel028_a549:14060,zscreen_original_graph_v1,zel028_a549,14060,4
392,zscreen_original_graph_v1:zel028_a549:14133,zscreen_original_graph_v1,zel028_a549,14133,3
393,zscreen_original_graph_v1:zel028_a549:14362,zscreen_original_graph_v1,zel028_a549,14362,3
394,zscreen_original_graph_v1:zel028_a549:14381,zscreen_original_graph_v1,zel028_a549,14381,8
395,zscreen_original_graph_v1:zel028_a549:15573,zscreen_original_graph_v1,zel028_a549,15573,4
396,zscreen_original_graph_v1:zel028_a549:15764,zscreen_original_graph_v1,zel028_a549,15764,8
397,zscreen_original_graph_v1:zel028_a549:15823,zscreen_original_graph_v1,zel028_a549,15823,3
398,zscreen_original_graph_v1:zel028_a549:15909,zscreen_original_graph_v1,zel028_a549,15909,4
399,zscreen_original_graph_v1:zel028_a549:15973,zscreen_original_graph_v1,zel028_a549,15973,3
400,zscreen_original_graph_v1:zel028_a549:16160,zscreen_original_graph_v1,zel028_a549,16160,3
401,zscreen_original_graph_v1:zel028_a549:16229,zscreen_original_graph_v1,zel028_a549,16229,4
402,zscreen_original_graph_v1:zel028_a549:17068,zscreen_original_graph_v1,zel028_a549,17068,6
403,zscreen_original_graph_v1:zel028_a549:17101,zscreen_original_graph_v1,zel028_a549,17101,4
404,zscreen_original_graph_v1:zel028_a549:17324,zscreen_original_graph_v1,zel028_a549,17324,4
405,zscreen_original_graph_v1:zel028_a549:17378,zscreen_original_graph_v1,zel028_a549,17378,3
406,zscreen_original_graph_v1:zel028_a549:17491,zscreen_original_graph_v1,zel028_a549,17491,3
407,zscreen_original_graph_v1:zel028_a549:17903,zscreen_original_graph_v1,zel028_a549,17903,4
408,zscreen_original_graph_v1:zel028_a549:17913,zscreen_original_graph_v1,zel028_a549,17913,3
409,zscreen_original_graph_v1:zel028_a549:18151,zscreen_original_graph_v1,zel028_a549,18151,3
410,zscreen_original_graph_v1:zel028_a549:18362,zscreen_original_graph_v1,zel028_a549,18362,3
411,zscreen_original_graph_v1:zel028_a549:18559,zscreen_original_graph_v1,zel028_a549,18559,3
412,zscreen_original_graph_v1:zel028_a549:18627,zscreen_original_graph_v1,zel028_a549,18627,3
413,zscreen_original_graph_v1:zel028_a549:18724,zscreen_original_graph_v1,zel028_a549,18724,4
414,zscreen_original_graph_v1:zel028_a549:19405,zscreen_original_graph_v1,zel028_a549,19405,4
415,zscreen_original_graph_v1:zel028_a549:20399,zscreen_original_graph_v1,zel028_a549,20399,3
416,zscreen_original_graph_v1:zel028_a549:20743,zscreen_original_graph_v1,zel028_a549,20743,3
417,zscreen_original_graph_v1:zel028_a549:20798,zscreen_original_graph_v1,zel028_a549,20798,3
418,zscreen_original_graph_v1:zel028_a549:20823,zscreen_original_graph_v1,zel028_a549,20823,4
419,zscreen_original_graph_v1:zel028_a549:20961,zscreen_original_graph_v1,zel028_a549,20961,4
420,zscreen_original_graph_v1:zel028_a549:21023,zscreen_original_graph_v1,zel028_a549,21023,4
421,zscreen_original_graph_v1:zel028_a549:21156,zscreen_original_graph_v1,zel028_a549,21156,4
422,zscreen_original_graph_v1:zel028_a549:21238,zscreen_original_graph_v1,zel028_a549,21238,3
423,zscreen_original_graph_v1:zel028_a549:21263,zscreen_original_graph_v1,zel028_a549,21263,3
424,zscreen_original_graph_v1:zel028_a549:21265,zscreen_original_graph_v1,zel028_a549,21265,3
425,zscreen_original_graph_v1:zel028_a549:21334,zscreen_original_graph_v1,zel028_a549,21334,3
426,zscreen_original_graph_v1:zel028_a549:21425,zscreen_original_graph_v1,zel028_a549,21425,3
427,zscreen_original_graph_v1:zel028_a549:21567,zscreen_original_graph_v1,zel028_a549,21567,3
428,zscreen_original_graph_v1:zel028_a549:22150,zscreen_original_graph_v1,zel028_a549,22150,3
429,zscreen_original_graph_v1:zel028_a549:22378,zscreen_original_graph_v1,zel028_a549,22378,3
430,zscreen_original_graph_v1:zel028_a549:23235,zscreen_original_graph_v1,zel028_a549,23235,3
431,zscreen_original_graph_v1:zel028_a549:25264,zscreen_original_graph_v1,zel028_a549,25264,4
432,zscreen_original_graph_v1:zel028_a549:25682,zscreen_original_graph_v1,zel028_a549,25682,3
433,zscreen_original_graph_v1:zel028_a549:26074,zscreen_original_graph_v1,zel028_a549,26074,3
434,zscreen_original_graph_v1:zel028_a549:26726,zscreen_original_graph_v1,zel028_a549,26726,3
435,zscreen_original_graph_v1:zel028_a549:26749,zscreen_original_graph_v1,zel028_a549,26749,3
436,zscreen_original_graph_v1:zel028_a549:26775,zscreen_original_graph_v1,zel028_a549,26775,4
437,zscreen_original_graph_v1:zel028_a549:26948,zscreen_original_graph_v1,zel028_a549,26948,8
438,zscreen_original_graph_v1:zel028_a549:28017,zscreen_original_graph_v1,zel028_a549,28017,3
439,zscreen_original_graph_v1:zel028_a549:29529,zscreen_original_graph_v1,zel028_a549,29529,4
440,zscreen_original_graph_v1:zel028_a549:29956,zscreen_original_graph_v1,zel028_a549,29956,3
441,zscreen_original_graph_v1:zel028_h1650:24,zscreen_original_graph_v1,zel028_h1650,24,7
442,zscreen_original_graph_v1:zel028_h1650:26,zscreen_original_graph_v1,zel028_h1650,26,32
443,zscreen_original_graph_v1:zel028_h1650:67,zscreen_original_graph_v1,zel028_h1650,67,4
444,zscreen_original_graph_v1:zel028_h1650:113,zscreen_original_graph_v1,zel028_h1650,113,10
445,zscreen_original_graph_v1:zel028_h1650:151,zscreen_original_graph_v1,zel028_h1650,151,9
446,zscreen_original_graph_v1:zel028_h1650:167,zscreen_original_graph_v1,zel028_h1650,167,8
447,zscreen_original_graph_v1:zel028_h1650:225,zscreen_original_graph_v1,zel028_h1650,225,6
448,zscreen_original_graph_v1:zel028_h1650:257,zscreen_original_graph_v1,zel028_h1650,257,4
449,zscreen_original_graph_v1:zel028_h1650:289,zscreen_original_graph_v1,zel028_h1650,289,3
450,zscreen_original_graph_v1:zel028_h1650:295,zscreen_original_graph_v1,zel028_h1650,295,4
451,zscreen_original_graph_v1:zel028_h1650:299,zscreen_original_graph_v1,zel028_h1650,299,4
452,zscreen_original_graph_v1:zel028_h1650:324,zscreen_original_graph_v1,zel028_h1650,324,8
453,zscreen_original_graph_v1:zel028_h1650:378,zscreen_original_graph_v1,zel028_h1650,378,13
454,zscreen_original_graph_v1:zel028_h1650:401,zscreen_original_graph_v1,zel028_h1650,401,20
455,zscreen_original_graph_v1:zel028_h1650:406,zscreen_original_graph_v1,zel028_h1650,406,137
456,zscreen_original_graph_v1:zel028_h1650:499,zscreen_original_graph_v1,zel028_h1650,499,3
457,zscreen_original_graph_v1:zel028_h1650:581,zscreen_original_graph_v1,zel028_h1650,581,11
458,zscreen_original_graph_v1:zel028_h1650:597,zscreen_original_graph_v1,zel028_h1650,597,4
459,zscreen_original_graph_v1:zel028_h1650:614,zscreen_original_graph_v1,zel028_h1650,614,4
460,zscreen_original_graph_v1:zel028_h1650:621,zscreen_original_graph_v1,zel028_h1650,621,4
461,zscreen_original_graph_v1:zel028_h1650:629,zscreen_original_graph_v1,zel028_h1650,629,3
462,zscreen_original_graph_v1:zel028_h1650:649,zscreen_original_graph_v1,zel028_h1650,649,9
463,zscreen_original_graph_v1:zel028_h1650:653,zscreen_original_graph_v1,zel028_h1650,653,10
464,zscreen_original_graph_v1:zel028_h1650:681,zscreen_original_graph_v1,zel028_h1650,681,3
465,zscreen_original_graph_v1:zel028_h1650:693,zscreen_original_graph_v1,zel028_h1650,693,4
466,zscreen_original_graph_v1:zel028_h1650:708,zscreen_original_graph_v1,zel028_h1650,708,16
467,zscreen_original_graph_v1:zel028_h1650:720,zscreen_original_graph_v1,zel028_h1650,720,3
468,zscreen_original_graph_v1:zel028_h1650:736,zscreen_original_graph_v1,zel028_h1650,736,21
469,zscreen_original_graph_v1:zel028_h1650:950,zscreen_original_graph_v1,zel028_h1650,950,3
470,zscreen_original_graph_v1:zel028_h1650:973,zscreen_original_graph_v1,zel028_h1650,973,7
471,zscreen_original_graph_v1:zel028_h1650:980,zscreen_original_graph_v1,zel028_h1650,980,6
472,zscreen_original_graph_v1:zel028_h1650:1060,zscreen_original_graph_v1,zel028_h1650,1060,5
473,zscreen_original_graph_v1:zel028_h1650:1075,zscreen_original_graph_v1,zel028_h1650,1075,5
474,zscreen_original_graph_v1:zel028_h1650:1079,zscreen_original_graph_v1,zel028_h1650,1079,9
475,zscreen_original_graph_v1:zel028_h1650:1081,zscreen_original_graph_v1,zel028_h1650,1081,3
476,zscreen_original_graph_v1:zel028_h1650:1095,zscreen_original_graph_v1,zel028_h1650,1095,4
477,zscreen_original_graph_v1:zel028_h1650:1121,zscreen_original_graph_v1,zel028_h1650,1121,4
478,zscreen_original_graph_v1:zel028_h1650:1149,zscreen_original_graph_v1,zel028_h1650,1149,6
479,zscreen_original_graph_v1:zel028_h1650:1154,zscreen_original_graph_v1,zel028_h1650,1154,3
480,zscreen_original_graph_v1:zel028_h1650:1174,zscreen_original_graph_v1,zel028_h1650,1174,6
481,zscreen_original_graph_v1:zel028_h1650:1202,zscreen_original_graph_v1,zel028_h1650,1202,3
482,zscreen_original_graph_v1:zel028_h1650:1245,zscreen_original_graph_v1,zel028_h1650,1245,8
483,zscreen_original_graph_v1:zel028_h1650:1258,zscreen_original_graph_v1,zel028_h1650,1258,4
484,zscreen_original_graph_v1:zel028_h1650:1264,zscreen_original_graph_v1,zel028_h1650,1264,4
485,zscreen_original_graph_v1:zel028_h1650:1269,zscreen_original_graph_v1,zel028_h1650,1269,3
486,zscreen_original_graph_v1:zel028_h1650:1328,zscreen_original_graph_v1,zel028_h1650,1328,4
487,zscreen_original_graph_v1:zel028_h1650:1329,zscreen_original_graph_v1,zel028_h1650,1329,7
488,zscreen_original_graph_v1:zel028_h1650:1433,zscreen_original_graph_v1,zel028_h1650,1433,3
489,zscreen_original_graph_v1:zel028_h1650:1442,zscreen_original_graph_v1,zel028_h1650,1442,6
490,zscreen_original_graph_v1:zel028_h1650:1461,zscreen_original_graph_v1,zel028_h1650,1461,6
491,zscreen_original_graph_v1:zel028_h1650:1474,zscreen_original_graph_v1,zel028_h1650,1474,13
492,zscreen_original_graph_v1:zel028_h1650:1482,zscreen_original_graph_v1,zel028_h1650,1482,3
493,zscreen_original_graph_v1:zel028_h1650:1507,zscreen_original_graph_v1,zel028_h1650,1507,3
494,zscreen_original_graph_v1:zel028_h1650:1692,zscreen_original_graph_v1,zel028_h1650,1692,7
495,zscreen_original_graph_v1:zel028_h1650:1699,zscreen_original_graph_v1,zel028_h1650,1699,4
496,zscreen_original_graph_v1:zel028_h1650:1787,zscreen_original_graph_v1,zel028_h1650,1787,3
497,zscreen_original_graph_v1:zel028_h1650:1809,zscreen_original_graph_v1,zel028_h1650,1809,5
498,zscreen_original_graph_v1:zel028_h1650:1821,zscreen_original_graph_v1,zel028_h1650,1821,3
499,zscreen_original_graph_v1:zel028_h1650:1885,zscreen_original_graph_v1,zel028_h1650,1885,5
500,zscreen_original_graph_v1:zel028_h1650:1889,zscreen_original_graph_v1,zel028_h1650,1889,5
501,zscreen_original_graph_v1:zel028_h1650:1907,zscreen_original_graph_v1,zel028_h1650,1907,7
502,zscreen_original_graph_v1:zel028_h1650:1909,zscreen_original_graph_v1,zel028_h1650,1909,7
503,zscreen_original_graph_v1:zel028_h1650:1929,zscreen_original_graph_v1,zel028_h1650,1929,6
504,zscreen_original_graph_v1:zel028_h1650:1982,zscreen_original_graph_v1,zel028_h1650,1982,3
505,zscreen_original_graph_v1:zel028_h1650:1988,zscreen_original_graph_v1,zel028_h1650,1988,23
506,zscreen_original_graph_v1:zel028_h1650:2024,zscreen_original_graph_v1,zel028_h1650,2024,5
507,zscreen_original_graph_v1:zel028_h1650:2041,zscreen_original_graph_v1,zel028_h1650,2041,4
508,zscreen_original_graph_v1:zel028_h1650:2042,zscreen_original_graph_v1,zel028_h1650,2042,18
509,zscreen_original_graph_v1:zel028_h1650:2111,zscreen_original_graph_v1,zel028_h1650,2111,3
510,zscreen_original_graph_v1:zel028_h1650:2117,zscreen_original_graph_v1,zel028_h1650,2117,3
511,zscreen_original_graph_v1:zel028_h1650:2163,zscreen_original_graph_v1,zel028_h1650,2163,3
512,zscreen_original_graph_v1:zel028_h1650:2331,zscreen_original_graph_v1,zel028_h1650,2331,3
513,zscreen_original_graph_v1:zel028_h1650:2342,zscreen_original_graph_v1,zel028_h1650,2342,4
514,zscreen_original_graph_v1:zel028_h1650:2395,zscreen_original_graph_v1,zel028_h1650,2395,7
515,zscreen_original_graph_v1:zel028_h1650:2561,zscreen_original_graph_v1,zel028_h1650,2561,3
516,zscreen_original_graph_v1:zel028_h1650:2577,zscreen_original_graph_v1,zel028_h1650,2577,3
517,zscreen_original_graph_v1:zel028_h1650:2586,zscreen_original_graph_v1,zel028_h1650,2586,6
518,zscreen_original_graph_v1:zel028_h1650:2642,zscreen_original_graph_v1,zel028_h1650,2642,3
519,zscreen_original_graph_v1:zel028_h1650:2712,zscreen_original_graph_v1,zel028_h1650,2712,4
520,zscreen_original_graph_v1:zel028_h1650:2764,zscreen_original_graph_v1,zel028_h1650,2764,11
521,zscreen_original_graph_v1:zel028_h1650:2768,zscreen_original_graph_v1,zel028_h1650,2768,3
522,zscreen_original_graph_v1:zel028_h1650:2776,zscreen_original_graph_v1,zel028_h1650,2776,12
523,zscreen_original_graph_v1:zel028_h1650:2826,zscreen_original_graph_v1,zel028_h1650,2826,3
524,zscreen_original_graph_v1:zel028_h1650:2840,zscreen_original_graph_v1,zel028_h1650,2840,3
525,zscreen_original_graph_v1:zel028_h1650:2894,zscreen_original_graph_v1,zel028_h1650,2894,3
526,zscreen_original_graph_v1:zel028_h1650:2993,zscreen_original_graph_v1,zel028_h1650,2993,12
527,zscreen_original_graph_v1:zel028_h1650:3011,zscreen_original_graph_v1,zel028_h1650,3011,9
528,zscreen_original_graph_v1:zel028_h1650:3161,zscreen_original_graph_v1,zel028_h1650,3161,3
529,zscreen_original_graph_v1:zel028_h1650:3316,zscreen_original_graph_v1,zel028_h1650,3316,3
530,zscreen_original_graph_v1:zel028_h1650:3331,zscreen_original_graph_v1,zel028_h1650,3331,5
531,zscreen_original_graph_v1:zel028_h1650:3338,zscreen_original_graph_v1,zel028_h1650,3338,3
532,zscreen_original_graph_v1:zel028_h1650:3429,zscreen_original_graph_v1,zel028_h1650,3429,5
533,zscreen_original_graph_v1:zel028_h1650:3441,zscreen_original_graph_v1,zel028_h1650,3441,9
534,zscreen_original_graph_v1:zel028_h1650:3454,zscreen_original_graph_v1,zel028_h1650,3454,3
535,zscreen_original_graph_v1:zel028_h1650:3505,zscreen_original_graph_v1,zel028_h1650,3505,3
536,zscreen_original_graph_v1:zel028_h1650:3518,zscreen_original_graph_v1,zel028_h1650,3518,4
537,zscreen_original_graph_v1:zel028_h1650:3521,zscreen_original_graph_v1,zel028_h1650,3521,3
538,zscreen_original_graph_v1:zel028_h1650:3700,zscreen_original_graph_v1,zel028_h1650,3700,3
539,zscreen_original_graph_v1:zel028_h1650:3745,zscreen_original_graph_v1,zel028_h1650,3745,3
540,zscreen_original_graph_v1:zel028_h1650:3806,zscreen_original_graph_v1,zel028_h1650,3806,3
541,zscreen_original_graph_v1:zel028_h1650:3886,zscreen_original_graph_v1,zel028_h1650,3886,5
542,zscreen_original_graph_v1:zel028_h1650:3906,zscreen_original_graph_v1,zel028_h1650,3906,3
543,zscreen_original_graph_v1:zel028_h1650:3909,zscreen_original_graph_v1,zel028_h1650,3909,6
544,zscreen_original_graph_v1:zel028_h1650:3945,zscreen_original_graph_v1,zel028_h1650,3945,3
545,zscreen_original_graph_v1:zel028_h1650:3958,zscreen_original_graph_v1,zel028_h1650,3958,4
546,zscreen_original_graph_v1:zel028_h1650:3989,zscreen_original_graph_v1,zel028_h1650,3989,5
547,zscreen_original_graph_v1:zel028_h1650:4020,zscreen_original_graph_v1,zel028_h1650,4020,5
548,zscreen_original_graph_v1:zel028_h1650:4025,zscreen_original_graph_v1,zel028_h1650,4025,3
549,zscreen_original_graph_v1:zel028_h1650:4161,zscreen_original_graph_v1,zel028_h1650,4161,4
550,zscreen_original_graph_v1:zel028_h1650:4177,zscreen_original_graph_v1,zel028_h1650,4177,3
551,zscreen_original_graph_v1:zel028_h1650:4268,zscreen_original_graph_v1,zel028_h1650,4268,4
552,zscreen_original_graph_v1:zel028_h1650:4340,zscreen_original_graph_v1,zel028_h1650,4340,7
553,zscreen_original_graph_v1:zel028_h1650:4421,zscreen_original_graph_v1,zel028_h1650,4421,3
554,zscreen_original_graph_v1:zel028_h1650:4570,zscreen_original_graph_v1,zel028_h1650,4570,3
555,zscreen_original_graph_v1:zel028_h1650:4674,zscreen_original_graph_v1,zel028_h1650,4674,3
556,zscreen_original_graph_v1:zel028_h1650:4707,zscreen_original_graph_v1,zel028_h1650,4707,4
557,zscreen_original_graph_v1:zel028_h1650:4758,zscreen_original_graph_v1,zel028_h1650,4758,3
558,zscreen_original_graph_v1:zel028_h1650:4900,zscreen_original_graph_v1,zel028_h1650,4900,3
559,zscreen_original_graph_v1:zel028_h1650:4929,zscreen_original_graph_v1,zel028_h1650,4929,3
560,zscreen_original_graph_v1:zel028_h1650:4952,zscreen_original_graph_v1,zel028_h1650,4952,3
561,zscreen_original_graph_v1:zel028_h1650:4972,zscreen_original_graph_v1,zel028_h1650,4972,3
562,zscreen_original_graph_v1:zel028_h1650:5021,zscreen_original_graph_v1,zel028_h1650,5021,3
563,zscreen_original_graph_v1:zel028_h1650:5202,zscreen_original_graph_v1,zel028_h1650,5202,10
564,zscreen_original_graph_v1:zel028_h1650:5205,zscreen_original_graph_v1,zel028_h1650,5205,4
565,zscreen_original_graph_v1:zel028_h1650:5233,zscreen_original_graph_v1,zel028_h1650,5233,3
566,zscreen_original_graph_v1:zel028_h1650:5310,zscreen_original_graph_v1,zel028_h1650,5310,5
567,zscreen_original_graph_v1:zel028_h1650:5445,zscreen_original_graph_v1,zel028_h1650,5445,3
568,zscreen_original_graph_v1:zel028_h1650:5490,zscreen_original_graph_v1,zel028_h1650,5490,3
569,zscreen_original_graph_v1:zel028_h1650:5622,zscreen_original_graph_v1,zel028_h1650,5622,8
570,zscreen_original_graph_v1:zel028_h1650:5706,zscreen_original_graph_v1,zel028_h1650,5706,3
571,zscreen_original_graph_v1:zel028_h1650:5787,zscreen_original_graph_v1,zel028_h1650,5787,21
572,zscreen_original_graph_v1:zel028_h1650:5940,zscreen_original_graph_v1,zel028_h1650,5940,3
573,zscreen_original_graph_v1:zel028_h1650:5943,zscreen_original_graph_v1,zel028_h1650,5943,4
574,zscreen_original_graph_v1:zel028_h1650:6023,zscreen_original_graph_v1,zel028_h1650,6023,5
575,zscreen_original_graph_v1:zel028_h1650:6124,zscreen_original_graph_v1,zel028_h1650,6124,3
576,zscreen_original_graph_v1:zel028_h1650:6338,zscreen_original_graph_v1,zel028_h1650,6338,4
577,zscreen_original_graph_v1:zel028_h1650:6410,zscreen_original_graph_v1,zel028_h1650,6410,5
578,zscreen_original_graph_v1:zel028_h1650:6478,zscreen_original_graph_v1,zel028_h1650,6478,6
579,zscreen_original_graph_v1:zel028_h1650:6705,zscreen_original_graph_v1,zel028_h1650,6705,19
580,zscreen_original_graph_v1:zel028_h1650:6846,zscreen_original_graph_v1,zel028_h1650,6846,3
581,zscreen_original_graph_v1:zel028_h1650:6900,zscreen_original_graph_v1,zel028_h1650,6900,4
582,zscreen_original_graph_v1:zel028_h1650:7035,zscreen_original_graph_v1,zel028_h1650,7035,3
583,zscreen_original_graph_v1:zel028_h1650:7337,zscreen_original_graph_v1,zel028_h1650,7337,4
584,zscreen_original_graph_v1:zel028_h1650:7461,zscreen_original_graph_v1,zel028_h1650,7461,3
585,zscreen_original_graph_v1:zel028_h1650:7569,zscreen_original_graph_v1,zel028_h1650,7569,4
586,zscreen_original_graph_v1:zel028_h1650:7747,zscreen_original_graph_v1,zel028_h1650,7747,3
587,zscreen_original_graph_v1:zel028_h1650:7826,zscreen_original_graph_v1,zel028_h1650,7826,3
588,zscreen_original_graph_v1:zel028_h1650:7842,zscreen_original_graph_v1,zel028_h1650,7842,3
589,zscreen_original_graph_v1:zel028_h1650:7953,zscreen_original_graph_v1,zel028_h1650,7953,7
590,zscreen_original_graph_v1:zel028_h1650:8004,zscreen_original_graph_v1,zel028_h1650,8004,5
591,zscreen_original_graph_v1:zel028_h1650:8117,zscreen_original_graph_v1,zel028_h1650,8117,4
592,zscreen_original_graph_v1:zel028_h1650:8150,zscreen_original_graph_v1,zel028_h1650,8150,6
593,zscreen_original_graph_v1:zel028_h1650:8168,zscreen_original_graph_v1,zel028_h1650,8168,3
594,zscreen_original_graph_v1:zel028_h1650:8189,zscreen_original_graph_v1,zel028_h1650,8189,3
595,zscreen_original_graph_v1:zel028_h1650:8337,zscreen_original_graph_v1,zel028_h1650,8337,3
596,zscreen_original_graph_v1:zel028_h1650:8360,zscreen_original_graph_v1,zel028_h1650,8360,3
597,zscreen_original_graph_v1:zel028_h1650:8416,zscreen_original_graph_v1,zel028_h1650,8416,5
598,zscreen_original_graph_v1:zel028_h1650:8456,zscreen_original_graph_v1,zel028_h1650,8456,6
599,zscreen_original_graph_v1:zel028_h1650:8545,zscreen_original_graph_v1,zel028_h1650,8545,4
600,zscreen_original_graph_v1:zel028_h1650:8563,zscreen_original_graph_v1,zel028_h1650,8563,3
601,zscreen_original_graph_v1:zel028_h1650:8584,zscreen_original_graph_v1,zel028_h1650,8584,6
602,zscreen_original_graph_v1:zel028_h1650:8689,zscreen_original_graph_v1,zel028_h1650,8689,4
603,zscreen_original_graph_v1:zel028_h1650:8897,zscreen_original_graph_v1,zel028_h1650,8897,4
604,zscreen_original_graph_v1:zel028_h1650:9074,zscreen_original_graph_v1,zel028_h1650,9074,3
605,zscreen_original_graph_v1:zel028_h1650:9132,zscreen_original_graph_v1,zel028_h1650,9132,3
606,zscreen_original_graph_v1:zel028_h1650:9171,zscreen_original_graph_v1,zel028_h1650,9171,4
607,zscreen_original_graph_v1:zel028_h1650:9174,zscreen_original_graph_v1,zel028_h1650,9174,5
608,zscreen_original_graph_v1:zel028_h1650:9216,zscreen_original_graph_v1,zel028_h1650,9216,3
609,zscreen_original_graph_v1:zel028_h1650:9232,zscreen_original_graph_v1,zel028_h1650,9232,6
610,zscreen_original_graph_v1:zel028_h1650:9497,zscreen_original_graph_v1,zel028_h1650,9497,4
611,zscreen_original_graph_v1:zel028_h1650:9542,zscreen_original_graph_v1,zel028_h1650,9542,4
612,zscreen_original_graph_v1:zel028_h1650:9940,zscreen_original_graph_v1,zel028_h1650,9940,4
613,zscreen_original_graph_v1:zel028_h1650:10002,zscreen_original_graph_v1,zel028_h1650,10002,3
614,zscreen_original_graph_v1:zel028_h1650:10191,zscreen_original_graph_v1,zel028_h1650,10191,3
615,zscreen_original_graph_v1:zel028_h1650:10317,zscreen_original_graph_v1,zel028_h1650,10317,4
616,zscreen_original_graph_v1:zel028_h1650:10448,zscreen_original_graph_v1,zel028_h1650,10448,3
617,zscreen_original_graph_v1:zel028_h1650:10552,zscreen_original_graph_v1,zel028_h1650,10552,3
618,zscreen_original_graph_v1:zel028_h1650:10698,zscreen_original_graph_v1,zel028_h1650,10698,3
619,zscreen_original_graph_v1:zel028_h1650:10742,zscreen_original_graph_v1,zel028_h1650,10742,4
620,zscreen_original_graph_v1:zel028_h1650:10942,zscreen_original_graph_v1,zel028_h1650,10942,4
621,zscreen_original_graph_v1:zel028_h1650:11121,zscreen_original_graph_v1,zel028_h1650,11121,3
622,zscreen_original_graph_v1:zel028_h1650:11770,zscreen_original_graph_v1,zel028_h1650,11770,3
623,zscreen_original_graph_v1:zel028_h1650:11858,zscreen_original_graph_v1,zel028_h1650,11858,3
624,zscreen_original_graph_v1:zel028_h1650:11927,zscreen_original_graph_v1,zel028_h1650,11927,3
625,zscreen_original_graph_v1:zel028_h1650:12000,zscreen_original_graph_v1,zel028_h1650,12000,4
626,zscreen_original_graph_v1:zel028_h1650:12049,zscreen_original_graph_v1,zel028_h1650,12049,5
627,zscreen_original_graph_v1:zel028_h1650:12561,zscreen_original_graph_v1,zel028_h1650,12561,3
628,zscreen_original_graph_v1:zel028_h1650:12672,zscreen_original_graph_v1,zel028_h1650,12672,3
629,zscreen_original_graph_v1:zel028_h1650:13104,zscreen_original_graph_v1,zel028_h1650,13104,4
630,zscreen_original_graph_v1:zel028_h1650:13792,zscreen_original_graph_v1,zel028_h1650,13792,4
631,zscreen_original_graph_v1:zel028_h1650:13880,zscreen_original_graph_v1,zel028_h1650,13880,3
632,zscreen_original_graph_v1:zel028_h1650:14191,zscreen_original_graph_v1,zel028_h1650,14191,3
633,zscreen_original_graph_v1:zel028_h1650:14354,zscreen_original_graph_v1,zel028_h1650,14354,3
634,zscreen_original_graph_v1:zel028_h1650:14883,zscreen_original_graph_v1,zel028_h1650,14883,5
635,zscreen_original_graph_v1:zel028_h1650:14971,zscreen_original_graph_v1,zel028_h1650,14971,3
636,zscreen_original_graph_v1:zel028_h1650:15258,zscreen_original_graph_v1,zel028_h1650,15258,3
637,zscreen_original_graph_v1:zel028_h1650:15418,zscreen_original_graph_v1,zel028_h1650,15418,4
638,zscreen_original_graph_v1:zel028_h1650:15615,zscreen_original_graph_v1,zel028_h1650,15615,3
639,zscreen_original_graph_v1:zel028_h1650:16377,zscreen_original_graph_v1,zel028_h1650,16377,4
640,zscreen_original_graph_v1:zel028_h1650:16380,zscreen_original_graph_v1,zel028_h1650,16380,4
641,zscreen_original_graph_v1:zel028_h1650:17681,zscreen_original_graph_v1,zel028_h1650,17681,3
642,zscreen_original_graph_v1:zel028_h1650:19601,zscreen_original_graph_v1,zel028_h1650,19601,3
643,zscreen_original_graph_v1:zel028_hek293:21,zscreen_original_graph_v1,zel028_hek293,21,5
644,zscreen_original_graph_v1:zel028_hek293:59,zscreen_original_graph_v1,zel028_hek293,59,3
645,zscreen_original_graph_v1:zel028_hek293:103,zscreen_original_graph_v1,zel028_hek293,103,4
646,zscreen_original_graph_v1:zel028_hek293:117,zscreen_original_graph_v1,zel028_hek293,117,3
647,zscreen_original_graph_v1:zel028_hek293:148,zscreen_original_graph_v1,zel028_hek293,148,29
648,zscreen_original_graph_v1:zel028_hek293:195,zscreen_original_graph_v1,zel028_hek293,195,8
649,zscreen_original_graph_v1:zel028_hek293:203,zscreen_original_graph_v1,zel028_hek293,203,4
650,zscreen_original_graph_v1:zel028_hek293:227,zscreen_original_graph_v1,zel028_hek293,227,6
651,zscreen_original_graph_v1:zel028_hek293:268,zscreen_original_graph_v1,zel028_hek293,268,5
652,zscreen_original_graph_v1:zel028_hek293:273,zscreen_original_graph_v1,zel028_hek293,273,4
653,zscreen_original_graph_v1:zel028_hek293:278,zscreen_original_graph_v1,zel028_hek293,278,6
654,zscreen_original_graph_v1:zel028_hek293:291,zscreen_original_graph_v1,zel028_hek293,291,3
655,zscreen_original_graph_v1:zel028_hek293:300,zscreen_original_graph_v1,zel028_hek293,300,12
656,zscreen_original_graph_v1:zel028_hek293:349,zscreen_original_graph_v1,zel028_hek293,349,7
657,zscreen_original_graph_v1:zel028_hek293:365,zscreen_original_graph_v1,zel028_hek293,365,3
658,zscreen_original_graph_v1:zel028_hek293:395,zscreen_original_graph_v1,zel028_hek293,395,12
659,zscreen_original_graph_v1:zel028_hek293:481,zscreen_original_graph_v1,zel028_hek293,481,3
660,zscreen_original_graph_v1:zel028_hek293:488,zscreen_original_graph_v1,zel028_hek293,488,3
661,zscreen_original_graph_v1:zel028_hek293:535,zscreen_original_graph_v1,zel028_hek293,535,5
662,zscreen_original_graph_v1:zel028_hek293:630,zscreen_original_graph_v1,zel028_hek293,630,8
663,zscreen_original_graph_v1:zel028_hek293:646,zscreen_original_graph_v1,zel028_hek293,646,3
664,zscreen_original_graph_v1:zel028_hek293:742,zscreen_original_graph_v1,zel028_hek293,742,3
665,zscreen_original_graph_v1:zel028_hek293:789,zscreen_original_graph_v1,zel028_hek293,789,4
666,zscreen_original_graph_v1:zel028_hek293:802,zscreen_original_graph_v1,zel028_hek293,802,3
667,zscreen_original_graph_v1:zel028_hek293:814,zscreen_original_graph_v1,zel028_hek293,814,4
668,zscreen_original_graph_v1:zel028_hek293:842,zscreen_original_graph_v1,zel028_hek293,842,3
669,zscreen_original_graph_v1:zel028_hek293:855,zscreen_original_graph_v1,zel028_hek293,855,4
670,zscreen_original_graph_v1:zel028_hek293:903,zscreen_original_graph_v1,zel028_hek293,903,4
671,zscreen_original_graph_v1:zel028_hek293:939,zscreen_original_graph_v1,zel028_hek293,939,5
672,zscreen_original_graph_v1:zel028_hek293:1056,zscreen_original_graph_v1,zel028_hek293,1056,5
673,zscreen_original_graph_v1:zel028_hek293:1198,zscreen_original_graph_v1,zel028_hek293,1198,6
674,zscreen_original_graph_v1:zel028_hek293:1203,zscreen_original_graph_v1,zel028_hek293,1203,5
675,zscreen_original_graph_v1:zel028_hek293:1259,zscreen_original_graph_v1,zel028_hek293,1259,12
676,zscreen_original_graph_v1:zel028_hek293:1338,zscreen_original_graph_v1,zel028_hek293,1338,3
677,zscreen_original_graph_v1:zel028_hek293:1496,zscreen_original_graph_v1,zel028_hek293,1496,3
678,zscreen_original_graph_v1:zel028_hek293:1575,zscreen_original_graph_v1,zel028_hek293,1575,6
679,zscreen_original_graph_v1:zel028_hek293:1681,zscreen_original_graph_v1,zel028_hek293,1681,5
680,zscreen_original_graph_v1:zel028_hek293:1776,zscreen_original_graph_v1,zel028_hek293,1776,12
681,zscreen_original_graph_v1:zel028_hek293:1990,zscreen_original_graph_v1,zel028_hek293,1990,3
682,zscreen_original_graph_v1:zel028_hek293:2009,zscreen_original_graph_v1,zel028_hek293,2009,3
683,zscreen_original_graph_v1:zel028_hek293:2039,zscreen_original_graph_v1,zel028_hek293,2039,3
684,zscreen_original_graph_v1:zel028_hek293:2062,zscreen_original_graph_v1,zel028_hek293,2062,4
685,zscreen_original_graph_v1:zel028_hek293:2071,zscreen_original_graph_v1,zel028_hek293,2071,7
686,zscreen_original_graph_v1:zel028_hek293:2100,zscreen_original_graph_v1,zel028_hek293,2100,5
687,zscreen_original_graph_v1:zel028_hek293:2101,zscreen_original_graph_v1,zel028_hek293,2101,6
688,zscreen_original_graph_v1:zel028_hek293:2106,zscreen_original_graph_v1,zel028_hek293,2106,4
689,zscreen_original_graph_v1:zel028_hek293:2197,zscreen_original_graph_v1,zel028_hek293,2197,3
690,zscreen_original_graph_v1:zel028_hek293:2232,zscreen_original_graph_v1,zel028_hek293,2232,3
691,zscreen_original_graph_v1:zel028_hek293:2253,zscreen_original_graph_v1,zel028_hek293,2253,3
692,zscreen_original_graph_v1:zel028_hek293:2277,zscreen_original_graph_v1,zel028_hek293,2277,4
693,zscreen_original_graph_v1:zel028_hek293:2317,zscreen_original_graph_v1,zel028_hek293,2317,4
694,zscreen_original_graph_v1:zel028_hek293:2361,zscreen_original_graph_v1,zel028_hek293,2361,11
695,zscreen_original_graph_v1:zel028_hek293:2618,zscreen_original_graph_v1,zel028_hek293,2618,3
696,zscreen_original_graph_v1:zel028_hek293:2732,zscreen_original_graph_v1,zel028_hek293,2732,7
697,zscreen_original_graph_v1:zel028_hek293:2753,zscreen_original_graph_v1,zel028_hek293,2753,6
698,zscreen_original_graph_v1:zel028_hek293:2789,zscreen_original_graph_v1,zel028_hek293,2789,4
699,zscreen_original_graph_v1:zel028_hek293:2841,zscreen_original_graph_v1,zel028_hek293,2841,5
700,zscreen_original_graph_v1:zel028_hek293:2875,zscreen_original_graph_v1,zel028_hek293,2875,5
701,zscreen_original_graph_v1:zel028_hek293:2991,zscreen_original_graph_v1,zel028_hek293,2991,10
702,zscreen_original_graph_v1:zel028_hek293:3088,zscreen_original_graph_v1,zel028_hek293,3088,3
703,zscreen_original_graph_v1:zel028_hek293:3104,zscreen_original_graph_v1,zel028_hek293,3104,3
704,zscreen_original_graph_v1:zel028_hek293:3186,zscreen_original_graph_v1,zel028_hek293,3186,5
705,zscreen_original_graph_v1:zel028_hek293:3194,zscreen_original_graph_v1,zel028_hek293,3194,3
706,zscreen_original_graph_v1:zel028_hek293:3198,zscreen_original_graph_v1,zel028_hek293,3198,3
707,zscreen_original_graph_v1:zel028_hek293:3234,zscreen_original_graph_v1,zel028_hek293,3234,6
708,zscreen_original_graph_v1:zel028_hek293:3269,zscreen_original_graph_v1,zel028_hek293,3269,7
709,zscreen_original_graph_v1:zel028_hek293:3396,zscreen_original_graph_v1,zel028_hek293,3396,3
710,zscreen_original_graph_v1:zel028_hek293:3432,zscreen_original_graph_v1,zel028_hek293,3432,3
711,zscreen_original_graph_v1:zel028_hek293:3468,zscreen_original_graph_v1,zel028_hek293,3468,5
712,zscreen_original_graph_v1:zel028_hek293:3530,zscreen_original_graph_v1,zel028_hek293,3530,9
713,zscreen_original_graph_v1:zel028_hek293:3677,zscreen_original_graph_v1,zel028_hek293,3677,4
714,zscreen_original_graph_v1:zel028_hek293:3690,zscreen_original_graph_v1,zel028_hek293,3690,3
715,zscreen_original_graph_v1:zel028_hek293:3740,zscreen_original_graph_v1,zel028_hek293,3740,3
716,zscreen_original_graph_v1:zel028_hek293:3745,zscreen_original_graph_v1,zel028_hek293,3745,16
717,zscreen_original_graph_v1:zel028_hek293:3772,zscreen_original_graph_v1,zel028_hek293,3772,3
718,zscreen_original_graph_v1:zel028_hek293:3863,zscreen_original_graph_v1,zel028_hek293,3863,3
719,zscreen_original_graph_v1:zel028_hek293:3917,zscreen_original_graph_v1,zel028_hek293,3917,3
720,zscreen_original_graph_v1:zel028_hek293:3981,zscreen_original_graph_v1,zel028_hek293,3981,6
721,zscreen_original_graph_v1:zel028_hek293:4182,zscreen_original_graph_v1,zel028_hek293,4182,5
722,zscreen_original_graph_v1:zel028_hek293:4187,zscreen_original_graph_v1,zel028_hek293,4187,4
723,zscreen_original_graph_v1:zel028_hek293:4247,zscreen_original_graph_v1,zel028_hek293,4247,10
724,zscreen_original_graph_v1:zel028_hek293:4265,zscreen_original_graph_v1,zel028_hek293,4265,3
725,zscreen_original_graph_v1:zel028_hek293:4301,zscreen_original_graph_v1,zel028_hek293,4301,4
726,zscreen_original_graph_v1:zel028_hek293:4346,zscreen_original_graph_v1,zel028_hek293,4346,16
727,zscreen_original_graph_v1:zel028_hek293:4364,zscreen_original_graph_v1,zel028_hek293,4364,3
728,zscreen_original_graph_v1:zel028_hek293:4429,zscreen_original_graph_v1,zel028_hek293,4429,3
729,zscreen_original_graph_v1:zel028_hek293:4513,zscreen_original_graph_v1,zel028_hek293,4513,3
730,zscreen_original_graph_v1:zel028_hek293:4529,zscreen_original_graph_v1,zel028_hek293,4529,3
731,zscreen_original_graph_v1:zel028_hek293:4594,zscreen_original_graph_v1,zel028_hek293,4594,4
732,zscreen_original_graph_v1:zel028_hek293:4760,zscreen_original_graph_v1,zel028_hek293,4760,3
733,zscreen_original_graph_v1:zel028_hek293:4762,zscreen_original_graph_v1,zel028_hek293,4762,8
734,zscreen_original_graph_v1:zel028_hek293:4809,zscreen_original_graph_v1,zel028_hek293,4809,4
735,zscreen_original_graph_v1:zel028_hek293:4863,zscreen_original_graph_v1,zel028_hek293,4863,3
736,zscreen_original_graph_v1:zel028_hek293:4868,zscreen_original_graph_v1,zel028_hek293,4868,5
737,zscreen_original_graph_v1:zel028_hek293:4918,zscreen_original_graph_v1,zel028_hek293,4918,4
738,zscreen_original_graph_v1:zel028_hek293:4948,zscreen_original_graph_v1,zel028_hek293,4948,4
739,zscreen_original_graph_v1:zel028_hek293:4993,zscreen_original_graph_v1,zel028_hek293,4993,3
740,zscreen_original_graph_v1:zel028_hek293:5025,zscreen_original_graph_v1,zel028_hek293,5025,11
741,zscreen_original_graph_v1:zel028_hek293:5042,zscreen_original_graph_v1,zel028_hek293,5042,4
742,zscreen_original_graph_v1:zel028_hek293:5047,zscreen_original_graph_v1,zel028_hek293,5047,4
743,zscreen_original_graph_v1:zel028_hek293:5095,zscreen_original_graph_v1,zel028_hek293,5095,3
744,zscreen_original_graph_v1:zel028_hek293:5287,zscreen_original_graph_v1,zel028_hek293,5287,5
745,zscreen_original_graph_v1:zel028_hek293:5346,zscreen_original_graph_v1,zel028_hek293,5346,6
746,zscreen_original_graph_v1:zel028_hek293:5364,zscreen_original_graph_v1,zel028_hek293,5364,3
747,zscreen_original_graph_v1:zel028_hek293:5368,zscreen_original_graph_v1,zel028_hek293,5368,3
748,zscreen_original_graph_v1:zel028_hek293:5410,zscreen_original_graph_v1,zel028_hek293,5410,5
749,zscreen_original_graph_v1:zel028_hek293:5458,zscreen_original_graph_v1,zel028_hek293,5458,3
750,zscreen_original_graph_v1:zel028_hek293:5589,zscreen_original_graph_v1,zel028_hek293,5589,3
751,zscreen_original_graph_v1:zel028_hek293:5609,zscreen_original_graph_v1,zel028_hek293,5609,3
752,zscreen_original_graph_v1:zel028_hek293:5622,zscreen_original_graph_v1,zel028_hek293,5622,3
753,zscreen_original_graph_v1:zel028_hek293:5663,zscreen_original_graph_v1,zel028_hek293,5663,4
754,zscreen_original_graph_v1:zel028_hek293:5665,zscreen_original_graph_v1,zel028_hek293,5665,4
755,zscreen_original_graph_v1:zel028_hek293:5714,zscreen_original_graph_v1,zel028_hek293,5714,4
756,zscreen_original_graph_v1:zel028_hek293:5754,zscreen_original_graph_v1,zel028_hek293,5754,3
757,zscreen_original_graph_v1:zel028_hek293:5896,zscreen_original_graph_v1,zel028_hek293,5896,3
758,zscreen_original_graph_v1:zel028_hek293:5920,zscreen_original_graph_v1,zel028_hek293,5920,3
759,zscreen_original_graph_v1:zel028_hek293:5987,zscreen_original_graph_v1,zel028_hek293,5987,11
760,zscreen_original_graph_v1:zel028_hek293:5994,zscreen_original_graph_v1,zel028_hek293,5994,3
761,zscreen_original_graph_v1:zel028_hek293:6056,zscreen_original_graph_v1,zel028_hek293,6056,3
762,zscreen_original_graph_v1:zel028_hek293:6109,zscreen_original_graph_v1,zel028_hek293,6109,4
763,zscreen_original_graph_v1:zel028_hek293:6354,zscreen_original_graph_v1,zel028_hek293,6354,3
764,zscreen_original_graph_v1:zel028_hek293:6416,zscreen_original_graph_v1,zel028_hek293,6416,4
765,zscreen_original_graph_v1:zel028_hek293:6537,zscreen_original_graph_v1,zel028_hek293,6537,3
766,zscreen_original_graph_v1:zel028_hek293:6558,zscreen_original_graph_v1,zel028_hek293,6558,4
767,zscreen_original_graph_v1:zel028_hek293:6567,zscreen_original_graph_v1,zel028_hek293,6567,3
768,zscreen_original_graph_v1:zel028_hek293:6633,zscreen_original_graph_v1,zel028_hek293,6633,4
769,zscreen_original_graph_v1:zel028_hek293:6698,zscreen_original_graph_v1,zel028_hek293,6698,3
770,zscreen_original_graph_v1:zel028_hek293:6752,zscreen_original_graph_v1,zel028_hek293,6752,3
771,zscreen_original_graph_v1:zel028_hek293:6808,zscreen_original_graph_v1,zel028_hek293,6808,5
772,zscreen_original_graph_v1:zel028_hek293:6989,zscreen_original_graph_v1,zel028_hek293,6989,5
773,zscreen_original_graph_v1:zel028_hek293:7138,zscreen_original_graph_v1,zel028_hek293,7138,4
774,zscreen_original_graph_v1:zel028_hek293:7343,zscreen_original_graph_v1,zel028_hek293,7343,4
775,zscreen_original_graph_v1:zel028_hek293:7373,zscreen_original_graph_v1,zel028_hek293,7373,3
776,zscreen_original_graph_v1:zel028_hek293:7380,zscreen_original_graph_v1,zel028_hek293,7380,4
777,zscreen_original_graph_v1:zel028_hek293:7416,zscreen_original_graph_v1,zel028_hek293,7416,4
778,zscreen_original_graph_v1:zel028_hek293:7472,zscreen_original_graph_v1,zel028_hek293,7472,5
779,zscreen_original_graph_v1:zel028_hek293:7629,zscreen_original_graph_v1,zel028_hek293,7629,3
780,zscreen_original_graph_v1:zel028_hek293:7709,zscreen_original_graph_v1,zel028_hek293,7709,3
781,zscreen_original_graph_v1:zel028_hek293:7826,zscreen_original_graph_v1,zel028_hek293,7826,4
782,zscreen_original_graph_v1:zel028_hek293:7827,zscreen_original_graph_v1,zel028_hek293,7827,3
783,zscreen_original_graph_v1:zel028_hek293:7835,zscreen_original_graph_v1,zel028_hek293,7835,4
784,zscreen_original_graph_v1:zel028_hek293:7862,zscreen_original_graph_v1,zel028_hek293,7862,3
785,zscreen_original_graph_v1:zel028_hek293:7926,zscreen_original_graph_v1,zel028_hek293,7926,6
786,zscreen_original_graph_v1:zel028_hek293:7972,zscreen_original_graph_v1,zel028_hek293,7972,4
787,zscreen_original_graph_v1:zel028_hek293:8113,zscreen_original_graph_v1,zel028_hek293,8113,3
788,zscreen_original_graph_v1:zel028_hek293:8146,zscreen_original_graph_v1,zel028_hek293,8146,8
789,zscreen_original_graph_v1:zel028_hek293:8167,zscreen_original_graph_v1,zel028_hek293,8167,3
790,zscreen_original_graph_v1:zel028_hek293:8188,zscreen_original_graph_v1,zel028_hek293,8188,10
791,zscreen_original_graph_v1:zel028_hek293:8391,zscreen_original_graph_v1,zel028_hek293,8391,4
792,zscreen_original_graph_v1:zel028_hek293:8400,zscreen_original_graph_v1,zel028_hek293,8400,4
793,zscreen_original_graph_v1:zel028_hek293:8486,zscreen_original_graph_v1,zel028_hek293,8486,5
794,zscreen_original_graph_v1:zel028_hek293:8520,zscreen_original_graph_v1,zel028_hek293,8520,3
795,zscreen_original_graph_v1:zel028_hek293:8616,zscreen_original_graph_v1,zel028_hek293,8616,4
796,zscreen_original_graph_v1:zel028_hek293:8765,zscreen_original_graph_v1,zel028_hek293,8765,4
797,zscreen_original_graph_v1:zel028_hek293:8776,zscreen_original_graph_v1,zel028_hek293,8776,6
798,zscreen_original_graph_v1:zel028_hek293:8877,zscreen_original_graph_v1,zel028_hek293,8877,3
799,zscreen_original_graph_v1:zel028_hek293:8885,zscreen_original_graph_v1,zel028_hek293,8885,13
800,zscreen_original_graph_v1:zel028_hek293:8933,zscreen_original_graph_v1,zel028_hek293,8933,3
801,zscreen_original_graph_v1:zel028_hek293:9003,zscreen_original_graph_v1,zel028_hek293,9003,6
802,zscreen_original_graph_v1:zel028_hek293:9318,zscreen_original_graph_v1,zel028_hek293,9318,5
803,zscreen_original_graph_v1:zel028_hek293:9421,zscreen_original_graph_v1,zel028_hek293,9421,4
804,zscreen_original_graph_v1:zel028_hek293:9504,zscreen_original_graph_v1,zel028_hek293,9504,4
805,zscreen_original_graph_v1:zel028_hek293:9608,zscreen_original_graph_v1,zel028_hek293,9608,8
806,zscreen_original_graph_v1:zel028_hek293:9739,zscreen_original_graph_v1,zel028_hek293,9739,4
807,zscreen_original_graph_v1:zel028_hek293:9751,zscreen_original_graph_v1,zel028_hek293,9751,9
808,zscreen_original_graph_v1:zel028_hek293:9896,zscreen_original_graph_v1,zel028_hek293,9896,6
809,zscreen_original_graph_v1:zel028_hek293:9946,zscreen_original_graph_v1,zel028_hek293,9946,6
810,zscreen_original_graph_v1:zel028_hek293:10073,zscreen_original_graph_v1,zel028_hek293,10073,3
811,zscreen_original_graph_v1:zel028_hek293:10089,zscreen_original_graph_v1,zel028_hek293,10089,12
812,zscreen_original_graph_v1:zel028_hek293:10223,zscreen_original_graph_v1,zel028_hek293,10223,3
813,zscreen_original_graph_v1:zel028_hek293:10281,zscreen_original_graph_v1,zel028_hek293,10281,4
814,zscreen_original_graph_v1:zel028_hek293:10309,zscreen_original_graph_v1,zel028_hek293,10309,3
815,zscreen_original_graph_v1:zel028_hek293:10573,zscreen_original_graph_v1,zel028_hek293,10573,3
816,zscreen_original_graph_v1:zel028_hek293:10605,zscreen_original_graph_v1,zel028_hek293,10605,4
817,zscreen_original_graph_v1:zel028_hek293:10619,zscreen_original_graph_v1,zel028_hek293,10619,3
818,zscreen_original_graph_v1:zel028_hek293:10630,zscreen_original_graph_v1,zel028_hek293,10630,5
819,zscreen_original_graph_v1:zel028_hek293:10786,zscreen_original_graph_v1,zel028_hek293,10786,4
820,zscreen_original_graph_v1:zel028_hek293:10832,zscreen_original_graph_v1,zel028_hek293,10832,6
821,zscreen_original_graph_v1:zel028_hek293:10923,zscreen_original_graph_v1,zel028_hek293,10923,5
822,zscreen_original_graph_v1:zel028_hek293:10969,zscreen_original_graph_v1,zel028_hek293,10969,3
823,zscreen_original_graph_v1:zel028_hek293:10984,zscreen_original_graph_v1,zel028_hek293,10984,4
824,zscreen_original_graph_v1:zel028_hek293:11034,zscreen_original_graph_v1,zel028_hek293,11034,3
825,zscreen_original_graph_v1:zel028_hek293:11438,zscreen_original_graph_v1,zel028_hek293,11438,3
826,zscreen_original_graph_v1:zel028_hek293:11514,zscreen_original_graph_v1,zel028_hek293,11514,3
827,zscreen_original_graph_v1:zel028_hek293:11567,zscreen_original_graph_v1,zel028_hek293,11567,5
828,zscreen_original_graph_v1:zel028_hek293:11675,zscreen_original_graph_v1,zel028_hek293,11675,3
829,zscreen_original_graph_v1:zel028_hek293:11786,zscreen_original_graph_v1,zel028_hek293,11786,3
830,zscreen_original_graph_v1:zel028_hek293:11880,zscreen_original_graph_v1,zel028_hek293,11880,3
831,zscreen_original_graph_v1:zel028_hek293:11945,zscreen_original_graph_v1,zel028_hek293,11945,6
832,zscreen_original_graph_v1:zel028_hek293:11948,zscreen_original_graph_v1,zel028_hek293,11948,4
833,zscreen_original_graph_v1:zel028_hek293:12101,zscreen_original_graph_v1,zel028_hek293,12101,4
834,zscreen_original_graph_v1:zel028_hek293:12245,zscreen_original_graph_v1,zel028_hek293,12245,7
835,zscreen_original_graph_v1:zel028_hek293:12386,zscreen_original_graph_v1,zel028_hek293,12386,3
836,zscreen_original_graph_v1:zel028_hek293:12544,zscreen_original_graph_v1,zel028_hek293,12544,8
837,zscreen_original_graph_v1:zel028_hek293:12845,zscreen_original_graph_v1,zel028_hek293,12845,3
838,zscreen_original_graph_v1:zel028_hek293:12858,zscreen_original_graph_v1,zel028_hek293,12858,3
839,zscreen_original_graph_v1:zel028_hek293:13039,zscreen_original_graph_v1,zel028_hek293,13039,3
840,zscreen_original_graph_v1:zel028_hek293:13110,zscreen_original_graph_v1,zel028_hek293,13110,6
841,zscreen_original_graph_v1:zel028_hek293:13209,zscreen_original_graph_v1,zel028_hek293,13209,3
842,zscreen_original_graph_v1:zel028_hek293:13330,zscreen_original_graph_v1,zel028_hek293,13330,5
843,zscreen_original_graph_v1:zel028_hek293:13730,zscreen_original_graph_v1,zel028_hek293,13730,4
844,zscreen_original_graph_v1:zel028_hek293:13759,zscreen_original_graph_v1,zel028_hek293,13759,3
845,zscreen_original_graph_v1:zel028_hek293:13796,zscreen_original_graph_v1,zel028_hek293,13796,4
846,zscreen_original_graph_v1:zel028_hek293:13845,zscreen_original_graph_v1,zel028_hek293,13845,7
847,zscreen_original_graph_v1:zel028_hek293:13928,zscreen_original_graph_v1,zel028_hek293,13928,6
848,zscreen_original_graph_v1:zel028_hek293:13995,zscreen_original_graph_v1,zel028_hek293,13995,3
849,zscreen_original_graph_v1:zel028_hek293:14069,zscreen_original_graph_v1,zel028_hek293,14069,6
850,zscreen_original_graph_v1:zel028_hek293:14143,zscreen_original_graph_v1,zel028_hek293,14143,3
851,zscreen_original_graph_v1:zel028_hek293:14155,zscreen_original_graph_v1,zel028_hek293,14155,5
852,zscreen_original_graph_v1:zel028_hek293:14275,zscreen_original_graph_v1,zel028_hek293,14275,5
853,zscreen_original_graph_v1:zel028_hek293:14325,zscreen_original_graph_v1,zel028_hek293,14325,4
854,zscreen_original_graph_v1:zel028_hek293:14474,zscreen_original_graph_v1,zel028_hek293,14474,5
855,zscreen_original_graph_v1:zel028_hek293:14583,zscreen_original_graph_v1,zel028_hek293,14583,3
856,zscreen_original_graph_v1:zel028_hek293:14655,zscreen_original_graph_v1,zel028_hek293,14655,3
857,zscreen_original_graph_v1:zel028_hek293:14726,zscreen_original_graph_v1,zel028_hek293,14726,3
858,zscreen_original_graph_v1:zel028_hek293:14970,zscreen_original_graph_v1,zel028_hek293,14970,3
859,zscreen_original_graph_v1:zel028_hek293:15009,zscreen_original_graph_v1,zel028_hek293,15009,3
860,zscreen_original_graph_v1:zel028_hek293:15028,zscreen_original_graph_v1,zel028_hek293,15028,4
861,zscreen_original_graph_v1:zel028_hek293:15039,zscreen_original_graph_v1,zel028_hek293,15039,3
862,zscreen_original_graph_v1:zel028_hek293:15106,zscreen_original_graph_v1,zel028_hek293,15106,5
863,zscreen_original_graph_v1:zel028_hek293:15281,zscreen_original_graph_v1,zel028_hek293,15281,3
864,zscreen_original_graph_v1:zel028_hek293:15282,zscreen_original_graph_v1,zel028_hek293,15282,3
865,zscreen_original_graph_v1:zel028_hek293:15333,zscreen_original_graph_v1,zel028_hek293,15333,3
866,zscreen_original_graph_v1:zel028_hek293:15373,zscreen_original_graph_v1,zel028_hek293,15373,3
867,zscreen_original_graph_v1:zel028_hek293:15434,zscreen_original_graph_v1,zel028_hek293,15434,3
868,zscreen_original_graph_v1:zel028_hek293:15734,zscreen_original_graph_v1,zel028_hek293,15734,3
869,zscreen_original_graph_v1:zel028_hek293:15851,zscreen_original_graph_v1,zel028_hek293,15851,3
870,zscreen_original_graph_v1:zel028_hek293:15868,zscreen_original_graph_v1,zel028_hek293,15868,4
871,zscreen_original_graph_v1:zel028_hek293:16191,zscreen_original_graph_v1,zel028_hek293,16191,3
872,zscreen_original_graph_v1:zel028_hek293:16592,zscreen_original_graph_v1,zel028_hek293,16592,3
873,zscreen_original_graph_v1:zel028_hek293:16637,zscreen_original_graph_v1,zel028_hek293,16637,3
874,zscreen_original_graph_v1:zel028_hek293:16677,zscreen_original_graph_v1,zel028_hek293,16677,7
875,zscreen_original_graph_v1:zel028_hek293:16770,zscreen_original_graph_v1,zel028_hek293,16770,3
876,zscreen_original_graph_v1:zel028_hek293:16788,zscreen_original_graph_v1,zel028_hek293,16788,3
877,zscreen_original_graph_v1:zel028_hek293:16855,zscreen_original_graph_v1,zel028_hek293,16855,4
878,zscreen_original_graph_v1:zel028_hek293:16903,zscreen_original_graph_v1,zel028_hek293,16903,3
879,zscreen_original_graph_v1:zel028_hek293:16920,zscreen_original_graph_v1,zel028_hek293,16920,3
880,zscreen_original_graph_v1:zel028_hek293:16937,zscreen_original_graph_v1,zel028_hek293,16937,4
881,zscreen_original_graph_v1:zel028_hek293:17038,zscreen_original_graph_v1,zel028_hek293,17038,3
882,zscreen_original_graph_v1:zel028_hek293:17064,zscreen_original_graph_v1,zel028_hek293,17064,4
883,zscreen_original_graph_v1:zel028_hek293:17136,zscreen_original_graph_v1,zel028_hek293,17136,3
884,zscreen_original_graph_v1:zel028_hek293:17143,zscreen_original_graph_v1,zel028_hek293,17143,3
885,zscreen_original_graph_v1:zel028_hek293:17272,zscreen_original_graph_v1,zel028_hek293,17272,3
886,zscreen_original_graph_v1:zel028_hek293:17331,zscreen_original_graph_v1,zel028_hek293,17331,4
887,zscreen_original_graph_v1:zel028_hek293:17392,zscreen_original_graph_v1,zel028_hek293,17392,3
888,zscreen_original_graph_v1:zel028_hek293:17627,zscreen_original_graph_v1,zel028_hek293,17627,6
889,zscreen_original_graph_v1:zel028_hek293:17728,zscreen_original_graph_v1,zel028_hek293,17728,3
890,zscreen_original_graph_v1:zel028_hek293:17945,zscreen_original_graph_v1,zel028_hek293,17945,4
891,zscreen_original_graph_v1:zel028_hek293:18369,zscreen_original_graph_v1,zel028_hek293,18369,3
892,zscreen_original_graph_v1:zel028_hek293:18460,zscreen_original_graph_v1,zel028_hek293,18460,3
893,zscreen_original_graph_v1:zel028_hek293:18549,zscreen_original_graph_v1,zel028_hek293,18549,4
894,zscreen_original_graph_v1:zel028_hek293:18602,zscreen_original_graph_v1,zel028_hek293,18602,3
895,zscreen_original_graph_v1:zel028_hek293:18936,zscreen_original_graph_v1,zel028_hek293,18936,5
896,zscreen_original_graph_v1:zel028_hek293:18960,zscreen_original_graph_v1,zel028_hek293,18960,3
897,zscreen_original_graph_v1:zel028_hek293:19288,zscreen_original_graph_v1,zel028_hek293,19288,3
898,zscreen_original_graph_v1:zel028_hek293:19420,zscreen_original_graph_v1,zel028_hek293,19420,4
899,zscreen_original_graph_v1:zel028_hek293:19448,zscreen_original_graph_v1,zel028_hek293,19448,7
900,zscreen_original_graph_v1:zel028_hek293:19492,zscreen_original_graph_v1,zel028_hek293,19492,3
901,zscreen_original_graph_v1:zel028_hek293:19685,zscreen_original_graph_v1,zel028_hek293,19685,3
902,zscreen_original_graph_v1:zel028_hek293:20050,zscreen_original_graph_v1,zel028_hek293,20050,3
903,zscreen_original_graph_v1:zel028_hek293:20061,zscreen_original_graph_v1,zel028_hek293,20061,8
904,zscreen_original_graph_v1:zel028_hek293:20606,zscreen_original_graph_v1,zel028_hek293,20606,3
905,zscreen_original_graph_v1:zel028_hek293:20618,zscreen_original_graph_v1,zel028_hek293,20618,3
906,zscreen_original_graph_v1:zel028_hek293:21011,zscreen_original_graph_v1,zel028_hek293,21011,4
907,zscreen_original_graph_v1:zel028_hek293:21152,zscreen_original_graph_v1,zel028_hek293,21152,3
908,zscreen_original_graph_v1:zel028_hek293:21769,zscreen_original_graph_v1,zel028_hek293,21769,3
909,zscreen_original_graph_v1:zel028_hek293:21948,zscreen_original_graph_v1,zel028_hek293,21948,4
910,zscreen_original_graph_v1:zel028_hek293:22495,zscreen_original_graph_v1,zel028_hek293,22495,4
911,zscreen_original_graph_v1:zel028_hek293:22652,zscreen_original_graph_v1,zel028_hek293,22652,3
912,zscreen_original_graph_v1:zel028_hek293:22671,zscreen_original_graph_v1,zel028_hek293,22671,5
913,zscreen_original_graph_v1:zel028_hek293:22801,zscreen_original_graph_v1,zel028_hek293,22801,6
914,zscreen_original_graph_v1:zel028_hek293:22909,zscreen_original_graph_v1,zel028_hek293,22909,3
915,zscreen_original_graph_v1:zel028_hek293:23572,zscreen_original_graph_v1,zel028_hek293,23572,3
916,zscreen_original_graph_v1:zel028_hek293:23588,zscreen_original_graph_v1,zel028_hek293,23588,4
917,zscreen_original_graph_v1:zel028_hek293:23713,zscreen_original_graph_v1,zel028_hek293,23713,3
918,zscreen_original_graph_v1:zel028_hek293:23810,zscreen_original_graph_v1,zel028_hek293,23810,3
919,zscreen_original_graph_v1:zel028_hek293:23910,zscreen_original_graph_v1,zel028_hek293,23910,5
920,zscreen_original_graph_v1:zel028_hek293:23954,zscreen_original_graph_v1,zel028_hek293,23954,3
921,zscreen_original_graph_v1:zel028_hek293:24234,zscreen_original_graph_v1,zel028_hek293,24234,4
922,zscreen_original_graph_v1:zel028_hek293:25088,zscreen_original_graph_v1,zel028_hek293,25088,6
923,zscreen_original_graph_v1:zel028_hek293:25247,zscreen_original_graph_v1,zel028_hek293,25247,5
924,zscreen_original_graph_v1:zel028_hek293:25292,zscreen_original_graph_v1,zel028_hek293,25292,3
925,zscreen_original_graph_v1:zel028_hek293:25420,zscreen_original_graph_v1,zel028_hek293,25420,6
926,zscreen_original_graph_v1:zel028_hek293:25511,zscreen_original_graph_v1,zel028_hek293,25511,3
927,zscreen_original_graph_v1:zel028_hek293:25814,zscreen_original_graph_v1,zel028_hek293,25814,3
928,zscreen_original_graph_v1:zel028_hek293:26127,zscreen_original_graph_v1,zel028_hek293,26127,3
929,zscreen_original_graph_v1:zel028_hek293:26271,zscreen_original_graph_v1,zel028_hek293,26271,3
930,zscreen_original_graph_v1:zel028_hek293:26414,zscreen_original_graph_v1,zel028_hek293,26414,3
931,zscreen_original_graph_v1:zel028_hek293:27302,zscreen_original_graph_v1,zel028_hek293,27302,3
932,zscreen_original_graph_v1:zel028_hek293:28157,zscreen_original_graph_v1,zel028_hek293,28157,3
933,zscreen_original_graph_v1:zel028_hek293:28327,zscreen_original_graph_v1,zel028_hek293,28327,3
934,zscreen_original_graph_v1:zel028_hek293:28860,zscreen_original_graph_v1,zel028_hek293,28860,5
935,zscreen_original_graph_v1:zel028_hek293:28916,zscreen_original_graph_v1,zel028_hek293,28916,5
936,zscreen_original_graph_v1:zel028_hek293:29003,zscreen_original_graph_v1,zel028_hek293,29003,3
937,zscreen_original_graph_v1:zel028_hek293:29483,zscreen_original_graph_v1,zel028_hek293,29483,4
938,zscreen_original_graph_v1:zel028_hek293:29757,zscreen_original_graph_v1,zel028_hek293,29757,3
939,zscreen_original_graph_v1:zel028_hek293:29943,zscreen_original_graph_v1,zel028_hek293,29943,3
940,zscreen_original_graph_v1:zel028_hek293:29953,zscreen_original_graph_v1,zel028_hek293,29953,3
941,zscreen_original_graph_v1:zel028_hek293:30187,zscreen_original_graph_v1,zel028_hek293,30187,5
942,zscreen_original_graph_v1:zel028_hek293:30304,zscreen_original_graph_v1,zel028_hek293,30304,3
943,zscreen_original_graph_v1:zel028_hek293:31333,zscreen_original_graph_v1,zel028_hek293,31333,5
944,zscreen_original_graph_v1:zel028_hek293:32087,zscreen_original_graph_v1,zel028_hek293,32087,3
945,zscreen_original_graph_v1:zel028_hek293:32217,zscreen_original_graph_v1,zel028_hek293,32217,3
946,zscreen_original_graph_v1:zel028_hek293:32670,zscreen_original_graph_v1,zel028_hek293,32670,3
947,zscreen_original_graph_v1:zel028_hek293:32890,zscreen_original_graph_v1,zel028_hek293,32890,3
948,zscreen_original_graph_v1:zel028_hek293:32957,zscreen_original_graph_v1,zel028_hek293,32957,4
949,zscreen_original_graph_v1:zel028_hek293:33339,zscreen_original_graph_v1,zel028_hek293,33339,3
950,zscreen_original_graph_v1:zel028_hek293:34127,zscreen_original_graph_v1,zel028_hek293,34127,3
951,zscreen_original_graph_v1:zel028_hek293:34513,zscreen_original_graph_v1,zel028_hek293,34513,3
952,zscreen_original_graph_v1:zel028_hek293:34724,zscreen_original_graph_v1,zel028_hek293,34724,3
953,zscreen_original_graph_v1:zel028_hek293:34737,zscreen_original_graph_v1,zel028_hek293,34737,4
954,zscreen_original_graph_v1:zel028_hek293:35308,zscreen_original_graph_v1,zel028_hek293,35308,5
955,zscreen_original_graph_v1:zel028_hek293:35526,zscreen_original_graph_v1,zel028_hek293,35526,3
956,zscreen_original_graph_v1:zel028_hek293:36031,zscreen_original_graph_v1,zel028_hek293,36031,3
957,zscreen_original_graph_v1:zel028_hek293:36066,zscreen_original_graph_v1,zel028_hek293,36066,3
958,zscreen_original_graph_v1:zel028_hek293:37053,zscreen_original_graph_v1,zel028_hek293,37053,3
959,zscreen_original_graph_v1:zel028_hek293:37275,zscreen_original_graph_v1,zel028_hek293,37275,4
960,zscreen_original_graph_v1:zel028_hek293:38277,zscreen_original_graph_v1,zel028_hek293,38277,3
961,zscreen_original_graph_v1:zel028_hek293:40237,zscreen_original_graph_v1,zel028_hek293,40237,3
962,zscreen_original_graph_v1:zel028_hek293:41824,zscreen_original_graph_v1,zel028_hek293,41824,3
963,zscreen_original_graph_v1:zel028_hek293:42789,zscreen_original_graph_v1,zel028_hek293,42789,3
964,zscreen_original_graph_v1:zel028_hek293:45346,zscreen_original_graph_v1,zel028_hek293,45346,3
965,zscreen_original_graph_v1:zel028_hek293:45721,zscreen_original_graph_v1,zel028_hek293,45721,3
966,zscreen_original_graph_v1:zel031_a549:321,zscreen_original_graph_v1,zel031_a549,321,3
967,zscreen_original_graph_v1:zel031_a549:483,zscreen_original_graph_v1,zel031_a549,483,22
968,zscreen_original_graph_v1:zel031_a549:636,zscreen_original_graph_v1,zel031_a549,636,4
969,zscreen_original_graph_v1:zel031_a549:1389,zscreen_original_graph_v1,zel031_a549,1389,4
970,zscreen_original_graph_v1:zel031_a549:2293,zscreen_original_graph_v1,zel031_a549,2293,3
971,zscreen_original_graph_v1:zel031_a549:4293,zscreen_original_graph_v1,zel031_a549,4293,3
972,zscreen_original_graph_v1:zel031_thp1:36,zscreen_original_graph_v1,zel031_thp1,36,4
973,zscreen_original_graph_v1:zel031_thp1:537,zscreen_original_graph_v1,zel031_thp1,537,3
974,zscreen_original_graph_v1:zel031_thp1:540,zscreen_original_graph_v1,zel031_thp1,540,3
975,zscreen_original_graph_v1:zel031_thp1:614,zscreen_original_graph_v1,zel031_thp1,614,3
976,zscreen_original_graph_v1:zel031_thp1:642,zscreen_original_graph_v1,zel031_thp1,642,3
977,zscreen_original_graph_v1:zel031_thp1:717,zscreen_original_graph_v1,zel031_thp1,717,13
978,zscreen_original_graph_v1:zel031_thp1:769,zscreen_original_graph_v1,zel031_thp1,769,4
979,zscreen_original_graph_v1:zel031_thp1:1522,zscreen_original_graph_v1,zel031_thp1,1522,3
980,zscreen_original_graph_v1:zel031_thp1:1536,zscreen_original_graph_v1,zel031_thp1,1536,3
981,zscreen_original_graph_v1:zel031_thp1:1909,zscreen_original_graph_v1,zel031_thp1,1909,5
982,zscreen_original_graph_v1:zel031_thp1:5335,zscreen_original_graph_v1,zel031_thp1,5335,3
983,zscreen_original_graph_v1:zel039_aec7:76,zscreen_original_graph_v1,zel039_aec7,76,5
984,zscreen_original_graph_v1:zel039_aec7:80,zscreen_original_graph_v1,zel039_aec7,80,5
985,zscreen_original_graph_v1:zel039_aec7:115,zscreen_original_graph_v1,zel039_aec7,115,112
986,zscreen_original_graph_v1:zel039_aec7:127,zscreen_original_graph_v1,zel039_aec7,127,27
987,zscreen_original_graph_v1:zel039_aec7:481,zscreen_original_graph_v1,zel039_aec7,481,3
988,zscreen_original_graph_v1:zel039_aec7:547,zscreen_original_graph_v1,zel039_aec7,547,6
989,zscreen_original_graph_v1:zel039_aec7:589,zscreen_original_graph_v1,zel039_aec7,589,43
990,zscreen_original_graph_v1:zel039_aec7:701,zscreen_original_graph_v1,zel039_aec7,701,3
991,zscreen_original_graph_v1:zel039_aec7:724,zscreen_original_graph_v1,zel039_aec7,724,3
992,zscreen_original_graph_v1:zel039_aec7:917,zscreen_original_graph_v1,zel039_aec7,917,22
993,zscreen_original_graph_v1:zel039_aec7:988,zscreen_original_graph_v1,zel039_aec7,988,3
994,zscreen_original_graph_v1:zel039_aec7:1315,zscreen_original_graph_v1,zel039_aec7,1315,4
995,zscreen_original_graph_v1:zel039_aec7:1402,zscreen_original_graph_v1,zel039_aec7,1402,3
996,zscreen_original_graph_v1:zel039_aec7:1761,zscreen_original_graph_v1,zel039_aec7,1761,13
997,zscreen_original_graph_v1:zel039_aec7:1813,zscreen_original_graph_v1,zel039_aec7,1813,3
998,zscreen_original_graph_v1:zel039_aec7:2121,zscreen_original_graph_v1,zel039_aec7,2121,8
999,zscreen_original_graph_v1:zel039_aec7:2564,zscreen_original_graph_v1,zel039_aec7,2564,3
1000,zscreen_original_graph_v1:zel039_aec7:2824,zscreen_original_graph_v1,zel039_aec7,2824,5
1001,zscreen_original_graph_v1:zel039_aec7:3417,zscreen_original_graph_v1,zel039_aec7,3417,4
1002,zscreen_original_graph_v1:zel039_aec7:4030,zscreen_original_graph_v1,zel039_aec7,4030,3
1003,zscreen_original_graph_v1:zel039_aec7:4262,zscreen_original_graph_v1,zel039_aec7,4262,9
1004,zscreen_original_graph_v1:zel039_aec7:5577,zscreen_original_graph_v1,zel039_aec7,5577,3
1005,zscreen_original_graph_v1:zel039_aec7:9993,zscreen_original_graph_v1,zel039_aec7,9993,3
1006,zscreen_original_graph_v1:zel039_aec7:11522,zscreen_original_graph_v1,zel039_aec7,11522,3
