context,model_variant,fold,seed,n_train,n_val,n_test,prog_pearson_mean,prog_pearson_median,prog_pearson_min,prog_pearson_max,null_mean,null_sd,null_q95,null_tail_frac_ge,above_floor_q95,margin_over_q95,model_hyperparameter
zel039_aec7,mean448_mlp,0,0,10708,1243,3052,0.1648846929568356,0.1783415515477263,0.0097972031568377,0.3224816090891536,0.0004296150108032,0.0060022493663403,0.0105465312694605,0.0,True,0.1543381616873751,5.0
zel039_aec7,mean448_mlp,0,1,10708,1243,3052,0.1689593510890418,0.1762680933837921,0.0348179253476486,0.319313660735098,-0.000117662927023,0.0064838084040172,0.0104194489805195,0.0,True,0.1585399021085223,7.0
zel039_aec7,mean448_mlp,0,2,10708,1243,3052,0.1643137106129718,0.1682337412515392,0.0054777463040755,0.3241686154515266,0.0011287864631875,0.0059903544272823,0.0115366935900055,0.0,True,0.1527770170229662,5.0
zel039_aec7,mean448_mlp,1,0,10776,1247,2980,0.1272297890293358,0.0936353638916366,-0.0156996273809667,0.3165777986791105,-0.0004252746017235,0.0046035743871906,0.0067622183232685,0.0,True,0.1204675707060672,8.0
zel039_aec7,mean448_mlp,1,1,10776,1247,2980,0.1238033724558856,0.0981597708315793,0.0060347435917564,0.3094366835171062,-0.0004574651972971,0.0047565322955401,0.0071491318284643,0.0,True,0.1166542406274213,4.0
zel039_aec7,mean448_mlp,1,2,10776,1247,2980,0.1243244304547814,0.0941868475094649,0.0150802111507566,0.3180485586654394,0.0001442509800614,0.0046945055185647,0.0084543469973596,0.0,True,0.1158700834574218,5.0
zel039_aec7,mean448_mlp,2,0,10755,1276,2972,0.1284410038025955,0.1090352703166666,0.0111417501858828,0.3486200283419423,0.0001956885245541,0.0048301285662434,0.0076275664814829,0.0,True,0.1208134373211125,4.0
zel039_aec7,mean448_mlp,2,1,10755,1276,2972,0.131064817029295,0.1140404946484539,0.0167704260501674,0.3371828894467462,0.0004255474044335,0.0045989651771188,0.0075582470519407,0.0,True,0.1235065699773542,9.0
zel039_aec7,mean448_mlp,2,2,10755,1276,2972,0.1329365512064632,0.1195515315209745,0.0138188569056996,0.3450490838996765,-8.663380971313473e-05,0.0052819187438845,0.0083850118187228,0.0,True,0.1245515393877403,11.0
zel039_aec7,mean448_mlp,3,0,10766,1229,3008,0.1300142620206161,0.1109824736393969,0.0159697823599861,0.314319196180273,6.478696610766832e-05,0.0049330933988449,0.0077932953528943,0.0,True,0.1222209666677218,7.0
zel039_aec7,mean448_mlp,3,1,10766,1229,3008,0.1288351697638834,0.1082952346465705,-0.0001502755638401,0.3228753570942765,2.214736418125085e-05,0.0052988798335222,0.0089781674912444,0.0,True,0.119857002272639,4.0
zel039_aec7,mean448_mlp,3,2,10766,1229,3008,0.1268064031758159,0.1141677410949821,0.0105798413265371,0.299474508307571,-9.053535429064397e-06,0.0046708538257322,0.0074829305500315,0.0,True,0.1193234726257843,6.0
zel039_aec7,mean448_mlp,4,0,10739,1273,2991,0.1232815561818536,0.0993250176058409,-0.0188540498614972,0.3174049286356402,-0.0003341908149549,0.0048508787226074,0.0080176870618743,0.0,True,0.1152638691199793,3.0
zel039_aec7,mean448_mlp,4,1,10739,1273,2991,0.1210398959150514,0.0961752074056472,-0.0115650684439626,0.3033858692954121,-0.0006916585793697,0.0048971249810348,0.0068489234467733,0.0,True,0.114190972468278,6.0
zel039_aec7,mean448_mlp,4,2,10739,1273,2991,0.1211913717510184,0.0996423686025665,-0.030138256765993,0.297973022739891,0.0002942636770029,0.0047919043914319,0.0079843762180644,0.0,True,0.113206995532954,6.0
zel039_aec7,mean448_ridge,0,0,10708,1243,3052,0.1501213167877416,0.1605127974126525,0.027759138435465,0.3082218301721938,-0.0002475660400253,0.0063663878701279,0.0092148399644798,0.0,True,0.1409064768232617,1000.0
zel039_aec7,mean448_ridge,0,1,10708,1243,3052,0.1501213167877416,0.1605127974126525,0.027759138435465,0.3082218301721938,0.0005254224449967,0.0066312919144221,0.0115220263080118,0.0,True,0.1385992904797298,1000.0
zel039_aec7,mean448_ridge,0,2,10708,1243,3052,0.1501213167877416,0.1605127974126525,0.027759138435465,0.3082218301721938,0.0005304254355668,0.0060429041863777,0.0112424456728262,0.0,True,0.1388788711149153,1000.0
zel039_aec7,mean448_ridge,1,0,10776,1247,2980,0.117266939152093,0.0734770433063808,0.007916289538759,0.3087313270845789,-0.0004407879321144,0.0048968590525811,0.0072538767293735,0.0,True,0.1100130624227194,1000.0
zel039_aec7,mean448_ridge,1,1,10776,1247,2980,0.117266939152093,0.0734770433063808,0.007916289538759,0.3087313270845789,-0.0005638140667413,0.0048330853611428,0.0071929035507352,0.0,True,0.1100740356013577,1000.0
zel039_aec7,mean448_ridge,1,2,10776,1247,2980,0.117266939152093,0.0734770433063808,0.007916289538759,0.3087313270845789,0.0005043629772138,0.0049465024091984,0.0085234262272251,0.0,True,0.1087435129248678,1000.0
zel039_aec7,mean448_ridge,2,0,10755,1276,2972,0.1204753020153372,0.1005035987145329,0.0108824440227077,0.345405651320315,-6.300450405991143e-05,0.005124904641654,0.0089118590262046,0.0,True,0.1115634429891326,1000.0
zel039_aec7,mean448_ridge,2,1,10755,1276,2972,0.1204753020153372,0.1005035987145329,0.0108824440227077,0.345405651320315,8.009634860403736e-05,0.0048039353177462,0.008295133131196,0.0,True,0.1121801688841411,1000.0
zel039_aec7,mean448_ridge,2,2,10755,1276,2972,0.1204753020153372,0.1005035987145329,0.0108824440227077,0.345405651320315,-0.0002580814295951,0.0045597626947716,0.0071048443901418,0.0,True,0.1133704576251954,1000.0
zel039_aec7,mean448_ridge,3,0,10766,1229,3008,0.1166489652852344,0.1018386752199865,0.0071248668144047,0.2992087543475652,-0.0006128599888005,0.0047681152020841,0.006265847482382,0.0,True,0.1103831178028524,1000.0
zel039_aec7,mean448_ridge,3,1,10766,1229,3008,0.1166489652852344,0.1018386752199865,0.0071248668144047,0.2992087543475652,-0.0003240491212187,0.0045598412980504,0.0068563756393359,0.0,True,0.1097925896458984,1000.0
zel039_aec7,mean448_ridge,3,2,10766,1229,3008,0.1166489652852344,0.1018386752199865,0.0071248668144047,0.2992087543475652,-0.0003502775073345,0.0045715068647322,0.0064694456209053,0.0,True,0.110179519664329,1000.0
zel039_aec7,mean448_ridge,4,0,10739,1273,2991,0.1080248008873928,0.0924068174915209,-0.0034471603893064,0.3012816275909495,0.0002117943016433,0.0046387470250699,0.0084302384701004,0.0,True,0.0995945624172924,1000.0
zel039_aec7,mean448_ridge,4,1,10739,1273,2991,0.1080248008873928,0.0924068174915209,-0.0034471603893064,0.3012816275909495,-6.070321311556271e-05,0.0049045293402742,0.0084718098047915,0.0,True,0.0995529910826013,1000.0
zel039_aec7,mean448_ridge,4,2,10739,1273,2991,0.1080248008873928,0.0924068174915209,-0.0034471603893064,0.3012816275909495,0.0001765461502787,0.0049431453988494,0.0078884180894419,0.0,True,0.1001363827979508,1000.0
zel039_aec7,scantype896_mlp,0,0,10708,1243,3052,0.1670035902159037,0.1777833958795825,0.0141415531903298,0.3168947753934921,-0.0002592720362726,0.005987757424265,0.0089148908414927,0.0,True,0.158088699374411,3.0
zel039_aec7,scantype896_mlp,0,1,10708,1243,3052,0.1557508938080049,0.1736564358823447,0.0072024958066014,0.3139246504183019,7.746835147429465e-05,0.0064189342089847,0.0104051809579686,0.0,True,0.1453457128500362,2.0
zel039_aec7,scantype896_mlp,0,2,10708,1243,3052,0.1666896122812253,0.1799797238352313,0.0289731382187463,0.3211540741148377,-0.0003930512131067,0.0066506202882827,0.0113324483172618,0.0,True,0.1553571639639634,6.0
zel039_aec7,scantype896_mlp,1,0,10776,1247,2980,0.120437171658859,0.090148368283751,-0.0052178147842961,0.308440464775311,0.0007108924172984,0.0047218203199842,0.0078792407817218,0.0,True,0.1125579308771372,5.0
zel039_aec7,scantype896_mlp,1,1,10776,1247,2980,0.1242001908146779,0.0952307334710859,0.0062251477814701,0.3136288329233098,0.0003998782695711,0.0046757622271436,0.0082981900987078,0.0,True,0.11590200071597,6.0
zel039_aec7,scantype896_mlp,1,2,10776,1247,2980,0.1207431387517329,0.1013525533719736,-0.0062718916105921,0.3136505393858282,2.8723534661843075e-05,0.004923905290513,0.0073728415820823,0.0,True,0.1133702971696505,6.0
zel039_aec7,scantype896_mlp,2,0,10755,1276,2972,0.1307295007994218,0.1080375460729656,0.0258151426169452,0.3401321456910574,-4.603878080473578e-05,0.0049189623058249,0.0071363216104003,0.0,True,0.1235931791890214,5.0
zel039_aec7,scantype896_mlp,2,1,10755,1276,2972,0.1220895635946429,0.1045190265934976,0.0194322702218451,0.3338637211146252,0.00034197913552,0.0052469376328858,0.0096497347554304,0.0,True,0.1124398288392124,9.0
zel039_aec7,scantype896_mlp,2,2,10755,1276,2972,0.1266457877185819,0.1098914761624418,0.0010539988064756,0.3350834313979102,0.0001527181578282,0.004729254519409,0.0081914321276599,0.0,True,0.1184543555909219,6.0
zel039_aec7,scantype896_mlp,3,0,10766,1229,3008,0.1213717759835739,0.1061654029328496,0.031431052553673,0.3095422393859511,-0.0001319923833769,0.0045829103567381,0.007235750761265,0.0,True,0.1141360252223088,4.0
zel039_aec7,scantype896_mlp,3,1,10766,1229,3008,0.1218106053475557,0.0991227291436431,-0.0294192702614304,0.3125783056792455,-0.0002104756796602,0.0046736647601335,0.0080273790266346,0.0,True,0.113783226320921,3.0
zel039_aec7,scantype896_mlp,3,2,10766,1229,3008,0.1258014365009697,0.1145905686159628,0.0169865316957161,0.298846961118345,0.0001113522903456,0.0045951142822112,0.0070509692992755,0.0,True,0.1187504672016941,6.0
zel039_aec7,scantype896_mlp,4,0,10739,1273,2991,0.1249471988540258,0.103630401103578,-0.0090915195150221,0.3054576864188927,-0.0004850769607176,0.0044785743026063,0.006615920621607,0.0,True,0.1183312782324187,3.0
zel039_aec7,scantype896_mlp,4,1,10739,1273,2991,0.1190171927082496,0.0887092309275636,-0.0006603118767387,0.3023562552715554,-0.000642415485212,0.0053551375418895,0.0086998081026649,0.0,True,0.1103173846055846,3.0
zel039_aec7,scantype896_mlp,4,2,10739,1273,2991,0.1199017208069429,0.0951538461396777,-0.0351668929264874,0.2998013819343234,1.842903938310769e-05,0.0046391636635451,0.0072748652592508,0.0,True,0.112626855547692,2.0
zel039_aec7,scantype896_ridge,0,0,10708,1243,3052,0.146181528255139,0.1604682754672049,0.0201603192480705,0.3058343996336542,0.0005943322089084,0.0059653013739346,0.0096103385316382,0.0,True,0.1365711897235007,1000.0
zel039_aec7,scantype896_ridge,0,1,10708,1243,3052,0.146181528255139,0.1604682754672049,0.0201603192480705,0.3058343996336542,-0.0004435482214947,0.0060060108657905,0.0099289871810583,0.0,True,0.1362525410740807,1000.0
zel039_aec7,scantype896_ridge,0,2,10708,1243,3052,0.146181528255139,0.1604682754672049,0.0201603192480705,0.3058343996336542,0.0003616990105315,0.0062164302602614,0.0099275462437844,0.0,True,0.1362539820113545,1000.0
zel039_aec7,scantype896_ridge,1,0,10776,1247,2980,0.1118505910335057,0.0680435269458399,-0.0027259752670127,0.3176884492330205,-0.0003258884523951,0.0045605562392592,0.007161714359529,0.0,True,0.1046888766739767,1000.0
zel039_aec7,scantype896_ridge,1,1,10776,1247,2980,0.1118505910335057,0.0680435269458399,-0.0027259752670127,0.3176884492330205,0.0007451557264774,0.0043642041084922,0.0077337203205388,0.0,True,0.1041168707129669,1000.0
zel039_aec7,scantype896_ridge,1,2,10776,1247,2980,0.1118505910335057,0.0680435269458399,-0.0027259752670127,0.3176884492330205,0.000153221242935,0.0047939808125616,0.0081926083019197,0.0,True,0.103657982731586,1000.0
zel039_aec7,scantype896_ridge,2,0,10755,1276,2972,0.1131831901917184,0.0946097595171113,-0.010307461392491,0.3418719490419725,0.0001769363939042,0.0043284681808202,0.0070171304243103,0.0,True,0.106166059767408,1000.0
zel039_aec7,scantype896_ridge,2,1,10755,1276,2972,0.1131831901917184,0.0946097595171113,-0.010307461392491,0.3418719490419725,0.0001752730418614,0.004992636765142,0.0080071354410506,0.0,True,0.1051760547506678,1000.0
zel039_aec7,scantype896_ridge,2,2,10755,1276,2972,0.1131831901917184,0.0946097595171113,-0.010307461392491,0.3418719490419725,0.0007817851310107,0.0049362571487934,0.0092502571711975,0.0,True,0.1039329330205209,1000.0
zel039_aec7,scantype896_ridge,3,0,10766,1229,3008,0.110183178563102,0.1048269276526215,-0.0017975366648387,0.3019808523916542,7.992905422824491e-06,0.0043760092382475,0.0074434311771604,0.0,True,0.1027397473859416,1000.0
zel039_aec7,scantype896_ridge,3,1,10766,1229,3008,0.110183178563102,0.1048269276526215,-0.0017975366648387,0.3019808523916542,8.311212939582369e-05,0.0042943087617838,0.0064025299120658,0.0,True,0.1037806486510362,1000.0
zel039_aec7,scantype896_ridge,3,2,10766,1229,3008,0.110183178563102,0.1048269276526215,-0.0017975366648387,0.3019808523916542,0.0001341040801628,0.0044449520280023,0.007815589993288,0.0,True,0.1023675885698139,1000.0
zel039_aec7,scantype896_ridge,4,0,10739,1273,2991,0.1059107270768033,0.0872011357962907,-0.0153746226256523,0.2916904880321819,0.000393117365465,0.004575897703378,0.0090967903657428,0.0,True,0.0968139367110604,1000.0
zel039_aec7,scantype896_ridge,4,1,10739,1273,2991,0.1059107270768033,0.0872011357962907,-0.0153746226256523,0.2916904880321819,-0.000268285753049,0.0046035546418466,0.0070999254659909,0.0,True,0.0988108016108123,1000.0
zel039_aec7,scantype896_ridge,4,2,10739,1273,2991,0.1059107270768033,0.0872011357962907,-0.0153746226256523,0.2916904880321819,-7.894433019771441e-05,0.0045045711227058,0.0071841942242599,0.0,True,0.0987265328525433,1000.0
