context,program,image_features,chemistry_model,folds,n_test_compounds,r2_chem,r2_img,r2_joint,chem_only,img_only,shared,unexplained,img_only_fold_sd,chem_only_fold_sd,img_only_null_mean,img_only_null_sd,img_only_z,img_only_tail,chem_only_null_mean,chem_only_null_sd,chem_only_z,chem_only_tail,rel_img,img_only_rel_ceiling,r2_img_rel_ceiling,r_ceiling_img
zel024_hek293,P01,clip_ridge,chemistry_cross_attention_seed0,"1,2,3,4",7847,0.2553719438391699,0.0232212107759197,0.255928110661187,0.2327068998852673,0.0005561668220171,0.0226650439539026,0.744071889338813,0.0003260491321455,0.0725871988554735,0.0003583677776086,0.0005010505455335,0.3947686439455679,0.2125,0.0004542717253692,0.000646690637842,359.1402357932937,0.0,0.435,0.0012785444184302,0.0533820937377465,0.6595452979136459
zel024_hek293,P02,clip_ridge,chemistry_cross_attention_seed0,"1,2,3,4",7847,0.1955394436871261,0.0027396939083939,0.1960718778136094,0.1933321839052154,0.0005324341264832,0.0022072597819107,0.8039281221863906,0.0006140799812942,0.0775788058697049,0.0003846293892092,0.0005611321703074,0.2634044973629338,0.235,0.0005782731502061,0.0008058726800534,239.18655579963345,0.0,0.435,0.0012239864976626,0.0062981469158481,0.6595452979136459
zel024_hek293,P03,clip_ridge,chemistry_cross_attention_seed0,"1,2,3,4",7847,0.2049341333372641,0.0170696886428887,0.2055677473272496,0.1884980586843609,0.0006336139899855,0.0164360746529032,0.7944322526727503,0.0009781486155956,0.0659211612404027,0.0004136272002382,0.0006085365403581,0.3615013645980704,0.2175,0.000516121786218,0.0007264466267292,258.7690960098499,0.0,0.435,0.0014565838850241,0.0392406635468706,0.6595452979136459
zel024_hek293,P04,clip_ridge,chemistry_cross_attention_seed0,"1,2,3,4",7847,0.2331417228381456,0.0213403433003587,0.2340752091549324,0.2127348658545736,0.0009334863167867,0.0204068569835719,0.7659247908450676,0.0006990108528163,0.0503695678426691,0.0003744592735975,0.0005066437299968,1.103392798708262,0.11625,0.0004836225259345,0.0006745079349882,314.67568032736534,0.0,0.435,0.0021459455558316,0.0490582604605947,0.6595452979136459
zel024_hek293,P05,clip_ridge,chemistry_cross_attention_seed0,"1,2,3,4",7847,0.0986718704516886,0.0025538280094481,0.098808789156518,0.0962549611470698,0.0001369187048293,0.0024169093046188,0.901191210843482,0.0001245764496186,0.0251531000345027,0.0004664806537515,0.0006784364671468,-0.4857668549395398,0.56875,0.0005367402579715,0.0007305839758467,131.0160420342643,0.0,0.435,0.0003147556432858,0.0058708689872372,0.6595452979136459
zel024_hek293,P06,clip_ridge,chemistry_cross_attention_seed0,"1,2,3,4",7847,0.1168888378742317,0.0042694030435281,0.1179808582613591,0.113711455217831,0.0010920203871273,0.0031773826564007,0.8820191417386408,0.0010527717055478,0.0495344278043736,0.0004849206931891,0.0007123213933751,0.8522833928399306,0.135,0.0005106446623594,0.000690975208445,163.82760071842844,0.0,0.435,0.0025103916945457,0.0098147196402944,0.6595452979136459
zel024_hek293,P07,clip_ridge,chemistry_cross_attention_seed0,"1,2,3,4",7847,0.1946957639187019,0.008178111610333,0.1948720783137414,0.1866939667034083,0.0001763143950395,0.0080017972152935,0.8051279216862586,0.0002374544562899,0.0889243084215074,0.0004399252599059,0.0006500423191369,-0.4055287742133971,0.545,0.0004858353188263,0.0006336610607192,293.86077656912755,0.0,0.435,0.0004053204483667,0.0188002565754783,0.6595452979136459
zel024_hek293,P08,clip_ridge,chemistry_cross_attention_seed0,"1,2,3,4",7847,0.1756171659038246,0.0105736835543561,0.1759120407321473,0.1653383571777912,0.0002948748283227,0.0102788087260334,0.8240879592678526,0.0002639535607806,0.0285197703203938,0.0004426855817626,0.000590290240299,-0.2504035190638485,0.435,0.0005428467749165,0.0007800116683031,211.2731348767785,0.0,0.435,0.0006778731685579,0.0243073185157611,0.6595452979136459
zel024_hek293,P09,clip_ridge,chemistry_cross_attention_seed0,"1,2,3,4",7847,0.1164135270505448,0.0007066514446781,0.116964246727752,0.1162575952830739,0.0005507196772072,0.0001559317674709,0.8830357532722479,0.0003355123200167,0.0389873406720489,0.0004541652727511,0.0006858359655961,0.1407835244862607,0.2575,0.0005312247695455,0.0006892031209838,167.9133001434018,0.0,0.435,0.0012660222464534,0.0016244860797198,0.6595452979136459
zel024_hek293,P10,clip_ridge,chemistry_cross_attention_seed0,"1,2,3,4",7847,0.1182580973273602,0.0040226199741361,0.1183264828223884,0.1143038628482522,6.838549502816843e-05,0.003954234479108,0.8816735171776116,3.6801299568521264e-05,0.0139786897149447,0.0004348668175702,0.0006091153188734,-0.6016616413782917,0.69875,0.0004757386794678,0.0006474604566133,175.80706745270834,0.0,0.435,0.0001572080345475,0.0092474022393935,0.6595452979136459
zel024_hek293,P11,clip_ridge,chemistry_cross_attention_seed0,"1,2,3,4",7847,0.2085113245355743,0.0113703586677224,0.2089881673186868,0.1976178086509644,0.0004768427831125,0.0108935158846098,0.7910118326813131,0.0004821073322595,0.0376311732441802,0.0003828136611576,0.000524759286125,0.1791852463425324,0.2625,0.0005350877780951,0.0007402176966953,266.24967459267884,0.0,0.435,0.0010961903060058,0.0261387555579825,0.6595452979136459
zel024_hek293,P12,clip_ridge,chemistry_cross_attention_seed0,"1,2,3,4",7847,0.3164248774939587,0.0404454895251627,0.3172240283512946,0.2767785388261318,0.0007991508573358,0.0396463386678268,0.6827759716487054,0.0003507064478468,0.0509281573596032,0.000371162592711,0.0005309932223218,0.8060145527911065,0.13875,0.0004703866959626,0.0006476402855616,426.6383026042741,0.0,0.435,0.0018371284076686,0.0929781368394545,0.6595452979136459
zel024_hek293,P13,clip_ridge,chemistry_cross_attention_seed0,"1,2,3,4",7847,0.3657620781142233,0.0172366863611003,0.3668518915928467,0.3496152052317464,0.0010898134786234,0.0161468728824769,0.6331481084071533,0.0010049282437091,0.0621812294449462,0.0003150453288498,0.0004497692127364,1.7225904482430248,0.0675,0.0005379322549783,0.00069863962713,499.6528387757368,0.0,0.435,0.0025053183416631,0.0396245663473571,0.6595452979136459
zel024_hek293,P14,clip_ridge,chemistry_cross_attention_seed0,"1,2,3,4",7847,0.1941548627829963,0.009370169958734,0.196359733193779,0.186989563235045,0.0022048704107827,0.0071652995479512,0.803640266806221,0.0008432126060885,0.0503945214811973,0.0004100178821518,0.0005580763392339,3.216141596496474,0.01625,0.000497745458877,0.0006899596817659,270.29379064416673,0.0,0.435,0.0050686676109948,0.0215406205947908,0.6595452979136459
zel024_hek293,P15,clip_ridge,chemistry_cross_attention_seed0,"1,2,3,4",7847,0.4774339456597473,0.0729688251612464,0.4799208684537625,0.4069520432925161,0.0024869227940152,0.0704819023672311,0.5200791315462374,0.0002919681472108,0.102168549585824,0.0002431977326651,0.0003790700605798,5.919024725714495,0.00625,0.0005146487213007,0.0007452909505117,545.3405737613368,0.0,0.435,0.0057170638942879,0.1677444256580378,0.6595452979136459
zel024_hek293,P16,clip_ridge,chemistry_cross_attention_seed0,"1,2,3,4",7847,0.4667192023861461,0.0754229192375825,0.469944502523565,0.3945215832859825,0.0032253001374188,0.0721976191001636,0.530055497476435,0.0006882808396931,0.0865753905592347,0.0002832494472813,0.0004076387612438,7.217298671894371,0.0,0.0004771097439292,0.000651774566416,604.5717244058885,0.0,0.435,0.0074144830745261,0.1733860212358218,0.6595452979136459
zel024_hek293,P17,clip_ridge,chemistry_cross_attention_seed0,"1,2,3,4",7847,0.5014729809381699,0.0388517240996512,0.5026177844845232,0.4637660603848721,0.0011448035463533,0.0377069205532978,0.4973822155154767,0.0010261720840734,0.0121084015080736,0.0002595789137524,0.0003408586332857,2.597043308153038,0.03,0.0005277742945528,0.0007395778194516,626.3550283779542,0.0,0.435,0.0026317322904673,0.0893143082750602,0.6595452979136459
zel024_hek293,P18,clip_ridge,chemistry_cross_attention_seed0,"1,2,3,4",7847,0.4028274584559888,0.0638172231332445,0.4043587433942132,0.3405415202609686,0.0015312849382242,0.0622859381950202,0.5956412566057868,0.0010137323171189,0.0427836190227859,0.0003132406474964,0.000448834994648,2.713790825697481,0.02125,0.0005103805221582,0.0007048953303542,482.385291966585,0.0,0.435,0.0035201952602857,0.1467062600764241,0.6595452979136459
zel024_hek293,P19,clip_ridge,chemistry_cross_attention_seed0,"1,2,3,4",7847,0.3372575602174693,0.0347284906583822,0.3389296335476136,0.3042011428892314,0.0016720733301443,0.0330564173282378,0.6610703664523864,0.0021942296471255,0.0159033966722777,0.0003319631350582,0.0004504781996313,2.974861372165776,0.02375,0.0004921656811751,0.000693258804223,438.0888859369322,0.0,0.435,0.003843846735964,0.0798356107089246,0.6595452979136459
zel024_hek293,P20,clip_ridge,chemistry_cross_attention_seed0,"1,2,3,4",7847,0.5375694244890186,0.0703321405629705,0.5387933128492463,0.4684611722862756,0.0012238883602276,0.0691082522027429,0.4612066871507537,0.0004767680738838,0.0399445011029461,0.0002148188448609,0.0003171008025641,3.1821726946353683,0.015,0.000491456918357,0.0007467192881747,626.7009876118138,0.0,0.435,0.0028135364602935,0.1616830817539553,0.6595452979136459
zel024_hek293,P21,clip_ridge,chemistry_cross_attention_seed0,"1,2,3,4",7847,0.4985437005552648,0.0906371053167562,0.5023283119697833,0.411691206653027,0.0037846114145184,0.0868524939022377,0.4976716880302166,0.0026507859627231,0.010202532050652,0.0002406221737969,0.0003529481986716,10.041103068552168,0.0,0.0004989274747561,0.0006940913337512,592.4181144230087,0.0,0.435,0.0087002561253297,0.2083611616477154,0.6595452979136459
zel024_hek293,P22,clip_ridge,chemistry_cross_attention_seed0,"1,2,3,4",7847,0.3632323745491259,0.0413232626025324,0.3637609156160751,0.3224376530135427,0.0005285410669492,0.0407947215355832,0.6362390843839248,0.0004124938168223,0.0622322015096029,0.00031126581673,0.000472615006149,0.4597299014891173,0.19375,0.0005428589494493,0.0007325576912898,439.4122099753071,0.0,0.435,0.0012150369355155,0.0949960059828333,0.6595452979136459
zel024_hek293,P23,clip_ridge,chemistry_cross_attention_seed0,"1,2,3,4",7847,0.4858300971552902,0.0368195682015668,0.487135690024354,0.4503161218227871,0.0013055928690637,0.0355139753325031,0.512864309975646,0.0011460940794365,0.0112414992638996,0.0002550048282674,0.0003413059560587,3.0781415388353115,0.025,0.0005473574636969,0.0007732838349806,581.634768519851,0.0,0.435,0.0030013629173879,0.0846426855208434,0.6595452979136459
zel024_hek293,P24,clip_ridge,chemistry_cross_attention_seed0,"1,2,3,4",7847,0.2303101391494897,0.0008738911020277,0.2304161880030615,0.2295422969010338,0.0001060488535718,0.0007678422484558,0.7695838119969385,0.0001022814779349,0.0108324050645297,0.0003996146939794,0.0005422188614866,-0.541415766324991,0.61375,0.000489687645155,0.000710941739774,322.1819685656491,0.0,0.435,0.0002437904679811,0.0020089450621326,0.6595452979136459
zel024_hek293,P25,clip_ridge,chemistry_cross_attention_seed0,"1,2,3,4",7847,0.289927296186441,0.0196103298889755,0.2904965687799996,0.2708862388910241,0.0005692725935586,0.0190410572954169,0.7095034312200004,0.0007701822097627,0.0230025737566835,0.0003649196085751,0.0005399310557548,0.3784797758998509,0.205,0.0005195274040948,0.0007473926120285,361.74656684540446,0.0,0.435,0.0013086726288703,0.0450812181355759,0.6595452979136459
zel024_hek293,P26,clip_ridge,chemistry_cross_attention_seed0,"1,2,3,4",7847,0.4392817207873678,0.0594557774235243,0.4412405710511229,0.3817847936275986,0.001958850263755,0.0574969271597691,0.5587594289488771,0.0015827568756546,0.0367883346361487,0.0002781235489544,0.0004049874775908,4.150070823915306,0.00625,0.0005307340637427,0.0007099570223516,537.0100549199564,0.0,0.435,0.0045031040546094,0.1366799481000558,0.6595452979136459
zel024_hek293,P27,clip_ridge,chemistry_cross_attention_seed0,"1,2,3,4",7847,0.224375552071525,0.003314054439651,0.2247131456886474,0.2213990912489963,0.0003375936171223,0.0029764608225286,0.7752868543113527,0.0003030746310963,0.0600397373955253,0.0003917677672123,0.0005816943170198,-0.0931316475079306,0.3275,0.0004853210597227,0.0006922938360972,319.1040547676483,0.0,0.435,0.000776077280741,0.0076185159532207,0.6595452979136459
zel024_hek293,P28,clip_ridge,chemistry_cross_attention_seed0,"1,2,3,4",7847,0.3814075507840636,0.0292135224058943,0.3827338600939291,0.3535203376880347,0.0013263093098655,0.0278872130960287,0.6172661399060708,0.0009734268947425,0.0464004795437354,0.0003017946326366,0.0004607585045614,2.2235393749356307,0.035,0.0005255359844179,0.0007493315984293,471.0795626976435,0.0,0.435,0.0030489869192311,0.0671575227721708,0.6595452979136459
zel024_hek293,P29,clip_ridge,chemistry_cross_attention_seed0,"1,2,3,4",7847,0.2679276252592308,0.0203724531193398,0.2689171602456413,0.2485447071263014,0.0009895349864104,0.0193829181329294,0.7310828397543587,0.0010772255152034,0.0134522781912674,0.0003657104009261,0.0005845716630482,1.067148178602101,0.09625,0.0004943576598572,0.0007161306596666,346.3758269781324,0.0,0.435,0.002274793072208,0.0468332255617009,0.6595452979136459
zel024_hek293,P30,clip_ridge,chemistry_cross_attention_seed0,"1,2,3,4",7847,0.5075131007112639,0.0039994844950083,0.5081761500943336,0.5041766655993253,0.0006630493830697,0.0033364351119385,0.4918238499056664,0.0009714275310706,0.0171605568297565,0.0002532965339377,0.0003493716415339,1.1728280158427025,0.11,0.0005090279489805,0.0007500407406349,671.5203726453475,0.0,0.435,0.0015242514553326,0.0091942172299041,0.6595452979136459
zel024_hek293,P31,clip_ridge,chemistry_cross_attention_seed0,"1,2,3,4",7847,0.561503278633195,0.0052978510275004,0.5617698812793268,0.5564720302518262,0.0002666026461316,0.0050312483813688,0.4382301187206733,0.0001933330785685,0.0116037843859277,0.0002205896583074,0.0003246828326059,0.1417167253805204,0.26625,0.0005242359541828,0.0007077968528763,785.4623710721469,0.0,0.435,0.0006128796462796,0.0121789678793114,0.6595452979136459
zel024_hek293,P32,clip_ridge,chemistry_cross_attention_seed0,"1,2,3,4",7847,0.5396697191559455,0.0060183159866641,0.5400316846923725,0.5340133687057083,0.0003619655364269,0.0056563504502372,0.4599683153076275,0.0002962230777065,0.0138299027959653,0.0002378160664479,0.0003493759476694,0.355346356287792,0.21,0.000509916906451,0.0007081295307441,753.3981124026855,0.0,0.435,0.0008321046814412,0.0138352091647452,0.6595452979136459
zel031_thp1,P01,clip_ridge,chemistry_cross_attention_seed0,"1,2,3,4",6023,0.019905185487754,0.0006263246809062,0.0206047063761841,0.0199783816952778,0.0006995208884301,-7.319620752386092e-05,0.979395293623816,0.0006837423991284,0.0152089922293243,0.0006455626478829,0.0009033723169088,0.0597297919553586,0.3,0.0007001062856587,0.000934127703523,20.637730084345804,0.0,0.424,0.0016498134161088,0.001477180851194,0.6511528238439882
zel031_thp1,P02,clip_ridge,chemistry_cross_attention_seed0,"1,2,3,4",6023,0.1010025731682114,0.0008764087828641,0.101208633415828,0.1003322246329638,0.0002060602476166,0.0006703485352475,0.8987913665841719,0.0001725060532971,0.0616695729134505,0.0005833641734965,0.0008434062944417,-0.4473572563620117,0.545,0.0007321400942103,0.0010294963419493,96.74641907921584,0.0,0.424,0.0004859911500393,0.0020670018463778,0.6511528238439882
zel031_thp1,P03,clip_ridge,chemistry_cross_attention_seed0,"1,2,3,4",6023,0.0279521737464264,0.0001288004925581,0.0280474425764635,0.0279186420839053,9.526883003706374e-05,3.353166252106606e-05,0.9719525574235364,5.797938660068427e-05,0.0141202421743192,0.0006550575254327,0.0008580531163914,-0.6523939890224179,0.69625,0.0007060815454991,0.0009601634125345,28.34159288216783,0.0,0.424,0.0002246906368798,0.0003037747465993,0.6511528238439882
zel031_thp1,P04,clip_ridge,chemistry_cross_attention_seed0,"1,2,3,4",6023,0.060444371172578,0.00174627867977,0.0623236845233038,0.0605774058435338,0.0018793133507258,-0.0001330346709557,0.937676315476696,0.0018281873077849,0.0351024094652429,0.0006327564006385,0.0008419913639377,1.480486621926186,0.09,0.0007108469405859,0.0009733470252551,61.50587339315538,0.0,0.424,0.0044323428083155,0.0041185817919105,0.6511528238439882
zel031_thp1,P05,clip_ridge,chemistry_cross_attention_seed0,"1,2,3,4",6023,0.0674669021944814,0.0014592339303472,0.0681456493865777,0.0666864154562305,0.0006787471920962,0.0007804867382509,0.9318543506134224,0.0009542709223846,0.0352032801704938,0.0006319429669503,0.0008720109632673,0.0536738953034902,0.31125,0.0007058083220406,0.001003573529761,65.74566305061553,0.0,0.424,0.0016008188492837,0.003441589458366,0.6511528238439882
zel031_thp1,P06,clip_ridge,chemistry_cross_attention_seed0,"1,2,3,4",6023,0.0722352023252883,0.0017097526272695,0.0727852079273247,0.0710754553000552,0.0005500056020364,0.001159747025233,0.9272147920726752,0.0008183658040659,0.0484002017847267,0.0006034359412091,0.0008537942996562,-0.0625798733889407,0.3425,0.0006284604805351,0.0008890079517564,79.24225501058099,0.0,0.424,0.0012971830236709,0.0040324354416733,0.6511528238439882
zel031_thp1,P07,clip_ridge,chemistry_cross_attention_seed0,"1,2,3,4",6023,0.0715761379938511,0.0006573432734284,0.0719526847080374,0.0712953414346089,0.0003765467141863,0.0002807965592421,0.9280473152919624,0.0002193715088279,0.0432319064624355,0.0005684282564945,0.0007508223010329,-0.2555618580377602,0.42125,0.0006240977273067,0.0008729018384155,80.96127261638186,0.0,0.424,0.000888081873081,0.0015503379090294,0.6511528238439882
zel031_thp1,P08,clip_ridge,chemistry_cross_attention_seed0,"1,2,3,4",6023,0.0465107831388264,0.000483649266832,0.0468427357513624,0.0463590864845303,0.000331952612536,0.000151696654296,0.9531572642486374,0.0005547409402412,0.0230680272890665,0.0006401671294056,0.0009403236595795,-0.327774924867233,0.455,0.0006482544521429,0.0008913332168327,51.2836626854512,0.0,0.424,0.0007829071050378,0.0011406822330944,0.6511528238439882
zel031_thp1,P09,clip_ridge,chemistry_cross_attention_seed0,"1,2,3,4",6023,0.0592740337618308,0.0003259168584966,0.0596057671877844,0.0592798503292878,0.0003317334259536,-5.816567456995089e-06,0.9403942328122156,0.0003284030226627,0.0121440034368346,0.0006087557328349,0.0008907825036543,-0.3109875932057889,0.45375,0.0006377576185368,0.0009012567116893,65.067024689149,0.0,0.424,0.000782390155551,0.000768671836077,0.6511528238439882
zel031_thp1,P10,clip_ridge,chemistry_cross_attention_seed0,"1,2,3,4",6023,0.0665151788113889,0.0017945492892731,0.0682801498625325,0.0664856005732593,0.0017649710511435,2.95782381296069e-05,0.9317198501374674,0.0015828979174687,0.0148475452514517,0.000555421991805,0.000726979385486,1.66380104234969,0.075,0.0006666653372066,0.0009123969037573,72.13849034888787,0.0,0.424,0.0041626675734518,0.0042324275690405,0.6511528238439882
zel031_thp1,P11,clip_ridge,chemistry_cross_attention_seed0,"1,2,3,4",6023,0.0529784135424269,8.204627381026417e-05,0.0533026219872062,0.053220575713396,0.0003242084447793,-0.000242162170969,0.9466973780127936,0.0005191715111979,0.0097033945657403,0.0006134318260891,0.0008372383318229,-0.3454492828583527,0.475,0.0006432974653202,0.0008891428595388,59.13254285744603,0.0,0.424,0.0007646425584418,0.00019350536276,0.6511528238439882
zel031_thp1,P12,clip_ridge,chemistry_cross_attention_seed0,"1,2,3,4",6023,0.0509376075087392,0.0006123207862531,0.0515431060851237,0.0509307852988705,0.0006054985763845,6.822209868680563e-06,0.9484568939148762,0.0003625097208077,0.0415865761462226,0.0006211173205681,0.0009875763246654,-0.0158152274345876,0.30375,0.0006952322748085,0.0009609583859692,52.276512445844745,0.0,0.424,0.0014280626801521,0.0014441527977669,0.6511528238439882
zel031_thp1,P13,clip_ridge,chemistry_cross_attention_seed0,"1,2,3,4",6023,0.1363785344269463,0.0010698242891821,0.1366581672412976,0.1355883429521155,0.0002796328143513,0.0007901914748307,0.8633418327587024,0.0001760427858426,0.081945376763994,0.0005850604668437,0.0008428155251076,-0.3623896848048502,0.49875,0.0006735659004719,0.0010274856218068,131.30575668240772,0.0,0.424,0.0006595113546021,0.002523170493354,0.6511528238439882
zel031_thp1,P14,clip_ridge,chemistry_cross_attention_seed0,"1,2,3,4",6023,0.0619671402997011,0.0003134948975179,0.0622753532665194,0.0619618583690015,0.0003082129668183,5.281930699610471e-06,0.9377246467334804,9.119893930072856e-05,0.0208795222365081,0.0006138602749138,0.0007687238523949,-0.3976035180165376,0.525,0.0006655087397016,0.0009362879903512,65.46740987920103,0.0,0.424,0.0007269173745716,0.0007393747582971,0.6511528238439882
zel031_thp1,P15,clip_ridge,chemistry_cross_attention_seed0,"1,2,3,4",6023,0.0365634697391739,0.0009734285460232,0.0374551239954845,0.0364816954494613,0.0008916542563105,8.17742897126451e-05,0.9625448760045154,0.00136402289524,0.0153607661573386,0.0006399600358256,0.0008693725506813,0.2895124998915988,0.2375,0.0006573449442556,0.0008803907166054,40.691422375889765,0.0,0.424,0.0021029581516759,0.0022958220425076,0.6511528238439882
zel031_thp1,P16,clip_ridge,chemistry_cross_attention_seed0,"1,2,3,4",6023,0.0435575442371402,0.0003625747797639,0.0441678309005978,0.0438052561208339,0.0006102866634576,-0.0002477118836936,0.955832169099402,0.0003410692403775,0.0231243560377315,0.0006136765410069,0.0009579901308744,-0.0035385307636086,0.305,0.0006701576177203,0.0009297126943927,46.39615954828675,0.0,0.424,0.0014393553383434,0.0008551291975564,0.6511528238439882
zel031_thp1,P17,clip_ridge,chemistry_cross_attention_seed0,"1,2,3,4",6023,0.1028962037700446,0.0004479299009172,0.1036256187417475,0.1031776888408303,0.0007294149717029,-0.0002814850707856,0.8963743812582524,0.0008325792003381,0.0273917306877932,0.0005652803447068,0.0007575848753734,0.2166551000838654,0.265,0.000662117068755,0.0009504598761646,107.85891581846364,0.0,0.424,0.001720318329488,0.0010564384455595,0.6511528238439882
zel031_thp1,P18,clip_ridge,chemistry_cross_attention_seed0,"1,2,3,4",6023,0.0631419244396835,0.0004737098468043,0.063305302233112,0.0628315923863077,0.0001633777934285,0.0003103320533758,0.936694697766888,0.0001391723420857,0.0251069250359533,0.0006147006643465,0.000916359055893,-0.4925174995714087,0.6,0.0007124724216984,0.0009656374531536,64.3296505968556,0.0,0.424,0.0003853249845011,0.0011172402047272,0.6511528238439882
zel031_thp1,P19,clip_ridge,chemistry_cross_attention_seed0,"1,2,3,4",6023,0.1545014516706631,0.0008924698774375,0.1547067426700445,0.153814272792607,0.0002052909993814,0.0006871788780561,0.8452932573299554,0.0001789700768217,0.0356187916694891,0.0005580203762719,0.0008150135387959,-0.4327895919515429,0.50375,0.0005745600318838,0.000816653668771,187.6434510988333,0.0,0.424,0.0004841768853335,0.0021048817864092,0.6511528238439882
zel031_thp1,P20,clip_ridge,chemistry_cross_attention_seed0,"1,2,3,4",6023,0.0898782954666426,0.0002606393904805,0.0903358153257663,0.0900751759352857,0.0004575198591237,-0.0001968804686431,0.9096641846742336,0.0003950175360105,0.0354255288443735,0.0006361252976419,0.0008910682920997,-0.200439674603799,0.385,0.0006589215552028,0.0008701519649629,102.7593546650142,0.0,0.424,0.0010790562715181,0.0006147155435862,0.6511528238439882
zel031_thp1,P21,clip_ridge,chemistry_cross_attention_seed0,"1,2,3,4",6023,0.2209701493985388,0.0005033039713127,0.2222399113932757,0.221736607421963,0.0012697619947369,-0.0007664580234241,0.7777600886067242,0.0017246778399244,0.0462343711201822,0.0005281883744659,0.0007581664980147,0.97811446722165,0.12,0.0006774826507101,0.0009266146119212,238.56641361710305,0.0,0.424,0.0029947216857002,0.0011870376681904,0.6511528238439882
zel031_thp1,P22,clip_ridge,chemistry_cross_attention_seed0,"1,2,3,4",6023,0.1444267685817067,0.0002595609770961,0.144479227106976,0.1442196661298798,5.245852526922917e-05,0.0002071024518268,0.855520772893024,4.413119468635351e-05,0.0087455869979617,0.0005479223344117,0.0007674305914246,-0.6456138374973308,0.75375,0.0006768886339452,0.0010058588114596,142.7066859290402,0.0,0.424,0.0001237229369557,0.0006121721157927,0.6511528238439882
zel031_thp1,P23,clip_ridge,chemistry_cross_attention_seed0,"1,2,3,4",6023,0.1567082995210414,0.0019779689397797,0.1573740668328697,0.15539609789309,0.0006657673118283,0.0013122016279514,0.8426259331671302,0.0004903103470202,0.0217144810365073,0.0005096064086179,0.0007076498579561,0.2206753826834073,0.2625,0.0006719767266438,0.0009976653469852,155.0861936159138,0.0,0.424,0.0015702059241233,0.0046650210843861,0.6511528238439882
zel031_thp1,P24,clip_ridge,chemistry_cross_attention_seed0,"1,2,3,4",6023,0.0299659414427978,0.0002619013376364,0.030263427080838,0.0300015257432015,0.0002974856380402,-3.5584300403737005e-05,0.9697365729191618,8.953287633408534e-05,0.01266161914914,0.0006234986471955,0.0009549184753193,-0.3414040230463875,0.4775,0.0007040161467313,0.0009406329428879,31.146591045939736,0.0,0.424,0.0007016170708495,0.0006176918340482,0.6511528238439882
zel031_thp1,P25,clip_ridge,chemistry_cross_attention_seed0,"1,2,3,4",6023,0.3330489638766706,0.0047900721237339,0.3332578748277504,0.3284678027040164,0.0002089109510797,0.0045811611726541,0.6667421251722496,0.0002820937686415,0.0254315828364434,0.0004766350371687,0.000666545552907,-0.4016590987989171,0.51875,0.0006609756276374,0.0008949285937041,366.29383548866286,0.0,0.424,0.0004927145072634,0.0112973399144668,0.6511528238439882
zel031_thp1,P26,clip_ridge,chemistry_cross_attention_seed0,"1,2,3,4",6023,0.2509579265568417,0.0049437131403752,0.2512690898925074,0.2463253767521321,0.0003111633356657,0.0046325498047095,0.7487309101074926,0.0002394588795463,0.0086523868339318,0.0005122893842617,0.0007267271392108,-0.2767559345787703,0.4225,0.0006354472580577,0.0008827408230208,278.32623470758864,0.0,0.424,0.0007338757916644,0.0116597008027718,0.6511528238439882
zel031_thp1,P27,clip_ridge,chemistry_cross_attention_seed0,"1,2,3,4",6023,0.0371919177657833,0.0002063375059721,0.0372236009436837,0.0370172634377115,3.1683177900425526e-05,0.0001746543280717,0.9627763990563162,2.8805076026944583e-05,0.0212145606543574,0.000628785895411,0.000880114053425,-0.6784378856205437,0.82625,0.0006374308508663,0.0008968168293982,40.56551058620818,0.0,0.424,7.472447618024889e-05,0.0004866450612551,0.6511528238439882
zel031_thp1,P28,clip_ridge,chemistry_cross_attention_seed0,"1,2,3,4",6023,0.0957471218078867,0.0004742268630137,0.0959950680056377,0.0955208411426239,0.0002479461977509,0.0002262806652628,0.9040049319943624,0.0002985616804504,0.0329670965847875,0.0006261266772106,0.0008643404102515,-0.4375365017929241,0.52375,0.0006440964193505,0.0008653443175734,109.64045501485626,0.0,0.424,0.0005847787682805,0.0011184595825796,0.6511528238439882
zel031_thp1,P29,clip_ridge,chemistry_cross_attention_seed0,"1,2,3,4",6023,0.1020503777418684,0.0010485940128776,0.1023402747247356,0.101291680711858,0.0002898969828672,0.0007586970300104,0.8976597252752643,0.0002428284073718,0.019110528786535,0.0005939314484894,0.0008306071120004,-0.366038842227063,0.48125,0.0006824360820174,0.0010079179776624,99.81888096010748,0.0,0.424,0.0006837192992151,0.0024730990869755,0.6511528238439882
zel031_thp1,P30,clip_ridge,chemistry_cross_attention_seed0,"1,2,3,4",6023,0.1501556699409698,0.0001256408453501,0.1503101021603279,0.1501844613149777,0.000154432219358,-2.8791374007866577e-05,0.8496898978396721,0.0001534722535091,0.0215669816537192,0.0005982081074308,0.0008329677610612,-0.5327647825257383,0.61375,0.0007106849032233,0.0009978633369447,149.79383536567846,0.0,0.424,0.0003642269324482,0.0002963227484674,0.6511528238439882
zel031_thp1,P31,clip_ridge,chemistry_cross_attention_seed0,"1,2,3,4",6023,0.1420410169865229,0.0019338261131447,0.1424500649768764,0.1405162388637317,0.0004090479903535,0.0015247781227911,0.8575499350231235,0.000461710649714,0.0221778230967772,0.0005275254848522,0.0007978748390358,-0.1484913280908371,0.355,0.0006688589418763,0.0008954915384081,156.16828738600267,0.0,0.424,0.0009647358263055,0.0045609106442092,0.6511528238439882
zel031_thp1,P32,clip_ridge,chemistry_cross_attention_seed0,"1,2,3,4",6023,0.1132443203420195,0.0004750534219691,0.1134465282833989,0.1129714748614298,0.0002022079413794,0.0002728454805897,0.886553471716601,0.0001175242029855,0.0285421968153451,0.0005774579336739,0.0008335549018785,-0.4501802958015933,0.55375,0.0006702437644816,0.0009199006403994,122.07974009908348,0.0,0.424,0.0004769055221212,0.0011204090140781,0.6511528238439882
zel031_a549,P01,clip_ridge,chemistry_cross_attention_seed0,"1,2,3,4",5521,0.0183732090221398,0.0011826014621619,0.0196273453749893,0.0184447439128274,0.0012541363528495,-7.153489068757857e-05,0.9803726546250108,0.0019535156958469,0.0108112564306143,0.0007493254779635,0.0010174860288657,0.4961354363250392,0.18,0.0007398807538029,0.0009973085966187,17.752642681563174,0.0,0.424,0.0029578687567205,0.0027891543918913,0.6511528238439882
zel031_a549,P02,clip_ridge,chemistry_cross_attention_seed0,"1,2,3,4",5521,0.0379486622392843,0.0002485737320042,0.037994803303637,0.0377462295716327,4.614106435274337e-05,0.0002024326676515,0.962005196696363,1.079197625869613e-05,0.035580454494148,0.0006869045995771,0.0010767682415893,-0.59508026934244,0.77875,0.0006759454505029,0.0009793265306091,37.85283351618543,0.0,0.424,0.0001088232649828,0.0005862588018968,0.6511528238439882
zel031_a549,P03,clip_ridge,chemistry_cross_attention_seed0,"1,2,3,4",5521,0.0030467423731601,0.0009535212762075,0.0039359543348646,0.002982433058657,0.0008892119617044,6.430931450304971e-05,0.9960640456651352,0.0008685679499657,0.0014443983190907,0.0006860962956523,0.0009477817722537,0.2143063646066192,0.24625,0.0006780101988859,0.0009416922171423,2.447108320342978,0.04375,0.424,0.0020971980228878,0.0022488709344516,0.6511528238439882
zel031_a549,P04,clip_ridge,chemistry_cross_attention_seed0,"1,2,3,4",5521,0.0235449671085422,0.002767644424841,0.0261099799766435,0.0233423355518025,0.0025650128681013,0.0002026315567397,0.9738900200233565,0.0024242142878752,0.0158861373073906,0.0007133751182605,0.0010024562757117,1.8471007611041843,0.055,0.0007037319896575,0.0009188749391822,24.637306554786484,0.0,0.424,0.0060495586511824,0.0065274632661346,0.6511528238439882
zel031_a549,P05,clip_ridge,chemistry_cross_attention_seed0,"1,2,3,4",5521,0.0115806467551315,0.0008476636393726,0.0124224861737341,0.0115748225343615,0.0008418394186025,5.824220770026098e-06,0.9875775138262658,0.0010565019373181,0.0131271994391753,0.0006677398915749,0.0010126967549016,0.1719167422872988,0.245,0.0007393471295145,0.0011198553351221,9.675781384445925,0.00125,0.424,0.0019854703268928,0.0019992066966335,0.6511528238439882
zel031_a549,P06,clip_ridge,chemistry_cross_attention_seed0,"1,2,3,4",5521,0.0232627972651871,0.0011818880832997,0.0245496564674297,0.02336776838413,0.0012868592022425,-0.0001049711189428,0.9754503435325704,0.0011746437470409,0.0141592542673593,0.0007200573649344,0.0010391378099678,0.5454539637295468,0.17875,0.0007386874991239,0.0011149833168108,20.29544347778424,0.0,0.424,0.003035045288308,0.0027874718945749,0.6511528238439882
zel031_a549,P07,clip_ridge,chemistry_cross_attention_seed0,"1,2,3,4",5521,0.0208877393953097,0.0021140087963257,0.0227638044818971,0.0206497956855713,0.0018760650865873,0.0002379437097384,0.9772361955181028,0.0009815759007791,0.0206511955850714,0.0007583244312138,0.0010634365138881,1.0510647704645748,0.115,0.00072612360117,0.0009585457327351,20.785311961641444,0.0,0.424,0.0044246818079889,0.004985869802655,0.6511528238439882
zel031_a549,P08,clip_ridge,chemistry_cross_attention_seed0,"1,2,3,4",5521,0.0135876395388809,0.0008279128882823,0.014308633689834,0.0134807208015517,0.000720994150953,0.0001069187373292,0.985691366310166,0.0005867048059439,0.0098288826539785,0.0007362740444165,0.0010467681370348,-0.0145972091841104,0.31875,0.0007157373961211,0.0010143749164313,12.58408818934465,0.0,0.424,0.001700457903191,0.0019526247365148,0.6511528238439882
zel031_a549,P09,clip_ridge,chemistry_cross_attention_seed0,"1,2,3,4",5521,0.0258080381229095,0.0009376047144782,0.02662312800548,0.0256855232910017,0.0008150898825704,0.0001225148319077,0.97337687199452,0.0007553808873041,0.0129952619998471,0.0006915894946503,0.0009962979556423,0.1239592907128584,0.28625,0.0007721363460001,0.0010934806008722,22.78356554759933,0.0,0.424,0.0019223817985151,0.0022113318737694,0.6511528238439882
zel031_a549,P10,clip_ridge,chemistry_cross_attention_seed0,"1,2,3,4",5521,0.0261827406907811,0.0003858211676485,0.0266654520425299,0.0262796308748813,0.0004827113517487,-9.689018410022648e-05,0.97333454795747,0.0008016905940295,0.0125608400521979,0.0007479066373277,0.0010332368828987,-0.2566645557938588,0.43,0.0007886095987064,0.001108952015803,22.986586356232003,0.0,0.424,0.0011384701692187,0.0009099555840767,0.6511528238439882
zel031_a549,P11,clip_ridge,chemistry_cross_attention_seed0,"1,2,3,4",5521,0.0151178042225531,0.0011744755024917,0.0164985630107144,0.0153240875082227,0.0013807587881613,-0.0002062832856695,0.9835014369892854,0.0013700030573801,0.0041040335584382,0.0007302918846457,0.0009620636837553,0.6761162639218439,0.16875,0.0007012859930298,0.0009996763028188,14.627536407495116,0.0,0.424,0.0032565065758522,0.0027699893926692,0.6511528238439882
zel031_a549,P12,clip_ridge,chemistry_cross_attention_seed0,"1,2,3,4",5521,0.0195601907231737,0.0006922304886098,0.0201403869072537,0.0194481564186438,0.00058019618408,0.0001120343045298,0.9798596130927462,0.0002951172777527,0.0093164301131003,0.0006897248097789,0.0009238198946944,-0.1185605834296487,0.36625,0.00075010355453,0.0010124816104204,18.46754812302159,0.0,0.424,0.0013683872266038,0.00163261907691,0.6511528238439882
zel031_a549,P13,clip_ridge,chemistry_cross_attention_seed0,"1,2,3,4",5521,0.0536243818688501,0.0009731775064512,0.0544413572717213,0.0534681797652701,0.0008169754028711,0.00015620210358,0.9455586427282788,0.0011354650903427,0.0375327238912897,0.000693033498982,0.0009785131885825,0.1266634985968839,0.275,0.0007172422235019,0.0009980500231074,52.85400162361245,0.0,0.424,0.0019268287803564,0.0022952299680453,0.6511528238439882
zel031_a549,P14,clip_ridge,chemistry_cross_attention_seed0,"1,2,3,4",5521,0.0204334593927957,0.0010874789781985,0.0214418333689546,0.020354354390756,0.0010083739761589,7.910500203965154e-05,0.9785581666310452,0.0011202101411939,0.0191623230279711,0.0006848201304107,0.0009431759726044,0.343047167385717,0.24,0.0007250227035151,0.0010607508666898,18.50512905871696,0.0,0.424,0.0023782405098088,0.0025648089108457,0.6511528238439882
zel031_a549,P15,clip_ridge,chemistry_cross_attention_seed0,"1,2,3,4",5521,0.0065329800342792,0.0004170824110928,0.0069030233144152,0.0064859409033223,0.000370043280136,4.703913095687091e-05,0.9930969766855848,0.000279847954047,0.0043887139879972,0.0007661085629624,0.0010761867395582,-0.368026540625273,0.495,0.0007291940254325,0.0011012841692348,5.227303759291519,0.00625,0.424,0.0008727435852264,0.0009836849318228,0.6511528238439882
zel031_a549,P16,clip_ridge,chemistry_cross_attention_seed0,"1,2,3,4",5521,0.0105373635024328,0.001139958688078,0.0115671895103392,0.0104272308222612,0.0010298260079063,0.0001101326801716,0.9884328104896608,0.0006826762576883,0.0054088278077232,0.0007081560254658,0.0009789632655803,0.3285822806127235,0.24875,0.0007452279343568,0.0009894179318332,9.785554290454934,0.0,0.424,0.0024288349243074,0.0026885818115047,0.6511528238439882
zel031_a549,P17,clip_ridge,chemistry_cross_attention_seed0,"1,2,3,4",5521,0.0217080272787998,0.0003003410305198,0.0219701539065112,0.0216698128759914,0.0002621266277113,3.821440280843717e-05,0.9780298460934888,0.0002734619148276,0.0126801996802752,0.0007729912144271,0.0010776358921302,-0.4740604785406252,0.55125,0.0007217633896574,0.0011167049104398,18.758804846736638,0.0,0.424,0.0006182231785645,0.000708351487075,0.6511528238439882
zel031_a549,P18,clip_ridge,chemistry_cross_attention_seed0,"1,2,3,4",5521,0.0128563527354137,0.0003763432522789,0.0132585625230888,0.0128822192708099,0.0004022097876751,-2.5866535396186897e-05,0.9867414374769112,0.0004444781675442,0.0096242249614664,0.0007351587636637,0.0010972281447899,-0.3034455300564451,0.475,0.0006554904786215,0.0009372722231764,13.045013486851454,0.0,0.424,0.0009486079897998,0.0008876020100918,0.6511528238439882
zel031_a549,P19,clip_ridge,chemistry_cross_attention_seed0,"1,2,3,4",5521,0.0795399459335653,0.0006468264041794,0.0801371393595684,0.079490312955389,0.000597193426003,4.963297817633938e-05,0.9198628606404315,0.0004493702876025,0.0312283983455909,0.0007314722311073,0.0010220638217823,-0.1313800588989156,0.3875,0.0006706479233696,0.000911325589301,86.4890286823484,0.0,0.424,0.001408475061328,0.0015255339721213,0.6511528238439882
zel031_a549,P20,clip_ridge,chemistry_cross_attention_seed0,"1,2,3,4",5521,0.0200381035491491,0.000735392641495,0.0207917967192564,0.0200564040777614,0.0007536931701072,-1.8300528612229684e-05,0.9792082032807436,0.0008575122872645,0.0109669165331739,0.0006523779146564,0.0009275951244225,0.1092235747938825,0.26875,0.0007498743210139,0.0010068690193925,19.174817563057346,0.0,0.424,0.001777578231385,0.0017344166072995,0.6511528238439882
zel031_a549,P21,clip_ridge,chemistry_cross_attention_seed0,"1,2,3,4",5521,0.0451085762964652,0.0001500101157678,0.0453698157781228,0.045219805662355,0.0002612394816576,-0.0001112293658897,0.9546301842218772,0.0001537496025185,0.0110028921092108,0.0006411095928223,0.0008433823481708,-0.4504126888458673,0.5325,0.0007678440878155,0.0011026938078225,40.31215307385928,0.0,0.424,0.000616130852966,0.0003537974428487,0.6511528238439882
zel031_a549,P22,clip_ridge,chemistry_cross_attention_seed0,"1,2,3,4",5521,0.0050790323233375,0.0006416433782075,0.0057701120586136,0.005128468680406,0.000691079735276,-4.943635706855087e-05,0.9942298879413864,0.0006020140005264,0.0029256771444899,0.0007404509595969,0.0010746895643753,-0.0459399867249129,0.325,0.0007095458998275,0.0010590331962787,4.1726008175246925,0.01375,0.424,0.0016299050360285,0.001513309854263,0.6511528238439882
zel031_a549,P23,clip_ridge,chemistry_cross_attention_seed0,"1,2,3,4",5521,0.0276411707617147,0.0019391695789296,0.0294094650460273,0.0274702954670977,0.0017682942843126,0.000170875294617,0.9705905349539728,0.001048293861233,0.0038985822982996,0.0007041833946845,0.0010022586320137,1.0617128709483217,0.1075,0.0007173942718597,0.0011073253315097,24.159928824857392,0.0,0.424,0.0041705053875297,0.0045735131578528,0.6511528238439882
zel031_a549,P24,clip_ridge,chemistry_cross_attention_seed0,"1,2,3,4",5521,0.062583357967249,0.0015340063084123,0.0639091324542368,0.0623751261458244,0.0013257744869877,0.0002082318214246,0.9360908675457632,0.0010643002222927,0.0118360747329753,0.0006444308407619,0.0009422309574802,0.7231174488767516,0.1475,0.0007121270666891,0.0010240713463738,60.21357720580764,0.0,0.424,0.0031268266202541,0.0036179394066329,0.6511528238439882
zel031_a549,P25,clip_ridge,chemistry_cross_attention_seed0,"1,2,3,4",5521,0.0791891570957794,0.0009528713291632,0.0797618597645221,0.0788089884353589,0.0005727026687426,0.0003801686604205,0.920238140235478,0.0006006185875064,0.0088512678165818,0.0007085539533764,0.0009954540617989,-0.1364716764410738,0.3625,0.0007177742869963,0.0009507291461588,82.13823512602418,0.0,0.424,0.0013507138413741,0.0022473380404793,0.6511528238439882
zel031_a549,P26,clip_ridge,chemistry_cross_attention_seed0,"1,2,3,4",5521,0.0136003834876219,0.0016432730672732,0.0151597580640114,0.0135164849967381,0.0015593745763894,8.389849088378089e-05,0.9848402419359886,0.0013172067875082,0.0088593732725895,0.0007683555264291,0.0010288142110584,0.7688648168520632,0.15625,0.000719533627797,0.0009554391522055,13.39379000682545,0.0,0.424,0.0036777702273336,0.0038756440265878,0.6511528238439882
zel031_a549,P27,clip_ridge,chemistry_cross_attention_seed0,"1,2,3,4",5521,0.0074003738784683,0.0003022692052573,0.0076638200902119,0.0073615508849545,0.0002634462117436,3.882299351377661e-05,0.992336179909788,0.0003053691283515,0.0046170667490775,0.0007545473985769,0.0010971157647772,-0.4476293228117578,0.5575,0.0007565727840181,0.0010641289217167,6.206934109337758,0.0025,0.424,0.0006213354050556,0.0007128990690032,0.6511528238439882
zel031_a549,P28,clip_ridge,chemistry_cross_attention_seed0,"1,2,3,4",5521,0.0258720494633323,0.001944479488275,0.0278716394163314,0.0259271599280564,0.001999589952999,-5.5110464724075336e-05,0.9721283605836686,0.0009569050307134,0.014670508956374,0.00074027085755,0.001066125760041,1.181210643855526,0.0975,0.0007122148386496,0.0009845714847618,25.6100704516186,0.0,0.424,0.0047160140400921,0.0045860365289505,0.6511528238439882
zel031_a549,P29,clip_ridge,chemistry_cross_attention_seed0,"1,2,3,4",5521,0.0233930761639474,0.0011341210339562,0.0244681703558709,0.0233340493219147,0.0010750941919235,5.902684203269769e-05,0.9755318296441292,0.0014964408781895,0.0096398926206756,0.0006934554758684,0.001004610405431,0.3798872816684924,0.21,0.0006984014492975,0.0009713774383694,23.30262880164501,0.0,0.424,0.0025355995092535,0.0026748137593306,0.6511528238439882
zel031_a549,P30,clip_ridge,chemistry_cross_attention_seed0,"1,2,3,4",5521,0.1195776143933316,0.0004005379814635,0.1199610666543147,0.1195605286728512,0.000383452260983,1.7085720480428807e-05,0.8800389333456853,0.0004865844782296,0.0199257339669653,0.0006489648590785,0.0009323518059273,-0.2847772658426891,0.435,0.0006504063613637,0.0009148177387512,129.9823093437194,0.0,0.424,0.0009043685400544,0.0009446650506214,0.6511528238439882
zel031_a549,P31,clip_ridge,chemistry_cross_attention_seed0,"1,2,3,4",5521,0.1846315260302998,0.0002437903554276,0.1853294793625036,0.185085689007076,0.0006979533322038,-0.0004541629767762,0.8146705206374965,0.0003550553603204,0.0302164607142829,0.000606498247127,0.0008678257508235,0.1053841568886215,0.29375,0.0006826168129202,0.000992579039084,185.7817513095221,0.0,0.424,0.0016461163495372,0.000574977253367,0.6511528238439882
zel031_a549,P32,clip_ridge,chemistry_cross_attention_seed0,"1,2,3,4",5521,0.0811367142087947,0.0012806637868349,0.0824532164559128,0.0811725526690778,0.001316502247118,-3.583846028311008e-05,0.9175467835440873,0.0013273590547531,0.0071837786801284,0.0006758140057772,0.0009457004144383,0.6774748446328669,0.1725,0.0007293276047124,0.0010455523653444,76.93849464714617,0.0,0.424,0.0031049581299954,0.0030204334595164,0.6511528238439882
zel039_aec7,P01,scantype896_ridge,chemistry_cross_attention_seed0,"1,2,3,4",11939,0.0308433279857324,0.0015720516416001,0.0312111099361908,0.0296390582945907,0.0003677819504584,0.0012042696911416,0.9687888900638092,0.0003071090303522,0.0132976298922178,0.0003232378057595,0.000451707474163,0.0986128130410112,0.28625,0.0003136416476466,0.0004352115818373,67.3819766540605,0.0,0.399,0.0009217592743319,0.0039399790516293,0.6316644678941503
zel039_aec7,P02,scantype896_ridge,chemistry_cross_attention_seed0,"1,2,3,4",11939,0.0579725620264737,0.002176311022072,0.0581836692320206,0.0560073582099485,0.0002111072055468,0.0019652038165251,0.9418163307679792,0.0001607966559152,0.0286110695701143,0.0003481258951249,0.0004881785706799,-0.2806732982713231,0.41375,0.0003244424976039,0.000423890986013,131.36140552568207,0.0,0.399,0.0005290907407189,0.005454413589153,0.6316644678941503
zel039_aec7,P03,scantype896_ridge,chemistry_cross_attention_seed0,"1,2,3,4",11939,0.0481360614260775,0.0073470654520401,0.0488137746174989,0.0414667091654588,0.0006777131914213,0.0066693522606187,0.9511862253825012,0.0002336859351533,0.01564032874068,0.0003251500672976,0.0004589927095804,0.7681235818450868,0.15,0.0003081523774077,0.0004282043775613,96.11895380998506,0.0,0.399,0.0016985293018078,0.0184136978747872,0.6316644678941503
zel039_aec7,P04,scantype896_ridge,chemistry_cross_attention_seed0,"1,2,3,4",11939,0.0699047883780933,0.005830572676305,0.0700652008071885,0.0642346281308834,0.0001604124290952,0.0056701602472098,0.9299347991928116,0.0001094283757579,0.0333012642070932,0.0003210513679395,0.00047461305875,-0.33846295604964,0.46125,0.0003400973428464,0.0005124453189058,124.68555849911662,0.0,0.399,0.0004020361631458,0.0146129641010152,0.6316644678941503
zel039_aec7,P05,scantype896_ridge,chemistry_cross_attention_seed0,"1,2,3,4",11939,0.0952538155383318,0.0047419185924541,0.0953565785579652,0.090614659965511,0.0001027630196334,0.0046391555728207,0.9046434214420348,5.585033136442089e-05,0.0671449485076153,0.0002948361492705,0.0004336053236947,-0.4429676462467533,0.5325,0.0003189886442248,0.000431532838106,209.24403277763304,0.0,0.399,0.0002575514276527,0.0118845077505117,0.6316644678941503
zel039_aec7,P06,scantype896_ridge,chemistry_cross_attention_seed0,"1,2,3,4",11939,0.0824056918263135,0.0072611164889691,0.0826522622860855,0.0753911457971163,0.0002465704597719,0.0070145460291971,0.9173477377139144,0.000168065798182,0.0408608625240922,0.0002953123597604,0.0004265139877925,-0.1142797220808333,0.36375,0.0003021738970998,0.0004336914172749,173.1391697161567,0.0,0.399,0.0006179710771227,0.0181982869397723,0.6316644678941503
zel039_aec7,P07,scantype896_ridge,chemistry_cross_attention_seed0,"1,2,3,4",11939,0.0934638911734015,0.0123371004731291,0.0937142012094939,0.0813771007363647,0.0002503100360923,0.0120867904370368,0.906285798790506,0.0001310447026531,0.0070263342753712,0.0002921426768448,0.0004177727380124,-0.1001325288756053,0.35125,0.0003165286377075,0.0004515417389369,179.5195551346019,0.0,0.399,0.0006273434488531,0.0309200513111007,0.6316644678941503
zel039_aec7,P08,scantype896_ridge,chemistry_cross_attention_seed0,"1,2,3,4",11939,0.0468731279911925,0.0065156459234482,0.0470509964499105,0.0405353505264623,0.000177868458718,0.0063377774647301,0.9529490035500894,0.0001257560127344,0.0188443054645448,0.0003412599492734,0.0004842066613109,-0.3374416413708035,0.4575,0.000329616289591,0.0004694694615008,85.64078717353573,0.0,0.399,0.0004457856108221,0.016329939657765,0.6316644678941503
zel039_aec7,P09,scantype896_ridge,chemistry_cross_attention_seed0,"1,2,3,4",11939,0.1064701679957211,0.0165649612089256,0.1071137797878758,0.0905488185789502,0.0006436117921547,0.0159213494167708,0.892886220212124,0.0006564660169364,0.0331513408600778,0.0003151351559616,0.0004777773642613,0.6875098335832641,0.15875,0.000358967406448,0.000484755138588,186.05238808856416,0.0,0.399,0.0016130621357261,0.0415161935060792,0.6316644678941503
zel039_aec7,P10,scantype896_ridge,chemistry_cross_attention_seed0,"1,2,3,4",11939,0.1078696125299463,0.0053753621069887,0.1080000900718922,0.1026247279649034,0.0001304775419458,0.0052448845650429,0.8919999099281077,0.0001843693156718,0.0552324765837748,0.0002937369104777,0.0004082850223128,-0.3998661709582471,0.515,0.0003118505947354,0.0004317430869007,236.9762955664847,0.0,0.399,0.0003270113833229,0.0134720854811749,0.6316644678941503
zel039_aec7,P11,scantype896_ridge,chemistry_cross_attention_seed0,"1,2,3,4",11939,0.0565235665892152,0.004795596203692,0.0569455878055257,0.0521499916018336,0.0004220212163104,0.0043735749873815,0.9430544121944744,0.0003059809327439,0.0099878590095778,0.0003037124568288,0.0004157776557803,0.2845481421063525,0.235,0.0003457744811385,0.00047591886059,108.85094374379584,0.0,0.399,0.001057697283986,0.0120190381044912,0.6316644678941503
zel039_aec7,P12,scantype896_ridge,chemistry_cross_attention_seed0,"1,2,3,4",11939,0.0830639838502572,0.00878768650606,0.0839183246458721,0.075130638139812,0.0008543407956148,0.0079333457104451,0.916081675354128,0.0013573232388644,0.0337055688523784,0.0002908452726648,0.000404102627915,1.3944366703512745,0.09125,0.0003349024758285,0.000437353011503,171.01913945199672,0.0,0.399,0.002141205001541,0.022024276957544,0.6316644678941503
zel039_aec7,P13,scantype896_ridge,chemistry_cross_attention_seed0,"1,2,3,4",11939,0.0846716450123298,0.0073581195517525,0.0850008418021839,0.0776427222504314,0.000329196789854,0.0070289227618984,0.914999158197816,0.0002694944575478,0.0351679085360118,0.0002836461991227,0.000396290641073,0.1149423832165614,0.28,0.0003345189238483,0.0004837210164268,159.8198149372245,0.0,0.399,0.000825054611163,0.0184414023853446,0.6316644678941503
zel039_aec7,P14,scantype896_ridge,chemistry_cross_attention_seed0,"1,2,3,4",11939,0.0737158053451944,0.0102686077877725,0.0738893179435275,0.0636207101557549,0.0001735125983331,0.0100950951894394,0.9261106820564724,0.000238118976789,0.0145732828804763,0.0002961733542068,0.0004072676202598,-0.3011797397384338,0.45,0.0003162065323307,0.0004431157107806,142.86224135879218,0.0,0.399,0.0004348686675015,0.0257358591172243,0.6316644678941503
zel039_aec7,P15,scantype896_ridge,chemistry_cross_attention_seed0,"1,2,3,4",11939,0.2205968013727846,0.0593696814129474,0.2211803957353864,0.161810714322439,0.0005835943626018,0.0587860870503456,0.7788196042646136,0.000622647766164,0.035494816035068,0.0002547926827496,0.000339291275492,0.9690838038064732,0.14375,0.0002810416427389,0.0004131495695177,390.97141712684737,0.0,0.399,0.0014626425127865,0.1487961940174121,0.6316644678941503
zel039_aec7,P16,scantype896_ridge,chemistry_cross_attention_seed0,"1,2,3,4",11939,0.1607261916216413,0.0427909331614713,0.1611976669529083,0.1184067337914369,0.0004714753312669,0.0423194578302044,0.8388023330470916,0.0006214236309791,0.0193134792992206,0.0002556057380098,0.0003605830602914,0.5986681489769269,0.1625,0.0003167358587751,0.0004448770380328,265.4441291346884,0.0,0.399,0.0011816424342529,0.1072454465199784,0.6316644678941503
zel039_aec7,P17,scantype896_ridge,chemistry_cross_attention_seed0,"1,2,3,4",11939,0.0791818801361201,0.0035944319821147,0.0793824498669723,0.0757880178848576,0.0002005697308522,0.0033938622512624,0.9206175501330276,0.0001603174912681,0.0208954694464544,0.0003143002074408,0.0005031786090876,-0.2260240688586695,0.41,0.0003331603195751,0.0004840434564254,155.88446980050432,0.0,0.399,0.0005026810297048,0.009008601458934,0.6316644678941503
zel039_aec7,P18,scantype896_ridge,chemistry_cross_attention_seed0,"1,2,3,4",11939,0.1608784389902776,0.0455500918464824,0.1610983708746863,0.1155482790282038,0.0002199318844086,0.0453301599620738,0.8389016291253137,0.000328147340427,0.0204908959871891,0.0002835159924982,0.0003894869391378,-0.1632509378373425,0.385,0.000327989733317,0.0004546356550203,253.4343446726195,0.0,0.399,0.0005512077303474,0.1141606311941917,0.6316644678941503
zel039_aec7,P19,scantype896_ridge,chemistry_cross_attention_seed0,"1,2,3,4",11939,0.2093298161677557,0.0208937093278892,0.2097668794925648,0.1888731701646756,0.000437063324809,0.0204566460030801,0.7902331205074351,0.0004135610810336,0.0583245351795381,0.0002907675910141,0.0003990992041104,0.3665648347283339,0.21375,0.0003443714938243,0.0004754132781737,396.55770531917744,0.0,0.399,0.0010953968040328,0.0523651862854366,0.6316644678941503
zel039_aec7,P20,scantype896_ridge,chemistry_cross_attention_seed0,"1,2,3,4",11939,0.2054763667378875,0.0552507943351069,0.2062245559797545,0.1509737616446476,0.000748189241867,0.0545026050932398,0.7937754440202455,0.0007397274512864,0.0334509205765475,0.0002801581718703,0.0003958577206456,1.1823214392112678,0.1025,0.0003185859066615,0.0004485940095338,335.83858129212484,0.0,0.399,0.0018751610071856,0.1384731687596665,0.6316644678941503
zel039_aec7,P21,scantype896_ridge,chemistry_cross_attention_seed0,"1,2,3,4",11939,0.2161461679917138,0.067145210131232,0.2173130294351216,0.1501678193038895,0.0011668614434077,0.0659783486878243,0.7826869705648785,0.0013631267829471,0.0092990694339346,0.0002627047457415,0.0003634094904883,2.48798317416343,0.03125,0.0003008237395615,0.0004315521142063,347.2743861768419,0.0,0.399,0.0029244647704454,0.168283734664742,0.6316644678941503
zel039_aec7,P22,scantype896_ridge,chemistry_cross_attention_seed0,"1,2,3,4",11939,0.0847570478372528,0.011311761864983,0.0849544864452926,0.0736427245803095,0.0001974386080397,0.0111143232569433,0.9150455135547074,0.0001752629624425,0.012495067507621,0.0003035955580449,0.000447079993566,-0.2374450915561252,0.40875,0.0003363363002334,0.0004678906720442,156.6741819403943,0.0,0.399,0.0004948336041096,0.0283502803633661,0.6316644678941503
zel039_aec7,P23,scantype896_ridge,chemistry_cross_attention_seed0,"1,2,3,4",11939,0.0666139843791473,0.0027799834043253,0.0667505878167719,0.0639706044124465,0.0001366034376245,0.0026433799667008,0.933249412183228,9.179532255032992e-05,0.003322552905918,0.0002990145262556,0.0004315460600665,-0.3763470546019951,0.5275,0.000329083825032,0.000472841363015,134.59381002882225,0.0,0.399,0.0003423645053247,0.0069673769531964,0.6316644678941503
zel039_aec7,P24,scantype896_ridge,chemistry_cross_attention_seed0,"1,2,3,4",11939,0.1724422073501484,0.0537536504195071,0.1733821048247081,0.119628454405201,0.0009398974745597,0.0528137529449474,0.8266178951752918,0.0008026977501494,0.0278372433023407,0.0002959626007451,0.0004126169398194,1.5606118209696385,0.07625,0.0003022570573671,0.0004304941772015,277.18423074503835,0.0,0.399,0.0023556327683201,0.1347209283696921,0.6316644678941503
zel039_aec7,P25,scantype896_ridge,chemistry_cross_attention_seed0,"1,2,3,4",11939,0.101611772748854,0.0031249575461182,0.1019097061862191,0.0987847486401008,0.000297933437365,0.0028270241087532,0.8980902938137809,0.0003871676760437,0.0176458599713784,0.0002928803039626,0.0003860598183744,0.0130889907777264,0.32125,0.0003314858202326,0.0004553339480202,216.22210082935467,0.0,0.399,0.0007467003442732,0.0078319737997951,0.6316644678941503
zel039_aec7,P26,scantype896_ridge,chemistry_cross_attention_seed0,"1,2,3,4",11939,0.0283800904229155,0.0025221967412603,0.0286992416628451,0.0261770449215847,0.0003191512399295,0.0022030455013307,0.9713007583371548,0.0004377339611476,0.0027960042215283,0.0003304462192875,0.0004571057706181,-0.0247097719696216,0.31875,0.0003232917967771,0.0004545313474895,56.880022175810346,0.0,0.399,0.0007998777943097,0.006321295090878,0.6316644678941503
zel039_aec7,P27,scantype896_ridge,chemistry_cross_attention_seed0,"1,2,3,4",11939,0.0537890409889426,0.0010254519223375,0.0542059423627021,0.0531804904403646,0.0004169013737594,0.000608550548578,0.9457940576372978,0.0003383605429633,0.0219005019089279,0.000310761404515,0.0004496123995018,0.236069933484939,0.255,0.0002933025664187,0.0004308912000881,122.73907627523651,0.0,0.399,0.0010448655983947,0.0025700549432017,0.6316644678941503
zel039_aec7,P28,scantype896_ridge,chemistry_cross_attention_seed0,"1,2,3,4",11939,0.251553244783481,0.0985370570198739,0.2517990421504182,0.1532619851305443,0.0002457973669372,0.0982912596529367,0.7482009578495816,0.000214589336034,0.0028715357936214,0.0002546615348445,0.0003452237506193,-0.0256765876955054,0.3325,0.0002966557472908,0.0003920145838499,390.2031599972522,0.0,0.399,0.0006160335010957,0.2469600426563256,0.6316644678941503
zel039_aec7,P29,scantype896_ridge,chemistry_cross_attention_seed0,"1,2,3,4",11939,0.0984866603302923,0.0017936328186182,0.0987080723815768,0.0969144395629586,0.0002214120512845,0.0015722207673337,0.901291927618423,0.0002035467132758,0.0075057188080248,0.0002899105930604,0.0003913595632415,-0.1750271315937304,0.39,0.0003036614890367,0.0004349096406535,222.1398861812717,0.0,0.399,0.0005549174217657,0.0044953203474141,0.6316644678941503
zel039_aec7,P30,scantype896_ridge,chemistry_cross_attention_seed0,"1,2,3,4",11939,0.1948682234765376,0.0093384900715043,0.1953272511632488,0.1859887610917444,0.0004590276867111,0.0088794623847932,0.8046727488367511,0.0003963831125942,0.028952849384288,0.0002971150393687,0.0004309884761804,0.3756774398641264,0.2225,0.0003262433372125,0.0004537882334534,409.1391183539412,0.0,0.399,0.0011504453301031,0.0234047370213142,0.6316644678941503
zel039_aec7,P31,scantype896_ridge,chemistry_cross_attention_seed0,"1,2,3,4",11939,0.0774783157203603,0.0042679523154426,0.077686643787546,0.0734186914721033,0.0002083280671857,0.0040596242482569,0.922313356212454,0.0001743557684051,0.0040718151350258,0.0003119964784996,0.0004371853498173,-0.2371269104906296,0.4175,0.0003079621679078,0.0004009053216843,182.36407787514008,0.0,0.399,0.0005221254816684,0.0106966223444678,0.6316644678941503
zel039_aec7,P32,scantype896_ridge,chemistry_cross_attention_seed0,"1,2,3,4",11939,0.1927970827599561,0.042849597219903,0.1930316339638728,0.1501820367439698,0.0002345512039167,0.0426150460159862,0.8069683660361271,0.0003283812482528,0.0101268020356263,0.0002891387528229,0.0004209861604358,-0.1296658988736581,0.36,0.000326164066154,0.0004640528626049,322.92845223838066,0.0,0.399,0.0005878476288639,0.1073924742353458,0.6316644678941503
