context,fold,seed,n_train,n_test,bottleneck_mcpearson_mean,bottleneck_mcpearson_median,bottleneck_null_q95,direct_mcpearson_mean,direct_mcpearson_median,direct_null_q95,oracle_mcpearson_mean,oracle_mcpearson_median,diff_mean,ci95_lo,ci95_hi,frac_boot_le_0,fraction_of_oracle_filled,bottleneck_prog_pearson_mean_sanity
zel024_hek293,0,0,7065,1983,0.0192401626266394,0.0200185013365245,-0.001239911926054,0.0136660453020364,0.0101802990711329,0.0018144934304842,0.238464070819837,0.2292297763794156,0.005574117324603,0.0024508928003817,0.0087201874601644,0.0,0.080683696124502,0.0794502318099844
zel024_hek293,0,1,7065,1983,0.0192401626266394,0.0200185013365245,-0.0017584441614891,0.0136660453020364,0.0101802990711329,0.0025551345962043,0.238464070819837,0.2292297763794156,0.005574117324603,0.0027113819927247,0.0087656160589641,0.0,0.080683696124502,0.0794502318099844
zel024_hek293,0,2,7065,1983,0.0192401626266394,0.0200185013365245,-0.0017771764045311,0.0136660453020364,0.0101802990711329,0.0022947834523453,0.238464070819837,0.2292297763794156,0.005574117324603,0.0024724779357109,0.0086369615534069,0.001,0.080683696124502,0.0794502318099844
zel024_hek293,1,0,7010,2030,0.0258892228010277,0.0265358420854161,0.0031564809027502,0.0155723763372052,0.0099498511289606,0.0017727692208648,0.2468143251103766,0.2361786027401883,0.0103168464638224,0.0073630846516758,0.0130677645717116,0.0,0.104893517786903,0.1114785036679149
zel024_hek293,1,1,7010,2030,0.0258892228010277,0.0265358420854161,0.0031895697040202,0.0155723763372052,0.0099498511289606,0.0014186350898735,0.2468143251103766,0.2361786027401883,0.0103168464638224,0.0076447068628348,0.0131241758163113,0.0,0.104893517786903,0.1114785036679149
zel024_hek293,1,2,7010,2030,0.0258892228010277,0.0265358420854161,0.0033855427637635,0.0155723763372052,0.0099498511289606,0.0013039485059761,0.2468143251103766,0.2361786027401883,0.0103168464638224,0.0075703701420639,0.0130872666553987,0.0,0.104893517786903,0.1114785036679149
zel024_hek293,2,0,7083,1955,0.021163241477209,0.0164198119271366,0.0035455685601988,0.0129482794080583,0.0074370848927,0.0018826841920972,0.246136549987604,0.2374459628230344,0.0082149620691507,0.005186945876006,0.0110421848437186,0.0,0.0859817100640878,0.0917164731271699
zel024_hek293,2,1,7083,1955,0.021163241477209,0.0164198119271366,0.0035992171064409,0.0129482794080583,0.0074370848927,0.0021955420710803,0.246136549987604,0.2374459628230344,0.0082149620691507,0.0053401162202195,0.0111369468864033,0.0,0.0859817100640878,0.0917164731271699
zel024_hek293,2,2,7083,1955,0.021163241477209,0.0164198119271366,0.0037837957619342,0.0129482794080583,0.0074370848927,0.0025505700803058,0.246136549987604,0.2374459628230344,0.0082149620691507,0.0054059146372622,0.0112000974732482,0.0,0.0859817100640878,0.0917164731271699
zel024_hek293,3,0,7047,2030,0.0221995024384592,0.0189299156949229,0.0048114527218338,0.0128120337825989,0.0080021368062399,0.0027229494902397,0.2435485123682136,0.2344583965126675,0.0093874686558603,0.0063229896150522,0.0122495233638094,0.0,0.0911502280288886,0.0766864583351349
zel024_hek293,3,1,7047,2030,0.0221995024384592,0.0189299156949229,0.0047495963773027,0.0128120337825989,0.0080021368062399,0.0024889475688482,0.2435485123682136,0.2344583965126675,0.0093874686558603,0.0066093406813604,0.0122644485317906,0.0,0.0911502280288886,0.0766864583351349
zel024_hek293,3,2,7047,2030,0.0221995024384592,0.0189299156949229,0.0039613163793283,0.0128120337825989,0.0080021368062399,0.0026090016846626,0.2435485123682136,0.2344583965126675,0.0093874686558603,0.0064927550074518,0.0120878162659287,0.0,0.0911502280288886,0.0766864583351349
zel024_hek293,4,0,7175,1832,0.025815334215935,0.0264609384537678,0.0041374664669146,0.0151928201388302,0.0078364101294289,0.0028819913723222,0.2458947799255706,0.2337191773918353,0.0106225140771047,0.0076067675082041,0.0138719771667425,0.0,0.1049852877061848,0.0908560460789134
zel024_hek293,4,1,7175,1832,0.025815334215935,0.0264609384537678,0.0042598946168138,0.0151928201388302,0.0078364101294289,0.0021729964866063,0.2458947799255706,0.2337191773918353,0.0106225140771047,0.0076943168768173,0.0135236034906217,0.0,0.1049852877061848,0.0908560460789134
zel024_hek293,4,2,7175,1832,0.025815334215935,0.0264609384537678,0.0044497150135455,0.0151928201388302,0.0078364101294289,0.0024089141046611,0.2458947799255706,0.2337191773918353,0.0106225140771047,0.0076116420892724,0.0136810756599986,0.0,0.1049852877061848,0.0908560460789134
zel039_aec7,0,0,10708,3052,0.034033888805976,0.033896558304773,0.0102009122652345,0.0336360900979788,0.0280965447411663,0.005823743069235,0.1883187348812597,0.1875815834220053,0.0003977987079971,-0.0020365564563618,0.0028221939846038,0.362,0.1807249227084887,0.1648846929568356
zel039_aec7,0,1,10708,3052,0.035318227014584,0.0344251418543942,0.0114435626441029,0.0336360900979788,0.0280965447411663,0.0060909300893265,0.1883187348812597,0.1875815834220053,0.0016821369166052,-0.0007475706425879,0.004095335086315,0.093,0.1875449462681087,0.1689593510890418
zel039_aec7,0,2,10708,3052,0.0372307969423752,0.0373953919585677,0.0102304039982054,0.0336360900979788,0.0280965447411663,0.0062103458210915,0.1883187348812597,0.1875815834220053,0.0035947068443964,0.0014236073352835,0.0057663040878377,0.0,0.1977009720559686,0.1643137106129718
zel039_aec7,1,0,10776,2980,0.0520089511858922,0.0499874020098646,0.0117889430684295,0.0327983740066559,0.0293656164780357,0.0063513540046256,0.2458855125817284,0.2357233526974967,0.0192105771792363,0.0171610721715654,0.021497289789619,0.0,0.2115169398953724,0.1272297890293358
zel039_aec7,1,1,10776,2980,0.053653476220332,0.0512651392075368,0.011843181032738,0.0327983740066559,0.0293656164780357,0.0061876851707136,0.2458855125817284,0.2357233526974967,0.0208551022136761,0.0187307852873277,0.0230028763791979,0.0,0.2182051136603606,0.1238033724558856
zel039_aec7,1,2,10776,2980,0.0527039125697635,0.0519590231309443,0.0101012122928408,0.0327983740066559,0.0293656164780357,0.0061900723707644,0.2458855125817284,0.2357233526974967,0.0199055385631075,0.0176870665161693,0.0222564112963253,0.0,0.2143433015487059,0.1243244304547814
zel039_aec7,2,0,10755,2972,0.0510205829721571,0.0499041361662823,0.0112834519019414,0.032195686076564,0.0289595988356904,0.0062913185614608,0.249023992150985,0.2375483902838372,0.0188248968955931,0.0165629926484695,0.0210064198845695,0.0,0.2048821984237689,0.1284410038025955
zel039_aec7,2,1,10755,2972,0.0523724724360522,0.0513001654064834,0.0121010632754455,0.032195686076564,0.0289595988356904,0.0063365979550738,0.249023992150985,0.2375483902838372,0.0201767863594881,0.0181104226210036,0.0222645818236453,0.0,0.2103109502971038,0.131064817029295
zel039_aec7,2,2,10755,2972,0.0550510526010695,0.0529294715915256,0.0115034137798951,0.032195686076564,0.0289595988356904,0.0058470202637601,0.249023992150985,0.2375483902838372,0.0228553665245054,0.0207965765175587,0.0251294771941995,0.0,0.2210672639433541,0.1329365512064632
zel039_aec7,3,0,10766,3008,0.052648212023422,0.0519945694963062,0.0104950044060236,0.0313856025925362,0.0276199754861143,0.0060097840253436,0.2492018437353084,0.2375353485472909,0.0212626094308858,0.0191053443632724,0.0234763801328805,0.0,0.2112673455150788,0.1300142620206161
zel039_aec7,3,1,10766,3008,0.0499291066538956,0.0506803130622711,0.0095451343863117,0.0313856025925362,0.0276199754861143,0.0059795669214625,0.2492018437353084,0.2375353485472909,0.0185435040613594,0.0160345225926186,0.0208651475380812,0.0,0.200356088484354,0.1288351697638834
zel039_aec7,3,2,10766,3008,0.0504155957721525,0.0494494810618705,0.0109006189683959,0.0313856025925362,0.0276199754861143,0.0058380882414609,0.2492018437353084,0.2375353485472909,0.0190299931796163,0.0169948996278739,0.0210407838996048,0.0,0.2023082775651603,0.1268064031758159
zel039_aec7,4,0,10739,2991,0.0497626755172151,0.0509883080069373,0.010011550619775,0.0301026291917467,0.0273490778584067,0.0059057356614516,0.2468428717387197,0.2359683242432004,0.0196600463254683,0.0174882374660519,0.0219059509639162,0.0,0.201596566944369,0.1232815561818536
zel039_aec7,4,1,10739,2991,0.0511144416178557,0.051744483152001,0.010664996508919,0.0301026291917467,0.0273490778584067,0.0062089933060894,0.2468428717387197,0.2359683242432004,0.021011812426109,0.0188141921155387,0.0234370037644924,0.0,0.2070727878743844,0.1210398959150514
zel039_aec7,4,2,10739,2991,0.0499297922098677,0.050737462628199,0.0105892008501819,0.0301026291917467,0.0273490778584067,0.0058855536601963,0.2468428717387197,0.2359683242432004,0.019827163018121,0.0175699927800948,0.0219897101716858,0.0,0.2022735834264555,0.1211913717510184
