family,context,model,fold,seed,n_test_compounds,mean_program_pearson
image_to_program,zel024_hek293,clip_mlp,0,0,1983,0.137296
image_to_program,zel024_hek293,clip_mlp,0,1,1983,0.139124
image_to_program,zel024_hek293,clip_mlp,0,2,1983,0.134889
image_to_program,zel024_hek293,clip_mlp,1,0,2030,0.135524
image_to_program,zel024_hek293,clip_mlp,1,1,2030,0.139923
image_to_program,zel024_hek293,clip_mlp,1,2,2030,0.139307
image_to_program,zel024_hek293,clip_mlp,2,0,1955,0.131442
image_to_program,zel024_hek293,clip_mlp,2,1,1955,0.135354
image_to_program,zel024_hek293,clip_mlp,2,2,1955,0.135149
image_to_program,zel024_hek293,clip_mlp,3,0,2030,0.127154
image_to_program,zel024_hek293,clip_mlp,3,1,2030,0.134435
image_to_program,zel024_hek293,clip_mlp,3,2,2030,0.134826
image_to_program,zel024_hek293,clip_mlp,4,0,1832,0.124088
image_to_program,zel024_hek293,clip_mlp,4,1,1832,0.123601
image_to_program,zel024_hek293,clip_mlp,4,2,1832,0.124579
image_to_program,zel024_hek293,clip_ridge,0,0,1983,0.139517
image_to_program,zel024_hek293,clip_ridge,1,0,2030,0.142167
image_to_program,zel024_hek293,clip_ridge,2,0,1955,0.138381
image_to_program,zel024_hek293,clip_ridge,3,0,2030,0.132609
image_to_program,zel024_hek293,clip_ridge,4,0,1832,0.12734
image_to_program,zel024_hek293,rn50_ridge,0,0,1983,0.10701
image_to_program,zel024_hek293,rn50_ridge,1,0,2030,0.097318
image_to_program,zel024_hek293,rn50_ridge,2,0,1955,0.091456
image_to_program,zel024_hek293,rn50_ridge,3,0,2030,0.092965
image_to_program,zel024_hek293,rn50_ridge,4,0,1832,0.082491
image_to_program,zel031_a549,clip_ridge,0,0,1399,-0.003524
image_to_program,zel031_a549,clip_ridge,1,0,1451,0.010969
image_to_program,zel031_a549,clip_ridge,2,0,1326,0.01196
image_to_program,zel031_a549,clip_ridge,3,0,1349,0.010804
image_to_program,zel031_a549,clip_ridge,4,0,1395,0.009266
image_to_program,zel031_thp1,clip_ridge,0,0,1497,0.020762
image_to_program,zel031_thp1,clip_ridge,1,0,1574,0.021044
image_to_program,zel031_thp1,clip_ridge,2,0,1481,0.020273
image_to_program,zel031_thp1,clip_ridge,3,0,1449,0.015101
image_to_program,zel031_thp1,clip_ridge,4,0,1519,0.016253
image_to_program,zel039_aec7,cp448_mlp,0,0,3051,0.169411
image_to_program,zel039_aec7,cp448_mlp,0,1,3051,0.165976
image_to_program,zel039_aec7,cp448_mlp,0,2,3051,0.168296
image_to_program,zel039_aec7,cp448_mlp,1,0,2978,0.127021
image_to_program,zel039_aec7,cp448_mlp,1,1,2978,0.126103
image_to_program,zel039_aec7,cp448_mlp,1,2,2978,0.124673
image_to_program,zel039_aec7,cp448_mlp,2,0,2970,0.130094
image_to_program,zel039_aec7,cp448_mlp,2,1,2970,0.131078
image_to_program,zel039_aec7,cp448_mlp,2,2,2970,0.126422
image_to_program,zel039_aec7,cp448_mlp,3,0,3005,0.121666
image_to_program,zel039_aec7,cp448_mlp,3,1,3005,0.129931
image_to_program,zel039_aec7,cp448_mlp,3,2,3005,0.123328
image_to_program,zel039_aec7,cp448_mlp,4,0,2986,0.119254
image_to_program,zel039_aec7,cp448_mlp,4,1,2986,0.116969
image_to_program,zel039_aec7,cp448_mlp,4,2,2986,0.11842
image_to_program,zel039_aec7,cp448_ridge,0,0,3051,0.150282
image_to_program,zel039_aec7,cp448_ridge,1,0,2978,0.113023
image_to_program,zel039_aec7,cp448_ridge,2,0,2970,0.113885
image_to_program,zel039_aec7,cp448_ridge,3,0,3005,0.11534
image_to_program,zel039_aec7,cp448_ridge,4,0,2986,0.10386
image_to_program,zel039_aec7,if448_mlp,0,0,3051,0.134859
image_to_program,zel039_aec7,if448_mlp,0,1,3051,0.147272
image_to_program,zel039_aec7,if448_mlp,0,2,3051,0.150927
image_to_program,zel039_aec7,if448_mlp,1,0,2978,0.10977
image_to_program,zel039_aec7,if448_mlp,1,1,2978,0.106256
image_to_program,zel039_aec7,if448_mlp,1,2,2978,0.10869
image_to_program,zel039_aec7,if448_mlp,2,0,2970,0.112845
image_to_program,zel039_aec7,if448_mlp,2,1,2970,0.113767
image_to_program,zel039_aec7,if448_mlp,2,2,2970,0.114337
image_to_program,zel039_aec7,if448_mlp,3,0,3005,0.114589
image_to_program,zel039_aec7,if448_mlp,3,1,3005,0.103798
image_to_program,zel039_aec7,if448_mlp,3,2,3005,0.111475
image_to_program,zel039_aec7,if448_mlp,4,0,2986,0.10718
image_to_program,zel039_aec7,if448_mlp,4,1,2986,0.109534
image_to_program,zel039_aec7,if448_mlp,4,2,2986,0.112571
image_to_program,zel039_aec7,if448_ridge,0,0,3051,0.126255
image_to_program,zel039_aec7,if448_ridge,1,0,2978,0.102547
image_to_program,zel039_aec7,if448_ridge,2,0,2970,0.104686
image_to_program,zel039_aec7,if448_ridge,3,0,3005,0.102959
image_to_program,zel039_aec7,if448_ridge,4,0,2986,0.102312
image_to_program,zel039_aec7,mean448_mlp,0,0,3051,0.163076
image_to_program,zel039_aec7,mean448_mlp,0,1,3051,0.162724
image_to_program,zel039_aec7,mean448_mlp,0,2,3051,0.16625
image_to_program,zel039_aec7,mean448_mlp,1,0,2978,0.130563
image_to_program,zel039_aec7,mean448_mlp,1,1,2978,0.125931
image_to_program,zel039_aec7,mean448_mlp,1,2,2978,0.122838
image_to_program,zel039_aec7,mean448_mlp,2,0,2970,0.132156
image_to_program,zel039_aec7,mean448_mlp,2,1,2970,0.135222
image_to_program,zel039_aec7,mean448_mlp,2,2,2970,0.132671
image_to_program,zel039_aec7,mean448_mlp,3,0,3005,0.127981
image_to_program,zel039_aec7,mean448_mlp,3,1,3005,0.129126
image_to_program,zel039_aec7,mean448_mlp,3,2,3005,0.12331
image_to_program,zel039_aec7,mean448_mlp,4,0,2986,0.120095
image_to_program,zel039_aec7,mean448_mlp,4,1,2986,0.121248
image_to_program,zel039_aec7,mean448_mlp,4,2,2986,0.119172
image_to_program,zel039_aec7,mean448_ridge,0,0,3051,0.150438
image_to_program,zel039_aec7,mean448_ridge,1,0,2978,0.117353
image_to_program,zel039_aec7,mean448_ridge,2,0,2970,0.120457
image_to_program,zel039_aec7,mean448_ridge,3,0,3005,0.116476
image_to_program,zel039_aec7,mean448_ridge,4,0,2986,0.107751
image_to_program,zel039_aec7,scantype896_mlp,0,0,3051,0.159104
image_to_program,zel039_aec7,scantype896_mlp,0,1,3051,0.15238
image_to_program,zel039_aec7,scantype896_mlp,0,2,3051,0.149138
image_to_program,zel039_aec7,scantype896_mlp,1,0,2978,0.122861
image_to_program,zel039_aec7,scantype896_mlp,1,1,2978,0.123349
image_to_program,zel039_aec7,scantype896_mlp,1,2,2978,0.121644
image_to_program,zel039_aec7,scantype896_mlp,2,0,2970,0.130763
image_to_program,zel039_aec7,scantype896_mlp,2,1,2970,0.136601
image_to_program,zel039_aec7,scantype896_mlp,2,2,2970,0.127565
image_to_program,zel039_aec7,scantype896_mlp,3,0,3005,0.12721
image_to_program,zel039_aec7,scantype896_mlp,3,1,3005,0.128855
image_to_program,zel039_aec7,scantype896_mlp,3,2,3005,0.11734
image_to_program,zel039_aec7,scantype896_mlp,4,0,2986,0.118959
image_to_program,zel039_aec7,scantype896_mlp,4,1,2986,0.117932
image_to_program,zel039_aec7,scantype896_mlp,4,2,2986,0.118275
image_to_program,zel039_aec7,scantype896_ridge,0,0,3051,0.146548
image_to_program,zel039_aec7,scantype896_ridge,1,0,2978,0.111995
image_to_program,zel039_aec7,scantype896_ridge,2,0,2970,0.113259
image_to_program,zel039_aec7,scantype896_ridge,3,0,3005,0.110063
image_to_program,zel039_aec7,scantype896_ridge,4,0,2986,0.105753
chemistry_to_program,zel024_hek293,cross_attention,0,0,2811,0.608101
chemistry_to_program,zel024_hek293,cross_attention,0,1,2811,0.594571
chemistry_to_program,zel024_hek293,cross_attention,0,2,2811,0.60073
chemistry_to_program,zel024_hek293,cross_attention,1,0,2885,0.553653
chemistry_to_program,zel024_hek293,cross_attention,1,1,2885,0.560956
chemistry_to_program,zel024_hek293,cross_attention,1,2,2885,0.562203
chemistry_to_program,zel024_hek293,cross_attention,2,0,2743,0.542631
chemistry_to_program,zel024_hek293,cross_attention,2,1,2743,0.543875
chemistry_to_program,zel024_hek293,cross_attention,2,2,2743,0.53574
chemistry_to_program,zel024_hek293,cross_attention,3,0,2883,0.543123
chemistry_to_program,zel024_hek293,cross_attention,3,1,2883,0.556749
chemistry_to_program,zel024_hek293,cross_attention,3,2,2883,0.552963
chemistry_to_program,zel024_hek293,cross_attention,4,0,2592,0.541828
chemistry_to_program,zel024_hek293,cross_attention,4,1,2592,0.543854
chemistry_to_program,zel024_hek293,cross_attention,4,2,2592,0.534675
chemistry_to_program,zel031_a549,cross_attention,0,0,1678,0.209659
chemistry_to_program,zel031_a549,cross_attention,0,1,1678,0.217014
chemistry_to_program,zel031_a549,cross_attention,0,2,1678,0.216834
chemistry_to_program,zel031_a549,cross_attention,1,0,1750,0.15845
chemistry_to_program,zel031_a549,cross_attention,1,1,1750,0.160188
chemistry_to_program,zel031_a549,cross_attention,1,2,1750,0.167053
chemistry_to_program,zel031_a549,cross_attention,2,0,1593,0.174977
chemistry_to_program,zel031_a549,cross_attention,2,1,1593,0.179908
chemistry_to_program,zel031_a549,cross_attention,2,2,1593,0.179261
chemistry_to_program,zel031_a549,cross_attention,3,0,1602,0.162862
chemistry_to_program,zel031_a549,cross_attention,3,1,1602,0.163988
chemistry_to_program,zel031_a549,cross_attention,3,2,1602,0.161402
chemistry_to_program,zel031_a549,cross_attention,4,0,1698,0.161348
chemistry_to_program,zel031_a549,cross_attention,4,1,1698,0.164206
chemistry_to_program,zel031_a549,cross_attention,4,2,1698,0.155474
chemistry_to_program,zel031_thp1,cross_attention,0,0,1804,0.317087
chemistry_to_program,zel031_thp1,cross_attention,0,1,1804,0.309714
chemistry_to_program,zel031_thp1,cross_attention,0,2,1804,0.316847
chemistry_to_program,zel031_thp1,cross_attention,1,0,1902,0.273679
chemistry_to_program,zel031_thp1,cross_attention,1,1,1902,0.274858
chemistry_to_program,zel031_thp1,cross_attention,1,2,1902,0.272217
chemistry_to_program,zel031_thp1,cross_attention,2,0,1781,0.306939
chemistry_to_program,zel031_thp1,cross_attention,2,1,1781,0.313761
chemistry_to_program,zel031_thp1,cross_attention,2,2,1781,0.311457
chemistry_to_program,zel031_thp1,cross_attention,3,0,1729,0.287058
chemistry_to_program,zel031_thp1,cross_attention,3,1,1729,0.296076
chemistry_to_program,zel031_thp1,cross_attention,3,2,1729,0.284488
chemistry_to_program,zel031_thp1,cross_attention,4,0,1825,0.298352
chemistry_to_program,zel031_thp1,cross_attention,4,1,1825,0.296496
chemistry_to_program,zel031_thp1,cross_attention,4,2,1825,0.293759
chemistry_to_program,zel039_aec7,cross_attention,0,0,4215,0.456364
chemistry_to_program,zel039_aec7,cross_attention,0,1,4215,0.459531
chemistry_to_program,zel039_aec7,cross_attention,0,2,4215,0.461123
chemistry_to_program,zel039_aec7,cross_attention,1,0,4147,0.328016
chemistry_to_program,zel039_aec7,cross_attention,1,1,4147,0.329302
chemistry_to_program,zel039_aec7,cross_attention,1,2,4147,0.327487
chemistry_to_program,zel039_aec7,cross_attention,2,0,4139,0.327833
chemistry_to_program,zel039_aec7,cross_attention,2,1,4139,0.328375
chemistry_to_program,zel039_aec7,cross_attention,2,2,4139,0.329674
chemistry_to_program,zel039_aec7,cross_attention,3,0,4216,0.31741
chemistry_to_program,zel039_aec7,cross_attention,3,1,4216,0.315493
chemistry_to_program,zel039_aec7,cross_attention,3,2,4216,0.316705
chemistry_to_program,zel039_aec7,cross_attention,4,0,4096,0.334466
chemistry_to_program,zel039_aec7,cross_attention,4,1,4096,0.329412
chemistry_to_program,zel039_aec7,cross_attention,4,2,4096,0.333196
