relative_path,semantic_role,bytes,sha256,media_type
CITATION.cff,citation,1050,52aa357ef6b8f31d0874cd3f5982878e55ffd2aaaef3a51d34faac21c532125b,application/yaml
LICENSE.md,license,1547,d3bd5ec69d5f100a63a232b4098109822ac2a7ec01074088a08c82f329e1fd24,text/markdown
LICENSES/Apache-2.0.txt,license,11371,fd4dad34b816594978238a024e7e8924a343648bd9f699b04fc0f07f0035128d,text/plain
LICENSES/CC-BY-4.0.txt,license,18526,d427828b01b5573e01f275071ca1dcdb57961e4562efb42ec16ace5757edfb37,text/plain
LICENSE_OR_DATA_USE.md,license_hold,410,325e49d3fc5e821f2368654a64babb066e9840f9040e714e96d294ae2620b9cc,text/markdown
NOTICE,license,260,374c9a42ff72beeb49b92951dc45c3adc8df105a297e5fb9a9243c607b7403d1,text/plain
README.md,front_doc,7140,3b1d381ec14310a81c80d6ca0c0aace0cdde2f06187bd1c9314fb34b4eb220fe,text/markdown
START_HERE.md,front_doc,9425,f647b1b794b67ed57b1bf45e119c0b91f393f1962e752b5d6c6e635e85fde87a,text/markdown
annex_chemistry/README.md,annex_readme,11632,90d11e0b8ff21808d4e2c9338a48189757bf6beed0a59131f1b99da4051514dd,text/markdown
annex_chemistry/activity_cliffs.csv,chemistry_table,95455,20f59ef82e91e846995f31b3ff77f5dae7c4aa210cccac149df01a5118f64628,text/csv
annex_chemistry/attribution_certificate.csv,chemistry_table,1351,3a18c96ea41694c10d31cd5e69010b4616c4ca432070c571e4db77f0882dcb09,text/csv
annex_chemistry/bb_effect_rankings.csv,chemistry_table,234100,a21fa3c76973ceacb69fbd6b607bf11ca9ea50cfb9613931eecead95f32748b7,text/csv
annex_chemistry/chemotype_series.csv,chemistry_table,2836893,ab96ea45dc8e86b118ba0a90b583b1284ca31366c622b3e547a5dabcbade88c5,text/csv
annex_chemistry/novel_bb_generalization.csv,chemistry_table,2790,3033d64dc2f37c54250b5566d309875efe75c0baed6f42c61fcc9164954f4474,text/csv
annex_hypotheses/LIMITS.md,limits_doc,3682,996b47b2b0b5b3e41f2f07443d926e5ae334696dc369bcce18332b57eca2cc0a,text/markdown
annex_hypotheses/README.md,annex_readme,6282,e2320b9ce05d7ffe9c5a979562db1d68f6fb832e54d276082e1303df615cc8d6,text/markdown
annex_hypotheses/anchor_leads.csv,hypothesis_table,18422,575333543cdf72e05e6765f491a481e58b137cec5bfe072817c8b81dc7c0d348,text/csv
annex_hypotheses/hypothesis_ledger_full.csv,hypothesis_table,324264,a302242d50227a19f70b00e6f8589b08953b5b91598e8c01f0d16f0dae4d2dee,text/csv
annex_hypotheses/program_atlas.csv,hypothesis_table,16929,f2b8a4e1f4e297a09dbcea27c3e8ce5889a82a52a3ecfe5097cd5782e725c581,text/csv
annex_hypotheses/sharp_sar_candidates.csv,hypothesis_table,47389,19f8fd1f49ec6401fc668165238966a8da83a12fd86524a365589ba6386fef9d,text/csv
annex_imaging/README.md,annex_readme,10441,ab6061fe3db0aef27261e96850365d35635546465cf79d89606059885cd7f69b,text/markdown
annex_imaging/chemistry_to_program_predictions/zel024_hek293/fold0_seed0.npz,prediction_dump,691462,d595a3c77913e1ad125b0c5421ad316b8d9751eacebc6ad9dda7ea6c778f4d8d,application/octet-stream
annex_imaging/chemistry_to_program_predictions/zel024_hek293/fold0_seed1.npz,prediction_dump,691735,07b382a4d11158d46b74061b84165a89fefc73e99b135ad427b3bb4ba00998fc,application/octet-stream
annex_imaging/chemistry_to_program_predictions/zel024_hek293/fold0_seed2.npz,prediction_dump,691441,fa4d385ad4a58759b66006c39af9dac11409f80631342facf7eb91246e6913db,application/octet-stream
annex_imaging/chemistry_to_program_predictions/zel024_hek293/fold1_seed0.npz,prediction_dump,709487,b3150eca292ca35f23ac529c3fc64d7b0543bbfa212d0ed39df817667d1f4b9a,application/octet-stream
annex_imaging/chemistry_to_program_predictions/zel024_hek293/fold1_seed1.npz,prediction_dump,709682,a719f7c5986096e30257561eda3224f520d59da7172e53f0cde8a39cb667c145,application/octet-stream
annex_imaging/chemistry_to_program_predictions/zel024_hek293/fold1_seed2.npz,prediction_dump,709518,df1e51e05823c5d2504a72ba834dda7124a40534ace59dfb4512b98a61569c15,application/octet-stream
annex_imaging/chemistry_to_program_predictions/zel024_hek293/fold2_seed0.npz,prediction_dump,674807,ae9d56974bea5c04b36f6211b67faf6a1c1bb477428f76fd403ac42c8c745a70,application/octet-stream
annex_imaging/chemistry_to_program_predictions/zel024_hek293/fold2_seed1.npz,prediction_dump,674579,10514d6e171c16fdc63cc0e68d5a560f9cbb5e726e2580a1057b0f6c8954e40e,application/octet-stream
annex_imaging/chemistry_to_program_predictions/zel024_hek293/fold2_seed2.npz,prediction_dump,675086,3f6395904fc79d046446f8ca5b59be7d30f2fe3909bc22ddad1474eb7bb769dd,application/octet-stream
annex_imaging/chemistry_to_program_predictions/zel024_hek293/fold3_seed0.npz,prediction_dump,709550,769b444bd45a4823caf0a5a98c90c9997d1a6f745837afbef691565f27041b4f,application/octet-stream
annex_imaging/chemistry_to_program_predictions/zel024_hek293/fold3_seed1.npz,prediction_dump,708817,4bbe64daabd44e527c6474d6d8cab9d35776876a4dadb27f88ca46653253bf90,application/octet-stream
annex_imaging/chemistry_to_program_predictions/zel024_hek293/fold3_seed2.npz,prediction_dump,709338,6a7c78a1f56555ba07dba3b9d2fecfb832820d49c01fedabf36f22a26b756e54,application/octet-stream
annex_imaging/chemistry_to_program_predictions/zel024_hek293/fold4_seed0.npz,prediction_dump,637895,95bde4c6cea4e805e86ec3bec0cf4f764cc8f0a359bc4c39e8cada16620eca81,application/octet-stream
annex_imaging/chemistry_to_program_predictions/zel024_hek293/fold4_seed1.npz,prediction_dump,637694,432c0015e4073113b6112784b5c9eae6fca5e9ea72bccf0a9ff2263eb7662f11,application/octet-stream
annex_imaging/chemistry_to_program_predictions/zel024_hek293/fold4_seed2.npz,prediction_dump,638083,96c36577031be45b1186d2efb015f1dddb59a1d37b68ddb9c8c50e7af3fdf04d,application/octet-stream
annex_imaging/chemistry_to_program_predictions/zel031_a549/fold0_seed0.npz,prediction_dump,414834,bb2caff8f2f3dfc2a3e741ef51f7dae135444c0e5e5fa2250a6ff2e1b87da36d,application/octet-stream
annex_imaging/chemistry_to_program_predictions/zel031_a549/fold0_seed1.npz,prediction_dump,415134,27a26ec033ad9ced12e85abbc92fbee7b3a982a474f0cd02c8c302e0c2d2e103,application/octet-stream
annex_imaging/chemistry_to_program_predictions/zel031_a549/fold0_seed2.npz,prediction_dump,414787,22ab341754f2d306fcd45d30ebd3d0aacc3fe3e0087b640733cff71430823443,application/octet-stream
annex_imaging/chemistry_to_program_predictions/zel031_a549/fold1_seed0.npz,prediction_dump,432513,0da0732de020ba85faa2ee2ddda25e7c7785a70701102a979bdb705e91020a4b,application/octet-stream
annex_imaging/chemistry_to_program_predictions/zel031_a549/fold1_seed1.npz,prediction_dump,432332,68adf6f63aedacd725c06010b6ad59fbce0e2dd3b20511be260f208b2d3ea14f,application/octet-stream
annex_imaging/chemistry_to_program_predictions/zel031_a549/fold1_seed2.npz,prediction_dump,432531,51113260aed80ae22392d5d374606f6bf90dfb53946972638c6c3276567d34c4,application/octet-stream
annex_imaging/chemistry_to_program_predictions/zel031_a549/fold2_seed0.npz,prediction_dump,393769,ae0ae0ec1ad8f5a80e67467e128e5e90284426590bde16bcd42eae49dcaf86dd,application/octet-stream
annex_imaging/chemistry_to_program_predictions/zel031_a549/fold2_seed1.npz,prediction_dump,393656,e098175b4783b4a316b9de5f91222d2d655083df4da7c25ae9ac164b69b41f0e,application/octet-stream
annex_imaging/chemistry_to_program_predictions/zel031_a549/fold2_seed2.npz,prediction_dump,393856,ae313616fa5c1d2e8db85ad3753c2a58c3400a2706fd51afc455bda8a800860e,application/octet-stream
annex_imaging/chemistry_to_program_predictions/zel031_a549/fold3_seed0.npz,prediction_dump,395577,ce2946d5706b2c00b2ccd4170850fce61f5ea80b58588b6e8149630c560be38f,application/octet-stream
annex_imaging/chemistry_to_program_predictions/zel031_a549/fold3_seed1.npz,prediction_dump,395507,f1a72ff27440fb84fa4b67a4f6949a1123f371aac84218c2f28b69efd63bdd49,application/octet-stream
annex_imaging/chemistry_to_program_predictions/zel031_a549/fold3_seed2.npz,prediction_dump,395342,9c1c81c2649bcb5c1b301c20e906020f98b495ef658aeac0aca7013d6f0faef7,application/octet-stream
annex_imaging/chemistry_to_program_predictions/zel031_a549/fold4_seed0.npz,prediction_dump,419459,6e9a48b73a784e0e70cd05c198b2913b6503685ed3db4edd3e7be859d27cc972,application/octet-stream
annex_imaging/chemistry_to_program_predictions/zel031_a549/fold4_seed1.npz,prediction_dump,419086,13cbca1ed4d8ac01eb7a61acd04c7214c9cb1d8cf693e4fa063e3085970eeb3b,application/octet-stream
annex_imaging/chemistry_to_program_predictions/zel031_a549/fold4_seed2.npz,prediction_dump,419315,d88c3bc5d02a57826636a8eecec8f45aded384cad302297f320b1b31d69a3e96,application/octet-stream
annex_imaging/chemistry_to_program_predictions/zel031_thp1/fold0_seed0.npz,prediction_dump,445203,b593c3c005903691b324ab7206a2d435b8990624bc4f62fd4fe53b3c873d8263,application/octet-stream
annex_imaging/chemistry_to_program_predictions/zel031_thp1/fold0_seed1.npz,prediction_dump,445298,514bca9295b58559cd6f876e76d773a998e326ac1f384e79d37ebfc6f9541e0f,application/octet-stream
annex_imaging/chemistry_to_program_predictions/zel031_thp1/fold0_seed2.npz,prediction_dump,445212,3a20e080e0f45d71aad6eb8ce51bc158b673619d9125d93d18a7c675761f8e15,application/octet-stream
annex_imaging/chemistry_to_program_predictions/zel031_thp1/fold1_seed0.npz,prediction_dump,469873,e4f07f8e1da1f2375b2600b16cd8a155c519d91ec730acaa306a12ea50108fbe,application/octet-stream
annex_imaging/chemistry_to_program_predictions/zel031_thp1/fold1_seed1.npz,prediction_dump,470058,409ddaf9689b25527675fe1597c361e891e76093da77a928a193fdf3bd3b0296,application/octet-stream
annex_imaging/chemistry_to_program_predictions/zel031_thp1/fold1_seed2.npz,prediction_dump,469861,24a00fac3172f11f0d6364b0a3118966e43d5815bfbca4facf1cfaf1a48e2e91,application/octet-stream
annex_imaging/chemistry_to_program_predictions/zel031_thp1/fold2_seed0.npz,prediction_dump,439642,6847abecaac3c2d894d9c5ab890135a18627768d23fc703956e759c32685f357,application/octet-stream
annex_imaging/chemistry_to_program_predictions/zel031_thp1/fold2_seed1.npz,prediction_dump,439695,649dbe358660d61b4a8202213e8cfbaf2a8f2b6240485afa2b797262a3f4d8d7,application/octet-stream
annex_imaging/chemistry_to_program_predictions/zel031_thp1/fold2_seed2.npz,prediction_dump,439627,1805c5ff74ad3c5473e1b0061119bb1f0695cd6ba2a59457b82a926b60d9aebd,application/octet-stream
annex_imaging/chemistry_to_program_predictions/zel031_thp1/fold3_seed0.npz,prediction_dump,427016,176cefd63bb59814b26dbdb9764a7a41dfa237a1e8df41a6062db0723a418eca,application/octet-stream
annex_imaging/chemistry_to_program_predictions/zel031_thp1/fold3_seed1.npz,prediction_dump,427121,1ed5d594a33a2da82960fcf010c988b300f2d284bba1efa507eb9d4828e1601c,application/octet-stream
annex_imaging/chemistry_to_program_predictions/zel031_thp1/fold3_seed2.npz,prediction_dump,426937,03eeff456d8a85ee2c42292023238b4c9fe3c1cf4cd799508211885e33ec7766,application/octet-stream
annex_imaging/chemistry_to_program_predictions/zel031_thp1/fold4_seed0.npz,prediction_dump,450600,c54a1efc17db220cc7fbe293f4c644b844ed3083a3bfecbdc7cd593e59d8de34,application/octet-stream
annex_imaging/chemistry_to_program_predictions/zel031_thp1/fold4_seed1.npz,prediction_dump,450446,96bb9471e434c9993566f6eaa2442a605115fc9ccc027302fa23076d672eeb43,application/octet-stream
annex_imaging/chemistry_to_program_predictions/zel031_thp1/fold4_seed2.npz,prediction_dump,450754,0d258f66d589eb0eab44fa6040d5166600125fbe40b1d77b4c5e3adb65cb2b25,application/octet-stream
annex_imaging/chemistry_to_program_predictions/zel039_aec7/fold0_seed0.npz,prediction_dump,1040015,7bf354751e215264bb3da5d7e922f4a8054d796fd85ee16ed84b76717ae5440b,application/octet-stream
annex_imaging/chemistry_to_program_predictions/zel039_aec7/fold0_seed1.npz,prediction_dump,1040169,72d3fe248dd41c131c874cc2460b33c0d5e2613572e65013e88492247b9838c3,application/octet-stream
annex_imaging/chemistry_to_program_predictions/zel039_aec7/fold0_seed2.npz,prediction_dump,1040231,422ebd19c20517fea972c778298a93394b13cf13dc947d94500194cd224f67a9,application/octet-stream
annex_imaging/chemistry_to_program_predictions/zel039_aec7/fold1_seed0.npz,prediction_dump,1021496,11281ca3b8caebb2d070e4e633051a5ee37226b28edbee125436992aabf51a2f,application/octet-stream
annex_imaging/chemistry_to_program_predictions/zel039_aec7/fold1_seed1.npz,prediction_dump,1021374,b269fd11bd64a4cb792a0b2d787cad13049cfd6b7b951d0d1bf02551a3c53f3c,application/octet-stream
annex_imaging/chemistry_to_program_predictions/zel039_aec7/fold1_seed2.npz,prediction_dump,1021761,ab9c25cd6af26d93dbf1737b7aba910f8f5da9ec7ee47c3c69e1b9d6f484a927,application/octet-stream
annex_imaging/chemistry_to_program_predictions/zel039_aec7/fold2_seed0.npz,prediction_dump,1019262,5515e24d5f060d6277fa24a6f145f287be854c917c636185b7749b85b923c40c,application/octet-stream
annex_imaging/chemistry_to_program_predictions/zel039_aec7/fold2_seed1.npz,prediction_dump,1019751,262be5c790e48a191b05e396895c14727ce1ba4a289273c0d07f05b486133522,application/octet-stream
annex_imaging/chemistry_to_program_predictions/zel039_aec7/fold2_seed2.npz,prediction_dump,1019453,c050342f36b20ddcb36b806004571ca2a0fca4a08f948152dc3cceb4b65cc086,application/octet-stream
annex_imaging/chemistry_to_program_predictions/zel039_aec7/fold3_seed0.npz,prediction_dump,1038017,2d4a83d890857da3fea26dca026855d77275b2ecef4c1e70b33cba816da7b9f9,application/octet-stream
annex_imaging/chemistry_to_program_predictions/zel039_aec7/fold3_seed1.npz,prediction_dump,1038073,fe186b143723606349d61fba4d8900e4d879ba6792785ed8e78dccc7919b213b,application/octet-stream
annex_imaging/chemistry_to_program_predictions/zel039_aec7/fold3_seed2.npz,prediction_dump,1038038,28aaaee5abf36b1c751932334e6a65a60e3e0baaee47c5a2044cb3804c6ee391,application/octet-stream
annex_imaging/chemistry_to_program_predictions/zel039_aec7/fold4_seed0.npz,prediction_dump,1008045,39fd6ff71dd524cdff0c34b298ef6696028edc98ee0bf5a939434aa7506be874,application/octet-stream
annex_imaging/chemistry_to_program_predictions/zel039_aec7/fold4_seed1.npz,prediction_dump,1008574,b47287eb16feb982395f79fc287a9fef99d9e19dba25c7c30ecab238a596d15b,application/octet-stream
annex_imaging/chemistry_to_program_predictions/zel039_aec7/fold4_seed2.npz,prediction_dump,1008075,b68b7cdccb47dca87b439f40435694662de9e645b3711c6e95b2144f12d5f1eb,application/octet-stream
annex_imaging/decision_grade_image_to_program_panels.csv,evidence_table,5279,02d70602acdc1117fb26ffd953b5d9b03e170a11180258e41e0dbfd36b89382d,text/csv
annex_imaging/decision_grade_image_to_program_zel039_aec7.csv,evidence_table,13128,86682bf775333b8ae3b37bbcd1bdebccd4de640caeea3fc32b79aabdd01f9b7f,text/csv
annex_imaging/decode_through_comparison.csv,evidence_table,8659,1374792348d4b71d1960619f8a8b04ecf973b0c7ff28ac61a351f4585700b486,text/csv
annex_imaging/decomposition.csv,evidence_table,56094,0934f4b6b6f54fe90f56d967142f5f967f08ebd0a80cd8e91ceb37c4636d59d6,text/csv
annex_imaging/image_to_program_predictions/zel024_hek293/clip_mlp__fold0_seed0.npz,prediction_dump,635346,8db34a5d09746fb103b72fc9604df34a9d479cbb91db29d240d3a3485dc76f63,application/octet-stream
annex_imaging/image_to_program_predictions/zel024_hek293/clip_mlp__fold0_seed1.npz,prediction_dump,635346,2205bb31c7fa028279565fc41211b1dde9dc90e06222cde2d9b2c1eeab2fe714,application/octet-stream
annex_imaging/image_to_program_predictions/zel024_hek293/clip_mlp__fold0_seed2.npz,prediction_dump,635346,f953d9146ed903099e140dfc9a382f132c6f512e518d66049412db9ceed492fa,application/octet-stream
annex_imaging/image_to_program_predictions/zel024_hek293/clip_mlp__fold1_seed0.npz,prediction_dump,650386,3e5c6da8e5a650f6ec464fe3fdf569caf34b03b0b8b12183d625a2687597a150,application/octet-stream
annex_imaging/image_to_program_predictions/zel024_hek293/clip_mlp__fold1_seed1.npz,prediction_dump,650386,1b4574328451623f1ff2bab8cffbef7a77ea94a5d83ae8e7fd345b3f66cc5430,application/octet-stream
annex_imaging/image_to_program_predictions/zel024_hek293/clip_mlp__fold1_seed2.npz,prediction_dump,650386,73e460cb46fea4ff3e1aa85ab0f55f9574caa30cede80fe51384b47ed6676640,application/octet-stream
annex_imaging/image_to_program_predictions/zel024_hek293/clip_mlp__fold2_seed0.npz,prediction_dump,626386,29ecbe48607133dd37fd4e76b753a32e0415d1961bc64d2e5d96ba8641ac1d7b,application/octet-stream
annex_imaging/image_to_program_predictions/zel024_hek293/clip_mlp__fold2_seed1.npz,prediction_dump,626386,d81ccc532965f974da262e773cfa88acfb540c6b333c5f3a9a75f2de352221df,application/octet-stream
annex_imaging/image_to_program_predictions/zel024_hek293/clip_mlp__fold2_seed2.npz,prediction_dump,626386,b5f22d9d77cd2418ba0e0ab6b4d333d9b57d8daf76bd3f47d88e08110aab09c8,application/octet-stream
annex_imaging/image_to_program_predictions/zel024_hek293/clip_mlp__fold3_seed0.npz,prediction_dump,650386,3735a3399712230fe6848bd357cfc46f0e2c11e0b9e0cc0fac671ec9c1b217f2,application/octet-stream
annex_imaging/image_to_program_predictions/zel024_hek293/clip_mlp__fold3_seed1.npz,prediction_dump,650386,ee8518dba26caec5d5af9afa7d10ff227389b66805aa3ac378cf448bb05c53ff,application/octet-stream
annex_imaging/image_to_program_predictions/zel024_hek293/clip_mlp__fold3_seed2.npz,prediction_dump,650386,914d00219eab63c16f10c47d269647fa5451752e63beaa526453de88fe6cef62,application/octet-stream
annex_imaging/image_to_program_predictions/zel024_hek293/clip_mlp__fold4_seed0.npz,prediction_dump,587026,f332d8bd854d77cdbf19fbd604f59f6950bba25809914fbaf8cc378ac4e6af2b,application/octet-stream
annex_imaging/image_to_program_predictions/zel024_hek293/clip_mlp__fold4_seed1.npz,prediction_dump,587026,74137d92899b3bab10cc9041171eace04b84d23aaa62c2fef219148062fd1103,application/octet-stream
annex_imaging/image_to_program_predictions/zel024_hek293/clip_mlp__fold4_seed2.npz,prediction_dump,587026,4a846a6e1873cf1949807ef667b06e3970e3957cbe95d99d94930216c6768b9a,application/octet-stream
annex_imaging/image_to_program_predictions/zel024_hek293/clip_ridge__fold0_seed0.npz,prediction_dump,635346,c789eb6afd961e700419717cbd9ae733c55be4444288412cf50a6742aaf0be80,application/octet-stream
annex_imaging/image_to_program_predictions/zel024_hek293/clip_ridge__fold1_seed0.npz,prediction_dump,650386,4142a779345ec46d050a91dc136df97a9cbebe2b330da8ea195dd042367cb819,application/octet-stream
annex_imaging/image_to_program_predictions/zel024_hek293/clip_ridge__fold2_seed0.npz,prediction_dump,626386,63d20c4ba89e31e85bf6101297e9924fb022716b81348c3b44b3e63abef79e41,application/octet-stream
annex_imaging/image_to_program_predictions/zel024_hek293/clip_ridge__fold3_seed0.npz,prediction_dump,650386,c9314255d8efd97d0f14ef08ad57dcb75480ce1cc54d936aa7bbd45c511117e4,application/octet-stream
annex_imaging/image_to_program_predictions/zel024_hek293/clip_ridge__fold4_seed0.npz,prediction_dump,587026,1520ec6eb1f9c8d624d99b9a23cd5ef2a8136e1e0c1f6258fb850ac89e070f84,application/octet-stream
annex_imaging/image_to_program_predictions/zel024_hek293/rn50_ridge__fold0_seed0.npz,prediction_dump,635346,7787be219f40e1aeb5364a3f7bae10da4d761c2f711b1a139146948697d42598,application/octet-stream
annex_imaging/image_to_program_predictions/zel024_hek293/rn50_ridge__fold1_seed0.npz,prediction_dump,650386,f237f219963ad6198ec7b64daaa8ef92538ee70cd08d7a4d73bc6c6a1b4f103e,application/octet-stream
annex_imaging/image_to_program_predictions/zel024_hek293/rn50_ridge__fold2_seed0.npz,prediction_dump,626386,3b82849d22ce901b8bc63bf16a2f357f13e1b23bc56aa0f0ff84102b7ea98404,application/octet-stream
annex_imaging/image_to_program_predictions/zel024_hek293/rn50_ridge__fold3_seed0.npz,prediction_dump,650386,58a3bff40f75c87aa38d364d9f1a39ebe194dc51edfaf6dd324c5493b69fedbd,application/octet-stream
annex_imaging/image_to_program_predictions/zel024_hek293/rn50_ridge__fold4_seed0.npz,prediction_dump,587026,07f59e6c4ff1cda7bf50b97a2d238e5392a95bb99704c2eaf43a609131371ad7,application/octet-stream
annex_imaging/image_to_program_predictions/zel031_a549/clip_ridge__fold0_seed0.npz,prediction_dump,448466,4025c1cddb3abaef9d200b8e61d4e495881d964b727225a27064daf4c8b6eea1,application/octet-stream
annex_imaging/image_to_program_predictions/zel031_a549/clip_ridge__fold1_seed0.npz,prediction_dump,465106,a3723c4bf6b8d00652605c433cfc3ffe8087b478544d68a293147114fb398ea9,application/octet-stream
annex_imaging/image_to_program_predictions/zel031_a549/clip_ridge__fold2_seed0.npz,prediction_dump,425106,0b92939ad1f9461731912346ae8c72bea2d874507f22397b2b1097d1c4d1e202,application/octet-stream
annex_imaging/image_to_program_predictions/zel031_a549/clip_ridge__fold3_seed0.npz,prediction_dump,432466,a847795c90e7b8d6359d56f00214da07cdc115866cf3d99cee98fb24b7173fb8,application/octet-stream
annex_imaging/image_to_program_predictions/zel031_a549/clip_ridge__fold4_seed0.npz,prediction_dump,447186,c3e37cc06ac77d4bd2414a0e7ed9239e466f4d6ff6d6f686231052bd87c24fa2,application/octet-stream
annex_imaging/image_to_program_predictions/zel031_thp1/clip_ridge__fold0_seed0.npz,prediction_dump,479826,73370ce07f2f00b4eda49b24be733797b63b3aaccb8f2354a75d001148e59412,application/octet-stream
annex_imaging/image_to_program_predictions/zel031_thp1/clip_ridge__fold1_seed0.npz,prediction_dump,504466,ae851f64eccc1db4197ca5e1dfe67afcd4e2250d0fccad247bc104d1f26b8f3c,application/octet-stream
annex_imaging/image_to_program_predictions/zel031_thp1/clip_ridge__fold2_seed0.npz,prediction_dump,474706,ff8b811faf8f21f9fc1b25c130e1f86f340a1fe0cf6cff312d2ba65877dada1e,application/octet-stream
annex_imaging/image_to_program_predictions/zel031_thp1/clip_ridge__fold3_seed0.npz,prediction_dump,464466,1263b2ebd50cddfdc4b1d86ee452eca25eb8e3fb0399bb21c67a1f7f157757d3,application/octet-stream
annex_imaging/image_to_program_predictions/zel031_thp1/clip_ridge__fold4_seed0.npz,prediction_dump,486866,c555773c3978b628d457e30b496b8dc8aa15cae01e42e39540caf88303aa0203,application/octet-stream
annex_imaging/image_to_program_predictions/zel039_aec7/cp448_mlp__fold0_seed0.npz,prediction_dump,839967,22e442207b2abf69066d1ec9d638cc56e302120766e4dbd3fd1f36b6d7b8e77e,application/octet-stream
annex_imaging/image_to_program_predictions/zel039_aec7/cp448_mlp__fold0_seed1.npz,prediction_dump,839967,a971b813146e48a781fd71d5c35a7bc2b7bed8d31fba3664d2d57da776778fc9,application/octet-stream
annex_imaging/image_to_program_predictions/zel039_aec7/cp448_mlp__fold0_seed2.npz,prediction_dump,839967,7e0d09d1af928e9233d2beba1df203714a9ea10fd44e01c640f3da0f85f78895,application/octet-stream
annex_imaging/image_to_program_predictions/zel039_aec7/cp448_mlp__fold1_seed0.npz,prediction_dump,819890,d0fdf377dd54f4f38d7529ca90e70f09ea6443b3eb20aaa4b4c0adc98a41abe3,application/octet-stream
annex_imaging/image_to_program_predictions/zel039_aec7/cp448_mlp__fold1_seed1.npz,prediction_dump,819890,74103086534a297caf9094585bdf8bd0d37e5203bbaf04448731eacd3cb62617,application/octet-stream
annex_imaging/image_to_program_predictions/zel039_aec7/cp448_mlp__fold1_seed2.npz,prediction_dump,819890,6f375719954db89e49236cf296b690c4a6ec41dbc758bcfa8110d4633d77d378,application/octet-stream
annex_imaging/image_to_program_predictions/zel039_aec7/cp448_mlp__fold2_seed0.npz,prediction_dump,817690,0ae31e85489bb8264ab253131b8bb799a53c68acb5e1ec8bdf85578e0dd73ada,application/octet-stream
annex_imaging/image_to_program_predictions/zel039_aec7/cp448_mlp__fold2_seed1.npz,prediction_dump,817690,10875ff0368b96159464e2dd9a0750915a5bc41c68b5764e6c80eba61629b468,application/octet-stream
annex_imaging/image_to_program_predictions/zel039_aec7/cp448_mlp__fold2_seed2.npz,prediction_dump,817690,5579df376d2413d9a85c83f164b1c0194084cb52029ce706bb556c78eb58a54a,application/octet-stream
annex_imaging/image_to_program_predictions/zel039_aec7/cp448_mlp__fold3_seed0.npz,prediction_dump,827317,4b728f0d45ea8514400b6be683fa8045fc63d6ebd412eda9c1be413fd04e4a92,application/octet-stream
annex_imaging/image_to_program_predictions/zel039_aec7/cp448_mlp__fold3_seed1.npz,prediction_dump,827317,a055714d057454b440d7df7280b344a0ab749aabbe58c725ccb6c42edd7514d7,application/octet-stream
annex_imaging/image_to_program_predictions/zel039_aec7/cp448_mlp__fold3_seed2.npz,prediction_dump,827317,51f08f85ac013a848b63a2168dbe782e1bf1e5b39e363174c97faaa475774169,application/octet-stream
annex_imaging/image_to_program_predictions/zel039_aec7/cp448_mlp__fold4_seed0.npz,prediction_dump,822090,286746b2146596d20f832315db706d0b048e91268937496bbe877e9e990dc4a7,application/octet-stream
annex_imaging/image_to_program_predictions/zel039_aec7/cp448_mlp__fold4_seed1.npz,prediction_dump,822090,2b89e6d44ddaac0fce010801f7ede03e4531045634907c9753476ed9e6400ecc,application/octet-stream
annex_imaging/image_to_program_predictions/zel039_aec7/cp448_mlp__fold4_seed2.npz,prediction_dump,822090,eaaa7bfec1369b69c648e8d0cc935e8d1898a10f0481aeff027a244931f70f52,application/octet-stream
annex_imaging/image_to_program_predictions/zel039_aec7/cp448_ridge__fold0_seed0.npz,prediction_dump,839967,d3249d3f45c23ce4a949fe6e85e62720a7f2e085c6b281abe4ecb7f9d157a0b1,application/octet-stream
annex_imaging/image_to_program_predictions/zel039_aec7/cp448_ridge__fold1_seed0.npz,prediction_dump,819890,e1f58233be03eed029fdbf5432d5dbecd4cfabeee1914cf5fa7a02afa5520d6e,application/octet-stream
annex_imaging/image_to_program_predictions/zel039_aec7/cp448_ridge__fold2_seed0.npz,prediction_dump,817690,3be906d5a77821cbb10ae8d9fc3be928eb8f50ab457d1eb4c83bffcabc2869e5,application/octet-stream
annex_imaging/image_to_program_predictions/zel039_aec7/cp448_ridge__fold3_seed0.npz,prediction_dump,827317,38dc99794c9bf1a558d9a0429fa8c629acf43fe57520861497e6f55be32678ed,application/octet-stream
annex_imaging/image_to_program_predictions/zel039_aec7/cp448_ridge__fold4_seed0.npz,prediction_dump,822090,4a8e63a14b81b8e3ef15941e1c444d9d3f83cea9a5f4125ab34e9e367e9d12ae,application/octet-stream
annex_imaging/image_to_program_predictions/zel039_aec7/if448_mlp__fold0_seed0.npz,prediction_dump,839967,d8e4d01fc46331fe3fb8a7041ce6b45042089acf1d2c7dd98211c3fe1f6cabb3,application/octet-stream
annex_imaging/image_to_program_predictions/zel039_aec7/if448_mlp__fold0_seed1.npz,prediction_dump,839967,3b2d2ef97eda18ec823fc2459190942ac4ea4b72e71917584a298d28272a05c8,application/octet-stream
annex_imaging/image_to_program_predictions/zel039_aec7/if448_mlp__fold0_seed2.npz,prediction_dump,839967,ad07d7506ac9eb75f10d5d026c95fad232fbcc03f245954d945e07fe0d8dea71,application/octet-stream
annex_imaging/image_to_program_predictions/zel039_aec7/if448_mlp__fold1_seed0.npz,prediction_dump,819890,4272e21f5e3b3eb1784e001f38d7122847137d1af7ca017d56ad1e57295827f9,application/octet-stream
annex_imaging/image_to_program_predictions/zel039_aec7/if448_mlp__fold1_seed1.npz,prediction_dump,819890,43c09801d264a2b72f69f874ad9db9763a9b7fc96eecfbfc4bc4f004f477b545,application/octet-stream
annex_imaging/image_to_program_predictions/zel039_aec7/if448_mlp__fold1_seed2.npz,prediction_dump,819890,926a0f199b77fea408d5a3646ebf92e797c475a2964e52cfb5e50768c93a85e4,application/octet-stream
annex_imaging/image_to_program_predictions/zel039_aec7/if448_mlp__fold2_seed0.npz,prediction_dump,817690,e7c3c2b89400b26606454c4389062b5077c354f735bd0e22e7353cd4c427f48e,application/octet-stream
annex_imaging/image_to_program_predictions/zel039_aec7/if448_mlp__fold2_seed1.npz,prediction_dump,817690,4feccf20445479b887ff490e23537357acf1f226879466a2aa9cee89ff4337d6,application/octet-stream
annex_imaging/image_to_program_predictions/zel039_aec7/if448_mlp__fold2_seed2.npz,prediction_dump,817690,8510490ebe7246b4562e37457733fe94a491c1a4e6aed981cd9f75e1ef1b85a9,application/octet-stream
annex_imaging/image_to_program_predictions/zel039_aec7/if448_mlp__fold3_seed0.npz,prediction_dump,827317,d819e6f841db33489c5e5207a8c5c5076cf6d06c737e05f8bf16cc7b5bae8503,application/octet-stream
annex_imaging/image_to_program_predictions/zel039_aec7/if448_mlp__fold3_seed1.npz,prediction_dump,827317,9257d064a06ee9f61add13b35227b150776709298b9af771fc502880cfc7d56e,application/octet-stream
annex_imaging/image_to_program_predictions/zel039_aec7/if448_mlp__fold3_seed2.npz,prediction_dump,827317,f1a3611fad0b056694420a6eff2e486841ad50b7db2f8ec8c77b7249ce72036a,application/octet-stream
annex_imaging/image_to_program_predictions/zel039_aec7/if448_mlp__fold4_seed0.npz,prediction_dump,822090,66aaf49de74f8e1b24142b9513ab9e81239eab126d0d9f144824908b0e38505a,application/octet-stream
annex_imaging/image_to_program_predictions/zel039_aec7/if448_mlp__fold4_seed1.npz,prediction_dump,822090,cd3d4488f940ff47882fd707ba2c02183ddacc9c4b5b3f21b114ec7ac70e4e5c,application/octet-stream
annex_imaging/image_to_program_predictions/zel039_aec7/if448_mlp__fold4_seed2.npz,prediction_dump,822090,af4019023d2716609d7fe5d05ced3a808640d9c75c2ab870c1d13255ccec80b8,application/octet-stream
annex_imaging/image_to_program_predictions/zel039_aec7/if448_ridge__fold0_seed0.npz,prediction_dump,839967,75ff576abe8f1a2d45e2235bad2d0fb4d316765e4d19fc918c6b0af23c0c1de8,application/octet-stream
annex_imaging/image_to_program_predictions/zel039_aec7/if448_ridge__fold1_seed0.npz,prediction_dump,819890,a0942a582d9dec6a26004325feca19f1e65ecac8d4cb642990a84539ac612b16,application/octet-stream
annex_imaging/image_to_program_predictions/zel039_aec7/if448_ridge__fold2_seed0.npz,prediction_dump,817690,7cfd2c824d9bf2bbe37c7db2ae806e9aa6fa2a201b0ba08f43ddab9fa48368c3,application/octet-stream
annex_imaging/image_to_program_predictions/zel039_aec7/if448_ridge__fold3_seed0.npz,prediction_dump,827317,e0f3df5b05635df0663133dc9ac62cd9349656c2988ad91677b4fe10c9bed351,application/octet-stream
annex_imaging/image_to_program_predictions/zel039_aec7/if448_ridge__fold4_seed0.npz,prediction_dump,822090,68468dd0a461fb26c657d9eb3edbb39d16ce4a8f0aed702b1860c4b214c5771f,application/octet-stream
annex_imaging/image_to_program_predictions/zel039_aec7/mean448_mlp__fold0_seed0.npz,prediction_dump,839967,e066d73fc390c71e25168d025a2c8deda7c487e2891bdf596233c9cc0fe7fd7b,application/octet-stream
annex_imaging/image_to_program_predictions/zel039_aec7/mean448_mlp__fold0_seed1.npz,prediction_dump,839967,e08c9646167266eb4a1ac507121f89deedeeadc8b6e2a183181d24da15a076b6,application/octet-stream
annex_imaging/image_to_program_predictions/zel039_aec7/mean448_mlp__fold0_seed2.npz,prediction_dump,839967,28603519b31fc094a832af8b5476cdf47a5140ed80298a05607a8f28b283d3d6,application/octet-stream
annex_imaging/image_to_program_predictions/zel039_aec7/mean448_mlp__fold1_seed0.npz,prediction_dump,819890,c1daa17d1ae23353ac95c1a2d30d2769d8c6472aa60e10283dcbf156e8b836f9,application/octet-stream
annex_imaging/image_to_program_predictions/zel039_aec7/mean448_mlp__fold1_seed1.npz,prediction_dump,819890,0b520114aed131505790095a46e8f3c2732804f9c96457f46f64325e677e3aef,application/octet-stream
annex_imaging/image_to_program_predictions/zel039_aec7/mean448_mlp__fold1_seed2.npz,prediction_dump,819890,ca45709f3287b1cd8ce0ed2474e82373aec42f6a4fa45877a4a2822e68b5af4d,application/octet-stream
annex_imaging/image_to_program_predictions/zel039_aec7/mean448_mlp__fold2_seed0.npz,prediction_dump,817690,7ff0d1bb08fe162d75d68a5b38f22138bfda07e27f054174b386fe9888ef8874,application/octet-stream
annex_imaging/image_to_program_predictions/zel039_aec7/mean448_mlp__fold2_seed1.npz,prediction_dump,817690,26e84142bcbe1b2ae70b805f7e42e978b2f157859a07adfc13fef44bc9f8f6b5,application/octet-stream
annex_imaging/image_to_program_predictions/zel039_aec7/mean448_mlp__fold2_seed2.npz,prediction_dump,817690,8bcba45eb6ae212005aadb8d545c0b4cdf153fe0b15f0bcae3e0d31566a9bff2,application/octet-stream
annex_imaging/image_to_program_predictions/zel039_aec7/mean448_mlp__fold3_seed0.npz,prediction_dump,827317,227fc2121ca36b74b7aa2aa540d5d4c47393e279a164c721f19a6de57c926696,application/octet-stream
annex_imaging/image_to_program_predictions/zel039_aec7/mean448_mlp__fold3_seed1.npz,prediction_dump,827317,9b8f46121f44d5aee0fab33bfcd2eda6489cf44e7fa40b72b7029c162753a875,application/octet-stream
annex_imaging/image_to_program_predictions/zel039_aec7/mean448_mlp__fold3_seed2.npz,prediction_dump,827317,613df19303e245c9108d305ed8956b243565a2f60f38a89447ce0b3694a709b4,application/octet-stream
annex_imaging/image_to_program_predictions/zel039_aec7/mean448_mlp__fold4_seed0.npz,prediction_dump,822090,971f7583fc9676ac3ea0aedddca3c12a6dd4b5d026efff727b6bc0bbbfc6384b,application/octet-stream
annex_imaging/image_to_program_predictions/zel039_aec7/mean448_mlp__fold4_seed1.npz,prediction_dump,822090,3869cfd42a97b5738d53af612dc4dc87098ec1955df2ab276961ece7e18b586e,application/octet-stream
annex_imaging/image_to_program_predictions/zel039_aec7/mean448_mlp__fold4_seed2.npz,prediction_dump,822090,e09e0c48b38f4a9173a0af94664f7332a10c296e949946ed8f3d3673ac18cbd6,application/octet-stream
annex_imaging/image_to_program_predictions/zel039_aec7/mean448_ridge__fold0_seed0.npz,prediction_dump,839967,6ac430e583903222343436442f50480436cdb91082e9fbc5b2a27a578af8c7e0,application/octet-stream
annex_imaging/image_to_program_predictions/zel039_aec7/mean448_ridge__fold1_seed0.npz,prediction_dump,819890,89a2f3f809b64786d9097427e3193bfb3efcfb9f4bc408617dd18a801bf98f4f,application/octet-stream
annex_imaging/image_to_program_predictions/zel039_aec7/mean448_ridge__fold2_seed0.npz,prediction_dump,817690,b6a3430031bf0ac2efcde636c8a2d7f40845ba8a274301c9b993d88b63421aca,application/octet-stream
annex_imaging/image_to_program_predictions/zel039_aec7/mean448_ridge__fold3_seed0.npz,prediction_dump,827317,a7a37982756b31cadd62ba65980af3c0e6c817c102f73fd60a50a58c86fe0644,application/octet-stream
annex_imaging/image_to_program_predictions/zel039_aec7/mean448_ridge__fold4_seed0.npz,prediction_dump,822090,e91e835cfbda23bc7212aa56d622f408e330a5f53e887cc5ae96bacf39334fec,application/octet-stream
annex_imaging/image_to_program_predictions/zel039_aec7/scantype896_mlp__fold0_seed0.npz,prediction_dump,839967,930d9d32a18f1ec302cb1643dde89d19f8b4f8bf198838fc4b4f89a96c34b598,application/octet-stream
annex_imaging/image_to_program_predictions/zel039_aec7/scantype896_mlp__fold0_seed1.npz,prediction_dump,839967,650ae092da3e39ed38c888d2bd6d49969532ab962ed241521cbfae7725c63895,application/octet-stream
annex_imaging/image_to_program_predictions/zel039_aec7/scantype896_mlp__fold0_seed2.npz,prediction_dump,839967,6b3305c26ca1dfe70a33a4887abca75c38d9c81c140a805eeb1ce8585a3b0ded,application/octet-stream
annex_imaging/image_to_program_predictions/zel039_aec7/scantype896_mlp__fold1_seed0.npz,prediction_dump,819890,af06d8b5d16a0f10c5988a166fc0811fbb64e9444597c0721af0ac45dfe92b35,application/octet-stream
annex_imaging/image_to_program_predictions/zel039_aec7/scantype896_mlp__fold1_seed1.npz,prediction_dump,819890,8495f273b40b157aea3bb067880b63d7c25df918c148f55e7e95a71d69495ee2,application/octet-stream
annex_imaging/image_to_program_predictions/zel039_aec7/scantype896_mlp__fold1_seed2.npz,prediction_dump,819890,a6c13b6bb01f77314d1b3cacd3b372c0aa2b6964ed2366f477027dc514600f65,application/octet-stream
annex_imaging/image_to_program_predictions/zel039_aec7/scantype896_mlp__fold2_seed0.npz,prediction_dump,817690,431e52a73cd39b7894f9943f14e2edf71d71dcf5f9a906a282910f54d4468a23,application/octet-stream
annex_imaging/image_to_program_predictions/zel039_aec7/scantype896_mlp__fold2_seed1.npz,prediction_dump,817690,b9a2fd3c613ec273624cf0bbb58ece6c614ec06c2d11523ace6ea92efdd0bf66,application/octet-stream
annex_imaging/image_to_program_predictions/zel039_aec7/scantype896_mlp__fold2_seed2.npz,prediction_dump,817690,d6ceeebe3662f1f2260eb9a523e7bfa164ee9240f2be94b3a83656e3b553b1b5,application/octet-stream
annex_imaging/image_to_program_predictions/zel039_aec7/scantype896_mlp__fold3_seed0.npz,prediction_dump,827317,e6ee86cfceb3768a6e45c946dd9bd80d34eaace09f73be3a1e81242a6808f9c0,application/octet-stream
annex_imaging/image_to_program_predictions/zel039_aec7/scantype896_mlp__fold3_seed1.npz,prediction_dump,827317,2ce3c9b8dbfb15df50eef9c7a61d4ff53a54355d1e2fbfb0c25f74ad8ece2b6f,application/octet-stream
annex_imaging/image_to_program_predictions/zel039_aec7/scantype896_mlp__fold3_seed2.npz,prediction_dump,827317,41513fbd708483dae6c6ef9e050a57d93351db4abd03ed0d4f66de6d0f2589ce,application/octet-stream
annex_imaging/image_to_program_predictions/zel039_aec7/scantype896_mlp__fold4_seed0.npz,prediction_dump,822090,a37b7792bd0c109790f989268f27ddf5cad10d882d9e07ea6da7533b96cca2a1,application/octet-stream
annex_imaging/image_to_program_predictions/zel039_aec7/scantype896_mlp__fold4_seed1.npz,prediction_dump,822090,c6b358571ff3582af78c020d3da774dcd9a0022a9881d333c59fd15590bd182f,application/octet-stream
annex_imaging/image_to_program_predictions/zel039_aec7/scantype896_mlp__fold4_seed2.npz,prediction_dump,822090,ebb542f61ccf70dcab3f62b94032194fc009bdd2c50592dafd65afe2e88c1138,application/octet-stream
annex_imaging/image_to_program_predictions/zel039_aec7/scantype896_ridge__fold0_seed0.npz,prediction_dump,839967,18f460761f816f4c3d7ac6d886b2cedd844ef7d2b4ddfbadf763297d71ed47e5,application/octet-stream
annex_imaging/image_to_program_predictions/zel039_aec7/scantype896_ridge__fold1_seed0.npz,prediction_dump,819890,18440d674564b42c09b1e22ac6be92411f96e8e9560cd28de54b54e67a8b447b,application/octet-stream
annex_imaging/image_to_program_predictions/zel039_aec7/scantype896_ridge__fold2_seed0.npz,prediction_dump,817690,72f57d951bf659202b796f416d6665c295806747d60fe83b9e82f223c7f04340,application/octet-stream
annex_imaging/image_to_program_predictions/zel039_aec7/scantype896_ridge__fold3_seed0.npz,prediction_dump,827317,398dfa62f43388b5707349c4f1d7b9ebbcf3e8c4e0a134d8287ecafa2efe7370,application/octet-stream
annex_imaging/image_to_program_predictions/zel039_aec7/scantype896_ridge__fold4_seed0.npz,prediction_dump,822090,246cb22f165522cd05914ee10af64e97241bf046875bf15c3e51c8ef38862592,application/octet-stream
annex_imaging/marker_program_association.csv,evidence_table,149791,165375818e0df8cdfa131545920860d0ffc129a24e719c942d56c7074de04051,text/csv
annex_imaging/marker_program_depth_stratified.csv,evidence_table,206,d598e6512686129026f2582b8ac122ced521267c2b41d630567f227834512ed1,text/csv
annex_imaging/prediction_score_summary.csv,evidence_table,11088,6df08bc3a49feddc5095bd6bd60302eddb19dce42adad9e48de094b8af7c2ebc,text/csv
annex_imaging/reliability/embedding_reliability_audit.json,reliability_audit,1226,832610bcecdb13b6ebcc59f106b64a7245e588861a1d07c48d99455145e6d4e2,application/json
annex_imaging/reliability/marker_reliability_audit.json,reliability_audit,3754,be5bfe81cd9d11f9253d9908643f0198d4a8d0130f6ebf5aa6a291fd98f1ce19,application/json
annex_imaging/zel024_compound_embeddings.parquet,imaging_embeddings,130427798,b8d6d232fe0c450ef57e34dc133e5c5d8994459f0d4c856eadfc99f2880cde4a,application/vnd.apache.parquet
annex_imaging/zel024_compound_intensity.parquet,marker_intensity,540144,c36437c3803b91986534dc74e6bc7790417c9f74182c6b0e8cb0d205e8396649,application/vnd.apache.parquet
annex_imaging/zel031_compound_embeddings.parquet,imaging_embeddings,117370557,a46510fe9c9761d7441e97fe613fc7619d540cdb48c899e098702234f30b1717,application/vnd.apache.parquet
annex_imaging/zel031_compound_intensity.parquet,marker_intensity,504543,396ae1f87db8bfdef7cd589fba3f05bef8f5d8ff8217c64535f6b80a63171d08,application/vnd.apache.parquet
annex_imaging/zel039_imaging_latents.parquet,imaging_latents,212648788,6553dd1bcec674fd544a07079859b0daf95e0ad508a310c9b4d7027193d31ade,application/vnd.apache.parquet
annex_same_well/README.md,annex_readme,7647,f09ebfdcc400fb71bfe0bde5aded995b25d3185bc77119dced85cd0c04ba0091,text/markdown
annex_same_well/control_compound_map.csv,control_compound_map,1460,9621b48509b47af53391f0c5e016937ae111748741863126648088b1380da34c,text/csv
annex_same_well/evidence/cross_modal_regimes.csv,evidence_table,617,a08342f57edb808996362251025eb8ac21748f846e1e134079cf994180660c56,text/csv
annex_same_well/evidence/learning_curve.csv,evidence_table,858,4a514554d7278b9e60e5850cd285ceb4c7f43d020b8e69206914b24a53b5cbe0,text/csv
annex_same_well/evidence/learning_curve.png,evidence_figure,54142,ab4a8769336b5351b7e25188a6bde4ca6f3bc992db0e51644f3832c5fc2f79ab,application/octet-stream
annex_same_well/evidence/per_control_coupling.csv,evidence_table,4229,e9b2bdbd9d8a37edaeea57f2bd4d821521ccf8d362588af336bbe9727770b1a5,text/csv
annex_same_well/same_well_detections.parquet,same_well_table,38336565,a789fc0bc9e3b660a28366f7f7ddffd4b0fd53e1bd1543843e8ed8061f6fc2b9,application/vnd.apache.parquet
annex_same_well/same_well_wells.parquet,same_well_table,29983979,8e0b10c8edf59f123300c0e598d68b793606fb979e2bc244d15ac6490550ca1d,application/vnd.apache.parquet
core/basis/basis_registry.json,basis_registry,1042,4d2d13c700e73516d38ff4e5a5aab1967c7690c754e7fce234f01f4f5a94c223,application/json
core/basis/shared_basis_k12.npy,shared_basis,288128,17f9ead64a4a34d3920a65cf0cca093d3762d7dfcb8cddeaca877cbdeb2b72bc,application/octet-stream
core/basis/shared_basis_k32.npy,shared_basis,768128,af9fbac859cceefe6d291f16863755581a4f0d759aba6ff156179a96bd5f45fa,application/octet-stream
core/benchmark/README.md,benchmark_readme,3247,ec804a215c1214a1609a381e1abb340b90869136563de509fd4adeac2ac71112,text/markdown
core/benchmark/correction_arm.csv,benchmark_table,2343,0f7f6e2410d7e8e2d4f75c077b185a7eead3b41df7787474f21086cc02db38ec,text/csv
core/benchmark/cross_context_probe.csv,benchmark_table,2369,2f06ce3c6cfcc33ed01437f353c1cd989fcda252d86d5557f53eef3c56d4ef98,text/csv
core/benchmark/k_resolution.csv,benchmark_table,8131,00089489e1926ab34a0508d70fb702a5d3f96b4f82cac1becd89a3e2af92cfc2,text/csv
core/benchmark/per_context_comparison_k32.csv,benchmark_table,2991,6e0ef925a1d47d19e4fcd406adc0405e20515df5881b7ea353b77a3b5aa31c41,text/csv
core/benchmark/program_signal_concentration.csv,benchmark_table,689,af72f1a71b1a2ba9b763fa461aac7c2120eeed6a13db851b86fd1cb242b9b3df,text/csv
core/benchmark/program_space_primary.csv,benchmark_table,16232,6cdaf7d5873c6c34e3eec6af4a63b52626206ee12972efbaaad1721566f53eed,text/csv
core/recipes.parquet,recipes_table,2363526,cc4d1721a3608b05818d5c2ae697bf66697542f050624f6040414363bfa55924,application/vnd.apache.parquet
core/splits/fold_assignments.parquet,fold_assignments,2020749,87ba222608cf844748c0b47075120b9fb64dee6a1fb9c9ee0c799a4fc9abf920,application/vnd.apache.parquet
core/surfaces/harmonized_6000_genes.parquet,gene_panel_definition,117204,6e42e8b6f88d25321d4dfb3d9ec8fed7f96cf570e17f2380388b056ccd4074e3,application/vnd.apache.parquet
core/surfaces/surfaces_zel024_h1650.npy,core_surface_matrix,256464128,9ad35209090a31f45c17187098c8e9541231d190dee32be592bcf321a6fdaaaa,application/octet-stream
core/surfaces/surfaces_zel024_hek293.npy,core_surface_matrix,333936128,ab76b6f04baa7bda7e9f208703462768a54f26ff37b836959e49553e880c2670,application/octet-stream
core/surfaces/surfaces_zel028_a549.npy,core_surface_matrix,974928128,b8f76d6f38125bc6bca99f4c4d9ab43b8452be6fe4618bcf4a73df6a57514d86,application/octet-stream
core/surfaces/surfaces_zel028_h1650.npy,core_surface_matrix,621744128,35d42f78af94a1f0bbb790260f57ba7cf33b972b9455ffe972ad2c3015986872,application/octet-stream
core/surfaces/surfaces_zel028_hek293.npy,core_surface_matrix,1473504128,f18d203afce6c7845c410314a5aafdebaf4989ea77f230ba76fbeded85695d47,application/octet-stream
core/surfaces/surfaces_zel031_a549.npy,core_surface_matrix,199704128,cc0379c150ac5b958fcba3447ae6894b689ba9ec89fc4cf9a6a1a41299d34505,application/octet-stream
core/surfaces/surfaces_zel031_thp1.npy,core_surface_matrix,216984128,3d2874ba34203dad3b1d60983d6169327a3cb342ab1577ec2567325727baab3c,application/octet-stream
core/surfaces/surfaces_zel039_aec7.npy,core_surface_matrix,499512128,ee0b07f1cd52de2dbc845035c81a4b006e7727e94a6166b9b77d3599f6122cb1,application/octet-stream
core/surfaces/zel024_h1650_compounds.parquet,core_surface_keys,130846,5c83e50ae75a898f4f2349fee406d2f9d73e470f6e9b696ef7edde47621d5c0b,application/vnd.apache.parquet
core/surfaces/zel024_hek293_compounds.parquet,core_surface_keys,169252,a97bd4c8f95ffcd33ac64e522474e940f75199e161929ccf0cfc0fa1aab60409,application/vnd.apache.parquet
core/surfaces/zel028_a549_compounds.parquet,core_surface_keys,489145,b7ee9f0367f6954891ae550e9c487283b7fafb8b2cdd8548055770c949b81327,application/vnd.apache.parquet
core/surfaces/zel028_h1650_compounds.parquet,core_surface_keys,312632,41db36cbc357f74936a8c7adfc657445661fc834c13204e5eeb476a953ab0bf2,application/vnd.apache.parquet
core/surfaces/zel028_hek293_compounds.parquet,core_surface_keys,719759,a7b0215dcbc22f151dfa70fe9c2cac53207c99f507d77ffe10ed769e0adb3821,application/vnd.apache.parquet
core/surfaces/zel031_a549_compounds.parquet,core_surface_keys,102930,78952a301881cad48cde036d29788673c918f3741c757bbd600979921fdb7d18,application/vnd.apache.parquet
core/surfaces/zel031_thp1_compounds.parquet,core_surface_keys,111272,5954e98f887ab727c611b47a5e2d6b4282a54a7403fcc1f3e241e3dfe33461da,application/vnd.apache.parquet
core/surfaces/zel039_aec7_compounds.parquet,core_surface_keys,253263,eb52801eb73650d1863a5e4094fc6ae3aa96e192b8013a2771f94df827d44365,application/vnd.apache.parquet
core/usages/usages_zel024_h1650.npy,core_usage_matrix,1367936,d2e91f38b33f783bb0459acc6fa4a38e58572103e75c692abb8f9a2686e7b066,application/octet-stream
core/usages/usages_zel024_h1650_compounds.parquet,core_usage_keys,130846,5c83e50ae75a898f4f2349fee406d2f9d73e470f6e9b696ef7edde47621d5c0b,application/vnd.apache.parquet
core/usages/usages_zel024_hek293.npy,core_usage_matrix,1781120,8a226015da6faa0d9ba896016aa045cb94c280420edb20fdcc814e62c445ce7b,application/octet-stream
core/usages/usages_zel024_hek293_compounds.parquet,core_usage_keys,169252,a97bd4c8f95ffcd33ac64e522474e940f75199e161929ccf0cfc0fa1aab60409,application/vnd.apache.parquet
core/usages/usages_zel028_a549.npy,core_usage_matrix,5199744,6aa6d67c5b5d2670672ce77470e5a52d18ec427edd4b58460886ace0a8e7db8a,application/octet-stream
core/usages/usages_zel028_a549_compounds.parquet,core_usage_keys,489145,b7ee9f0367f6954891ae550e9c487283b7fafb8b2cdd8548055770c949b81327,application/vnd.apache.parquet
core/usages/usages_zel028_h1650.npy,core_usage_matrix,3316096,890667e4533c48f2b4227501fe07bfaa355d495a23bb814a1b481fa5cb447bef,application/octet-stream
core/usages/usages_zel028_h1650_compounds.parquet,core_usage_keys,312632,41db36cbc357f74936a8c7adfc657445661fc834c13204e5eeb476a953ab0bf2,application/vnd.apache.parquet
core/usages/usages_zel028_hek293.npy,core_usage_matrix,7858816,ee955310dde3ddd8e6d2f641ff8c0a6ab0055fbd15fe771d9795e8d6a43668de,application/octet-stream
core/usages/usages_zel028_hek293_compounds.parquet,core_usage_keys,719759,a7b0215dcbc22f151dfa70fe9c2cac53207c99f507d77ffe10ed769e0adb3821,application/vnd.apache.parquet
core/usages/usages_zel031_a549.npy,core_usage_matrix,1065216,9ebb2f889465b8683a6a11174c5bec200040a6fbd594eec7b1f1516a01c6c09f,application/octet-stream
core/usages/usages_zel031_a549_compounds.parquet,core_usage_keys,102930,78952a301881cad48cde036d29788673c918f3741c757bbd600979921fdb7d18,application/vnd.apache.parquet
core/usages/usages_zel031_thp1.npy,core_usage_matrix,1157376,48846cd75a485b1a21331f0f934c59a80fcf8c05b2cba8f4d3a7b9c5e33cf6bd,application/octet-stream
core/usages/usages_zel031_thp1_compounds.parquet,core_usage_keys,111272,5954e98f887ab727c611b47a5e2d6b4282a54a7403fcc1f3e241e3dfe33461da,application/vnd.apache.parquet
core/usages/usages_zel039_aec7.npy,core_usage_matrix,2664192,aba786a5e110fd591cce0016de8712120d15bfa8eab6c5e46121a6582f67e396,application/octet-stream
core/usages/usages_zel039_aec7_compounds.parquet,core_usage_keys,253263,eb52801eb73650d1863a5e4094fc6ae3aa96e192b8013a2771f94df827d44365,application/vnd.apache.parquet
docs/DATA_DICTIONARY.md,dictionary_doc,23219,7432f4ec25311d83a78f9a6e9cbbd1e83e73269f7d1c4dc3954d46a303579cdc,text/markdown
docs/METHODS.md,methods_doc,7965,2c544e4b71fb5f4155918baafe72da131130364ea919f94a6eab101249732be3,text/markdown
docs/REPRODUCTION.md,reproduction_doc,5121,1fa79060f37298f513039491f0b235b2ce58c1466a9d239fec9c6e23deaaf500,text/markdown
docs/SCIENTIFIC_OVERVIEW.md,overview_doc,8338,634c3103e5c2317930f18f7106559758d0a3791a94b9761b94e350f01b166a1b,text/markdown
docs/WHY_THIS_MATTERS.md,design_argument,10140,2f64d4bf48ef64c5ab142a81b32c336d91234de4fe4b6ed6eaf96ff7bb0b0dcd,text/markdown
docs/terminology.json,terminology_registry,16762,d814e94abc46721e742fdbd8e6170fa21a5805be911056fc9b9978e72af8f351,application/json
environment.lock,packaging_meta,359,67b9e02a43aec2a07424028a119b4fa750a3040f05363913885754efc6d070fa,text/plain
examples/01_quickstart_usages.ipynb,example_notebook,10912,4a72a92d3293a014e5d63dcee4760d34e55d99935244a2ca8630defafb111ecd,application/x-ipynb+json
examples/02_reproduce_benchmark.ipynb,example_notebook,9627,7bfd5009efb252a204a733118a49423029e69890275e53f1031eb6f92c32fd8a,application/x-ipynb+json
examples/03_browse_hypotheses.ipynb,example_notebook,15273,a7e040bc89aa4ee65d757409031c22f49e93b423765dbc480308ccf5d571debb,application/x-ipynb+json
examples/04_join_imaging.ipynb,example_notebook,8997,d207aa8be9293cd0020006176b123aa5160e06edb7ba08a8889e408312ac6df9,application/x-ipynb+json
models/README.md,model_readme,6273,1acf9c29a33ad7ec7675b170c93484d76b721c02d0c27ee6dbb267de3b594fc5,text/markdown
models/bb_embedding_table.parquet,bb_embedding_table,463353,e42a942c784562f4a463914dd9576a23e00f688aa7919d8875bff759af60ca2d,application/vnd.apache.parquet
models/context_token_trunk_reference_eval_v1_seed0.pt,reference_checkpoint,1931757,c3fcf38be672813c66ba41a31d1ee149fce03d358019d9ac1c544b0da535e06e,application/octet-stream
models/context_token_trunk_reference_eval_v1_seed1.pt,reference_checkpoint,1931757,4c37ecb91ca97ee0d4bd6635818a1ad30960a511a01e3ab6b6cbebd8e90f3f77,application/octet-stream
models/context_token_trunk_reference_eval_v1_seed2.pt,reference_checkpoint,1931757,8995777a8f0eb12eb40048b99ee710529f1d35817c29e0a179acd1476b5b7c47,application/octet-stream
models/golden_predictions.json,golden_predictions,32499,5cc9d73393de87642bf766699bd405b872fc8fdca9193fdfa7ca8bce6329cbe2,application/json
models/model_def.py,model_definition,7163,18ca256cd90e223672e0899b31e841b5c1ac4a7d4f62634825e4a02324bbc8a0,text/x-python
models/predict.py,model_inference,7588,57c295082ad4a34b94a011276f4d06cee48a6cbee5a7e00c2e2787fe121bb438,text/x-python
pyproject.toml,packaging_meta,651,5ad3f4a14628de01e115e4fd7702548f2878bbdeade3930ee1c5a2b566ef14fa,application/toml
src/zscreen_program_package/__init__.py,loader_source,303,612db22b176fea486f53ea686d740439480ff296b9bc63130be8f2c8f69749c1,text/x-python
src/zscreen_program_package/cli.py,verifier_source,1012,acf126fb9bac8ea7527d008a4b28f65b2ea1efe6901d9de162d0cbd1d5173030,text/x-python
src/zscreen_program_package/data.py,loader_source,4584,be25156809015f72d48fab56414b0d927a8e3bf22822fc860e9106468890b7bd,text/x-python
src/zscreen_program_package/verify.py,verifier_source,11758,64cbfefcb297ab201dfcc081d3d7d4638ae30705ec0c3b4e280bfa644d129afd,text/x-python
verify.py,verifier_source,1127,22c5cc9137bb0d57bfae4ea1923b264c62f4965fad219bf37785cbe449abd745,text/x-python
annex_phenomimicry/README.md,annex_readme,7571,2395f1a1da21c92ec4ba9476f766ea91802ece988e67fd7b0c04e341566d7621,text/markdown
annex_phenomimicry/phenomimic_pairs.parquet,hypothesis_table,11662798,d0e6682b8025339ef560b503a2cefc201c4a32e79f8d3e144068d54f1cd34120,application/vnd.apache.parquet
annex_phenomimicry/antimimic_pairs.parquet,hypothesis_table,15137106,a04453529993f4331d6a4b80aa87c0e817b07aa7f0071a1e0b3a471b4a458fde,application/vnd.apache.parquet
annex_phenomimicry/showcase_hits.csv,hypothesis_table,491738,e33bb4eca42c2600f06e4b8ea76a0bb528cd3b42b7e31d112c8b190ccf0d69db,text/csv
annex_phenomimicry/top100_phenomimics.csv,hypothesis_table,9571,ba2e777fb2b5efdc6ea82521e278fa3891ba2d6869f30787f425fb9a3541543b,text/csv
annex_phenomimicry/top100_family_summary.csv,hypothesis_table,990,f70e4e3adbca6317b506655fa05620cda632e841b88b0b8b24937e5107cae92f,text/csv
annex_phenomimicry/validation_empirical_p.csv,hypothesis_table,209022,76913d330f8a519dc1cce88975f4ae574f12984df4cea92673277c0151c86db8,text/csv
annex_phenomimicry/target_hubness.csv,hypothesis_table,796690,cd40f88e00a3dee552ccf18c9389d7191039de3faad096a0fcf2387a410a421a,text/csv
