program_group_id,context,primary_program,n_programs_merged,member_programs,theme_family,named_theme,top_genes,top_gene_sets,driving_bb_levels,n_bb_levels_q05,anchor_control,anchor_top3_controls,crispr_ko_links,member_compounds_usageZ_ge1,mean_abs_usage,frac_deep_top500,library_frac_deep,depth_tier_skew_flag,ica_median_abs_cos,confidence_tier,focus_experiment
ZEL024-G01,zel024_hek293,P1,21,P1;P3;P5;P6;P8;P9;P10;P12;P15;P16;P17;P18;P21;P22;P23;P24;P25;P26;P27;P29;P32,Myc/E2F proliferation,MSigDB_Hallmark_2020:Myc Targets V1,"XIST,PRKDC,MALAT1,CANX,NUCKS1,EIF3A,NAP1L1,CSDE1",MSigDB_Hallmark_2020:Myc Targets V1(q=7.3e-05); MSigDB_Hallmark_2020:E2F Targets(q=4.9e-04),bb1:BB_8873714086[pos](q=4.9e-174); bb1:BB_6601289516[neg](q=5.6e-97),40,HTH-01-015(z=+2.29),HTH-01-015(+2.3); KME-2780(+2.3); sorafenib(+1.9),CDK6(pathway |z|~12); CDK9(pathway |z|~7); EIF2AK4(pathway |z|~12); SETD7-KO mimic scaffold (zel024 tiered SAR),2454,4.8407979011535645,0.648,0.3145752479517033,True,0.9256318807601928,measured-anchored,Cell-cycle cytometry + E2F reporter on top-usage compounds
ZEL024-G02,zel024_hek293,P2,1,P2,translation/ribosome,Reactome_2022:SRP-dependent Cotranslational Protein Targeting To Membrane R-HSA-1799339,"MT-CO3,MT-CO2,MT-CYB,XIST,TMBIM6,GAS5,MT-CO1,CANX",Reactome_2022:SRP-dependent Cotranslational Protein Targeting To Membrane R-HSA-1799339(q=6.6e-13); Reactome_2022:Eukaryotic Translation Elongation R-HSA-156842(q=1.1e-11),bb1:BB_4347926671[pos](q=3.1e-103); bb2:BB_5290020531[pos](q=1.9e-75),32,sorafenib(z=-2.66),sorafenib(-2.7); HTH-01-015(-2.2); GCN2-IN-7(+1.8),PIK3CA/JAK2/PTPN11/CDK6 mimic scaffold (zel024 tiered SAR),2219,1.6041052341461182,0.244,0.3145752479517033,False,0.6415933966636658,grammar-level,Puromycin incorporation (SUnSET) on carrier vs non-carrier compounds
ZEL024-G03,zel024_hek293,P4,1,P4,HSF1/heat-shock,MSigDB_Hallmark_2020:Myc Targets V1,"XIST,JUN,HSPA1B,SOX4,FP236383.3,ACTB,DNAJB1,HSP90AB1",MSigDB_Hallmark_2020:Myc Targets V1(q=4.5e-06); Reactome_2022:Attenuation Phase R-HSA-3371568(q=6.4e-05),bb1:BB_4347926671[neg](q=3.7e-95); bb0:BB_4932061249[pos](q=3.0e-76),35,CP-673451(z=+2.61),CP-673451(+2.6); XL019(+2.4); sorafenib(+2.2),CDK6(pathway |z|~12); METTL3(pathway |z|~12); PIK3CA/JAK2/PTPN11/CDK6 mimic scaffold (zel024 tiered SAR),2246,1.285075545310974,0.284,0.3145752479517033,False,0.5443904995918274,grammar-level,HSF1 reporter / HSPA1A qPCR on carrier compounds vs position-matched non-carriers
ZEL024-G04,zel024_hek293,P7,1,P7,RNA processing/splicing,MSigDB_Hallmark_2020:Unfolded Protein Response,"FP236383.3,MALAT1,FUS,NCL,NONO,CANX,APP,HNRNPU",MSigDB_Hallmark_2020:Unfolded Protein Response(q=2.4e-03); KEGG_2021_Human:Protein processing in endoplasmic reticulum(q=3.3e-03),bb3:BB_5008846823[pos](q=7.8e-251); bb3:BB_0896893626[pos](q=2.1e-183),27,sorafenib(z=+2.91),sorafenib(+2.9); GCN2-IN-7(-2.5); CP-673451(+2.2),CDK6(pathway |z|~12); CDK7(pathway |z|~13); CDK9(pathway |z|~7),2165,0.7918349504470825,0.314,0.3145752479517033,False,0.5884818434715271,grammar-level,m6A quantification / splicing reporter on carrier compounds
ZEL024-G05,zel024_hek293,P11,1,P11,translation/ribosome,Reactome_2022:Selenocysteine Synthesis R-HSA-2408557,"RPS29,UBA52,RPL37,XIST,COX7C,TMA7,RPL38,FAU",Reactome_2022:Selenocysteine Synthesis R-HSA-2408557(q=3.1e-22); Reactome_2022:Peptide Chain Elongation R-HSA-156902(q=3.1e-22),bb3:BB_4111522701[pos](q=2.5e-254); bb3:BB_9543364413[neg](q=5.2e-219),25,GCN2-IN-7(z=+3.35),GCN2-IN-7(+3.3); N-deshydroxyethyl dasatinib(+2.6); CP-673451(+1.7),,1766,0.6150762438774109,0.142,0.3145752479517033,True,0.662276029586792,grammar-level,Puromycin incorporation (SUnSET) on carrier vs non-carrier compounds
ZEL024-G06,zel024_hek293,P13,1,P13,mito/OXPHOS (KEGG disease sets),KEGG_2021_Human:Prion disease,"HSPA1B,PLS3,HNRNPA2B1,FP236383.3,GAS5,FAU,DNAJA1,CCT6A",KEGG_2021_Human:Prion disease(q=3.2e-05); KEGG_2021_Human:Parkinson disease(q=8.0e-05),bb3:BB_7431615886[neg](q=2.4e-251); bb3:BB_7055283758[neg](q=2.6e-216),30,GCN2-IN-7(z=+3.21),GCN2-IN-7(+3.2); sorafenib(-2.7); HTH-01-015(-1.7),,2140,0.5878821611404419,0.04,0.3145752479517033,True,0.9495601654052734,grammar-level,Seahorse OCR on carrier vs non-carrier compounds
ZEL024-G07,zel024_hek293,P14,1,P14,immune/interferon,Reactome_2022:ER-Phagosome Pathway R-HSA-1236974,"FP236383.3,CD81,SLC3A2,TMED9,PDIA3,TMBIM6,ERGIC3,PLS3",Reactome_2022:ER-Phagosome Pathway R-HSA-1236974(q=2.4e-02); Reactome_2022:Antigen processing-Cross Presentation R-HSA-1236975(q=2.7e-02),bb3:BB_9507842734[neg](q=2.7e-223); bb3:BB_6210856258[pos](q=3.7e-80),33,STC-15(z=-2.82),STC-15(-2.8); CP-673451(-2.8); STM2457(-1.6),CDK6(pathway |z|~12); CDK7(pathway |z|~13); CDK9(pathway |z|~7),2265,0.5816797018051147,0.258,0.3145752479517033,False,0.5341215133666992,measured-anchored,IFN-stimulated-gene qPCR panel on top-usage compounds
ZEL024-G08,zel024_hek293,P19,1,P19,Myc/E2F proliferation,MSigDB_Hallmark_2020:Myc Targets V1,"HNRNPU,NCL,HSP90AA1,H3F3B,HSPA5,PKM,HNRNPH1,UBA52",MSigDB_Hallmark_2020:Myc Targets V1(q=2.0e-07); Reactome_2022:SARS-CoV-2 Infection R-HSA-9694516(q=8.2e-04),bb3:BB_9049784573[neg](q=6.4e-207); bb3:BB_4281749019[pos](q=1.7e-129),26,SMARCA ligand 1(z=+2.84),SMARCA ligand 1(+2.8); AZD-3463(-1.8); STM2457(+1.8),CDK6(pathway |z|~12); CDK9(pathway |z|~7); EIF2AK4(pathway |z|~12),2071,0.5476741194725037,0.286,0.3145752479517033,False,0.8113442063331604,grammar-level,Cell-cycle cytometry + E2F reporter on top-usage compounds
ZEL024-G09,zel024_hek293,P20,1,P20,mito/OXPHOS (KEGG disease sets),KEGG_2021_Human:Protein processing in endoplasmic reticulum,"CD81,MT-CO3,UBXN1,CANX,SF3B1,APP,SNRNP70,PLS3","KEGG_2021_Human:Protein processing in endoplasmic reticulum(q=7.5e-06); Reactome_2022:Antigen Presentation: Folding, Assembly, Peptide Loading Of Class I MHC R-HSA-983170(q=1.1e-02)",bb3:BB_8380388218[neg](q=3.4e-191); bb3:BB_2459734371[neg](q=9.2e-126),27,STC-15(z=-3.31),STC-15(-3.3); STM2457(-2.6); CP-673451(-1.5),,2030,0.5423824787139893,0.292,0.3145752479517033,False,0.747143566608429,measured-anchored,Seahorse OCR on carrier vs non-carrier compounds
ZEL024-G10,zel024_hek293,P28,1,P28,mito/OXPHOS (KEGG disease sets),KEGG_2021_Human:Prion disease,"SF3B1,EEF2,UBXN1,FUS,YBX1,MYL6,FP236383.3,COX7C",KEGG_2021_Human:Prion disease(q=3.2e-05); KEGG_2021_Human:Cardiac muscle contraction(q=7.3e-05),bb3:BB_9760256516[pos](q=2.5e-254); bb3:BB_0896893626[neg](q=1.1e-234),22,GCN2-IN-7(z=+2.72),GCN2-IN-7(+2.7); CP-673451(-2.3); HTH-01-015(-1.7),,1916,0.4816989302635193,0.184,0.3145752479517033,False,0.8329049348831177,grammar-level,Seahorse OCR on carrier vs non-carrier compounds
ZEL024-G11,zel024_hek293,P30,1,P30,mito/OXPHOS (KEGG disease sets),KEGG_2021_Human:Cardiac muscle contraction,"NDUFA1,PKM,FUS,RBM8A,HNRNPDL,USP33,LDHA,FP236383.3","KEGG_2021_Human:Cardiac muscle contraction(q=6.8e-04); Reactome_2022:Respiratory Electron Transport, ATP Synthesis By Chemiosmotic Coupling, Heat Production By Uncoupling Proteins R-HSA-163200(q=2.8e-03)",bb3:BB_9507842734[pos](q=2.5e-254); bb3:BB_7055283758[neg](q=4.7e-211),28,CP-673451(z=-3.07),CP-673451(-3.1); XL019(-2.0); AZD-3463(-1.7),,2055,0.4725125432014465,0.158,0.3145752479517033,True,0.9109951853752136,grammar-level,Seahorse OCR on carrier vs non-carrier compounds
ZEL024-G12,zel024_hek293,P31,1,P31,HSF1/heat-shock,MSigDB_Hallmark_2020:Myc Targets V1,"ACTB,HNRNPA2B1,DNAJB1,RBM3,SNHG5,NPM1,HSPA1B,EWSR1",MSigDB_Hallmark_2020:Myc Targets V1(q=3.9e-08); Reactome_2022:Attenuation Phase R-HSA-3371568(q=1.0e-03),bb3:BB_9543364413[neg](q=6.9e-201); bb3:BB_3866639127[neg](q=5.8e-200),25,N-deshydroxyethyl dasatinib(z=-3.29),N-deshydroxyethyl dasatinib(-3.3); STM2457(+2.3); ceritinib(-1.7),CDK6(pathway |z|~12); METTL3(pathway |z|~12),2156,0.4720641374588012,0.112,0.3145752479517033,True,0.7877862453460693,grammar-level,HSF1 reporter / HSPA1A qPCR on carrier compounds vs position-matched non-carriers
ZEL039-G01,zel039_aec7,P1,21,P1;P6;P8;P9;P12;P13;P14;P16;P17;P18;P20;P22;P23;P24;P25;P26;P27;P28;P29;P30;P32,translation/ribosome,Reactome_2022:L13a-mediated Translational Silencing Of Ceruloplasmin Expression R-HSA-156827,"SLC39A14,C16orf95,LINC00486,HSP90B1,HSPA5,CANX,ITGB1,NAP1L1",Reactome_2022:L13a-mediated Translational Silencing Of Ceruloplasmin Expression R-HSA-156827(q=1.1e-06); Reactome_2022:Disease R-HSA-1643685(q=1.2e-06),bb1:BB_7334588199[neg](q=3.3e-83); bb1:BB_2899866406[neg](q=1.9e-57),45,rucaparib(z=-1.92),rucaparib(-1.9); STC-15(-1.9); Capmatinib(-1.7),,5122,7.670537948608398,0.018,0.351270840340172,True,0.991318941116333,grammar-level,Puromycin incorporation (SUnSET) on carrier vs non-carrier compounds
ZEL039-G02,zel039_aec7,P2,1,P2,HSF1/heat-shock,Reactome_2022:Cellular Responses To Stress R-HSA-2262752,"HSP90AA1,HSPD1,HSPA1A,HSPH1,UBB,UBC,DNAJB1,DNAJA1",Reactome_2022:Cellular Responses To Stress R-HSA-2262752(q=4.2e-19); Reactome_2022:Cellular Responses To Stimuli R-HSA-8953897(q=8.1e-19),bb0:BB_2085420374[pos](q=0.0e+00); bb0:BB_0302650651[neg](q=2.5e-86),41,HTH-01-015(z=+2.96),HTH-01-015(+3.0); endoxifen(+2.3); BAY-293(+1.8),CDK6(pathway |z|~12); METTL3(pathway |z|~12); CDK2/CDK9/CDK6 anti-mimic scaffold (zel039 tiered SAR); CDK2/CDK6 mimic scaffold (zel039 tiered SAR),4002,1.6124016046524048,0.5,0.351270840340172,False,0.2084712088108062,measured-anchored,HSF1 reporter / HSPA1A qPCR on carrier compounds vs position-matched non-carriers
ZEL039-G03,zel039_aec7,P3,1,P3,immune/interferon,KEGG_2021_Human:Antigen processing and presentation,"SERPINE1,UBC,APP,KLF6,MT-RNR2,CANX,SQSTM1,HSPA5",KEGG_2021_Human:Antigen processing and presentation(q=2.1e-10); Reactome_2022:Cytokine Signaling In Immune System R-HSA-1280215(q=1.7e-08),bb2:BB_2197486312[pos](q=9.5e-148); bb1:BB_1748751977[pos](q=6.0e-120),36,BAY-293(z=+2.38),BAY-293(+2.4); endoxifen(+2.2); XL019(+2.1),CDK6(pathway |z|~12); CDK7(pathway |z|~13); CDK9(pathway |z|~7),3295,1.2184520959854126,0.466,0.351270840340172,False,0.0710079818964004,grammar-level,IFN-stimulated-gene qPCR panel on top-usage compounds
ZEL039-G04,zel039_aec7,P4,1,P4,stress response,Reactome_2022:Cellular Responses To Stimuli R-HSA-8953897,"SLC39A14,C16orf95,AC244102.4,APP,LINC00486,MALAT1,PCAT1,SWAP70",Reactome_2022:Cellular Responses To Stimuli R-HSA-8953897(q=3.4e-07); Reactome_2022:Cellular Responses To Stress R-HSA-2262752(q=8.6e-07),bb1:BB_2927121314[neg](q=7.3e-145); bb2:BB_0997424185[pos](q=3.0e-112),39,XL019(z=-2.77),XL019(-2.8); BGT226(+2.6); palbociclib(+1.8),,3240,1.1399646997451782,0.386,0.351270840340172,False,0.6511886119842529,grammar-level,ATF4/CHOP reporter; check depth-tier-matched compound sets
ZEL039-G05,zel039_aec7,P5,1,P5,translation/ribosome,Reactome_2022:Nonsense Mediated Decay (NMD) Independent Of Exon Junction Complex (EJC) R-HSA-975956,"SLC39A14,C16orf95,AC244102.4,CD9,PECAM1,LINC00486,CD59,ESAM",Reactome_2022:Nonsense Mediated Decay (NMD) Independent Of Exon Junction Complex (EJC) R-HSA-975956(q=1.7e-10); Reactome_2022:Response Of EIF2AK4 (GCN2) To Amino Acid Deficiency R-HSA-9633012(q=5.0e-10),bb0:BB_0302650651[pos](q=0.0e+00); bb0:BB_2085420374[neg](q=7.4e-118),46,STC-15(z=-2.38),STC-15(-2.4); BAY-293(-2.4); N-deshydroxyethyl dasatinib(-1.4),CDK2/CDK9/CDK6 anti-mimic scaffold (zel039 tiered SAR); CDK2/CDK6 mimic scaffold (zel039 tiered SAR),3172,1.1126903295516968,0.366,0.351270840340172,False,0.6930087804794312,measured-anchored,Puromycin incorporation (SUnSET) on carrier vs non-carrier compounds
ZEL039-G06,zel039_aec7,P7,1,P7,translation/ribosome,Reactome_2022:Peptide Chain Elongation R-HSA-156902,"RPL36,RPL37,ATP5F1E,RPS29,RPL39,RPL24,UBB,RPL35",Reactome_2022:Peptide Chain Elongation R-HSA-156902(q=2.1e-67); Reactome_2022:Selenocysteine Synthesis R-HSA-2408557(q=2.1e-67),bb1:BB_4318016053[neg](q=0.0e+00); bb1:BB_6304962667[neg](q=1.3e-110),28,CP-673451(z=+3.53),CP-673451(+3.5); palbociclib(+2.4); MK2-IN-1(-1.5),,2870,0.9589435458183287,0.002,0.351270840340172,True,0.340214729309082,grammar-level,Puromycin incorporation (SUnSET) on carrier vs non-carrier compounds
ZEL039-G07,zel039_aec7,P10,1,P10,stress response,Reactome_2022:Cellular Responses To Stress R-HSA-2262752,"TXN,TXNRD1,UBC,CHCHD2,HMOX1,NQO1,RPS27L,CTSB",Reactome_2022:Cellular Responses To Stress R-HSA-2262752(q=2.2e-17); Reactome_2022:Cellular Responses To Stimuli R-HSA-8953897(q=3.8e-17),bb0:BB_2315583918[pos](q=1.1e-160); bb1:BB_6304962667[neg](q=4.5e-69),43,XL019(z=-2.51),XL019(-2.5); HTH-01-015(-1.9); endoxifen(-1.8),,3190,0.8279827237129211,0.214,0.351270840340172,False,0.7815508246421814,grammar-level,ATF4/CHOP reporter; check depth-tier-matched compound sets
ZEL039-G08,zel039_aec7,P11,1,P11,translation/ribosome,KEGG_2021_Human:Coronavirus disease,"RPL23,CD63,RPL5,RACK1,TXN,CD59,RPLP0,RPL14",KEGG_2021_Human:Coronavirus disease(q=8.3e-29); Reactome_2022:Selenocysteine Synthesis R-HSA-2408557(q=9.4e-29),bb2:BB_2197486312[neg](q=5.2e-177); bb0:BB_6699958170[pos](q=7.9e-97),36,BAY-293(z=+2.77),BAY-293(+2.8); HTH-01-015(-2.7); SMARCA ligand 1(-1.7),,2727,0.7447534799575806,0.328,0.351270840340172,False,0.7924482226371765,grammar-level,Puromycin incorporation (SUnSET) on carrier vs non-carrier compounds
ZEL039-G09,zel039_aec7,P15,1,P15,translation/ribosome,Reactome_2022:Influenza Infection R-HSA-168255,"RPL5,ACTG1,GPX1,RPS7,TSPO,IGFBP7,SLC39A14,BTF3",Reactome_2022:Influenza Infection R-HSA-168255(q=7.5e-07); Reactome_2022:Peptide Chain Elongation R-HSA-156902(q=3.1e-06),bb0:BB_0302650651[pos](q=8.0e-163); bb1:BB_7794323333[pos](q=8.9e-141),28,XL019(z=+2.79),XL019(+2.8); SMARCA ligand 1(+2.4); BAY-293(-2.3),CDK2/CDK6 mimic scaffold (zel039 tiered SAR),3169,0.6386276483535767,0.124,0.351270840340172,True,0.8777681589126587,grammar-level,Puromycin incorporation (SUnSET) on carrier vs non-carrier compounds
ZEL039-G10,zel039_aec7,P19,1,P19,translation/ribosome,Reactome_2022:Eukaryotic Translation Termination R-HSA-72764,"MT-RNR2,ZFAS1,RPL7A,UQCRB,RPL36,RPL39,COX7C,DSTN",Reactome_2022:Eukaryotic Translation Termination R-HSA-72764(q=1.4e-20); Reactome_2022:Nonsense Mediated Decay (NMD) Independent Of Exon Junction Complex (EJC) R-HSA-975956(q=2.0e-20),bb1:BB_5372566179[neg](q=0.0e+00); bb2:BB_9643158810[pos](q=1.6e-240),30,Capmatinib(z=+2.78),Capmatinib(+2.8); BAY-293(-2.4); BGT226(+2.3),,2876,0.5625525712966919,0.1,0.351270840340172,True,0.4925931990146637,grammar-level,Puromycin incorporation (SUnSET) on carrier vs non-carrier compounds
ZEL039-G11,zel039_aec7,P21,1,P21,translation/ribosome,Reactome_2022:Eukaryotic Translation Elongation R-HSA-156842,"RPL10A,POLR2L,MMP1,COX7C,RPL18A,RAN,ATP5ME,IL13RA2",Reactome_2022:Eukaryotic Translation Elongation R-HSA-156842(q=6.1e-17); Reactome_2022:Selenocysteine Synthesis R-HSA-2408557(q=4.7e-16),bb1:BB_6304962667[neg](q=1.0e-259); bb1:BB_5372566179[pos](q=1.9e-112),31,STM2457(z=+2.22),STM2457(+2.2); ceritinib(+1.9); BGT226(-1.8),,2556,0.548966646194458,0.118,0.351270840340172,True,0.5808240175247192,measured-anchored,Puromycin incorporation (SUnSET) on carrier vs non-carrier compounds
ZEL039-G12,zel039_aec7,P31,1,P31,translation/ribosome,Reactome_2022:Peptide Chain Elongation R-HSA-156902,"C16orf95,SLC39A14,LINC00486,ATP5F1E,ELOB,HSPA8,RPL18A,ATP5MK",Reactome_2022:Peptide Chain Elongation R-HSA-156902(q=9.7e-21); Reactome_2022:Eukaryotic Translation Elongation R-HSA-156842(q=2.0e-20),bb1:BB_2899866406[pos](q=0.0e+00); bb1:BB_7794323333[neg](q=0.0e+00),18,CP-673451(z=-2.23),CP-673451(-2.2); XL019(-2.1); BGT226(+2.0),,2112,0.4564569294452667,0.024,0.351270840340172,True,0.8718078136444092,grammar-level,Puromycin incorporation (SUnSET) on carrier vs non-carrier compounds
ZEL031-G01,zel031_a549,P1,31,P1;P2;P4;P5;P6;P7;P8;P9;P10;P11;P12;P13;P14;P15;P16;P17;P18;P19;P20;P21;P22;P23;P24;P25;P26;P27;P28;P29;P30;P31;P32,ER/protein secretion,KEGG_2021_Human:Thyroid hormone synthesis,"MALAT1,LINC00486,FP236383.3,CANX,HSP90B1,MT-CYB,HSPA5,MT-ND1",KEGG_2021_Human:Thyroid hormone synthesis(q=7.1e-07); MSigDB_Hallmark_2020:Unfolded Protein Response(q=9.0e-07),bb0:BB_5574910360[pos](q=3.1e-79); bb0:BB_3103020399[pos](q=2.4e-62),59,GCN2-IN-7(z=-2.98),GCN2-IN-7(-3.0); AZD-3463(+2.9); HTH-01-015(+2.2),METTL3(pathway |z|~12); PTPN11(pathway |z|~12),1251,6.260844230651856,0.446,0.3995913952649922,False,0.8498069643974304,grammar-level,UPR reporter (XBP1 splicing) on carrier compounds
ZEL031-G02,zel031_a549,P3,1,P3,translation/ribosome,Reactome_2022:Selenocysteine Synthesis R-HSA-2408557,"RPS29,RPL37A,MIF,RPL28,RPS5,RPS20,RPL35A,RPS21",Reactome_2022:Selenocysteine Synthesis R-HSA-2408557(q=5.5e-60); Reactome_2022:Eukaryotic Translation Elongation R-HSA-156842(q=5.5e-60),bb1:BB_4729940582[pos](q=1.3e-94); bb1:BB_7049354374[pos](q=9.1e-62),62,CP-673451(z=+2.54),CP-673451(+2.5); HTH-01-015(-1.9); SMARCA ligand 1(-1.8),,1264,1.721093773841858,0.252,0.3995913952649922,False,0.1900213956832885,grammar-level,Puromycin incorporation (SUnSET) on carrier vs non-carrier compounds
