candidate_id,context,candidate_kind,n_members,within_phenotype_coherence,coherence_null_z,coherence_permutation_p,falloff_null_percentile,chemistry_within,ring1_similarity,driver_genes,evidence_tier,selection_note
bb0=BB_2085420374 & bb1=BB_5422857344,zel039_aec7,two_position_series,52,0.6013,2.371,0.0012038523274478,0.02,0.9739,0.4859,"HSP90AA1(+0.8364),HSPA1A(+0.8020),HSPD1(+0.7665),HSPH1(+0.7607),UBB(+0.7472),DNAJB1(+0.7416),UBC(+0.6664),HSP90AB1(+0.6645),DNAJA1(+0.6510),HSPB1(+0.6106),HSPA1B(+0.6065),HSPA8(+0.5864),HSPA6(+0.5019),CRYAB(+0.4706),HSPE1(+0.3749)",elite_sharp_sar,positive_control_calibration
bb0=BB_8506073726 & bb1=BB_5422857344,zel039_aec7,two_position_series,51,0.552,2.115,0.0016911258885576,0.03,0.9747,0.4668,"HSP90AA1(+0.5906),HSP90AB1(+0.5087),HSPH1(+0.5021),HSPD1(+0.5013),UBB(+0.4971),DNAJB1(+0.4634),HSPB1(+0.4590),DNAJA1(+0.4571),UBC(+0.4516),HSPA8(+0.4399),HSPA1A(+0.4278),HSPA1B(+0.3467),RPL29(+0.2879),HSPE1(+0.2760),MT-RNR2(+0.2715)",elite_sharp_sar,composite_rank_2_of_900
bb0=BB_2371372935 & bb1=BB_5573240869,zel039_aec7,two_position_series,53,0.3998,1.325,0.0084269662921348,0.0,0.9763,0.5356,"IGFBP1(+0.2349),PTX3(+0.1698),TMSB10(+0.1647),DDIT3(+0.1608),HSPA5(+0.1467),FTH1(+0.1323),MYDGF(+0.1322),RPS28(+0.1254),OST4(+0.1245),HSP90B1(+0.1239),ANXA2(+0.1229),MT2A(+0.1208),LGALS3(+0.1173),MANF(+0.1171),B2M(+0.1154)",elite_sharp_sar,composite_rank_3_of_900
bb0=BB_2371372935 & bb1=BB_7747778414,zel039_aec7,two_position_series,53,0.3643,1.142,0.0110926393029121,0.04,0.9725,0.2275,"IGFBP1(+0.3140),MANF(+0.2664),HSP90B1(+0.1916),GAS5(+0.1822),PTX3(+0.1789),HSPA5(+0.1788),DDIT3(+0.1745),TMEM258(+0.1723),SERPINE1(+0.1721),CRIP2(+0.1706),COX7A2(+0.1664),MT2A(+0.1622),OSTC(+0.1622),B2M(+0.1586),PPIB(+0.1573)",elite_sharp_sar,composite_rank_4_of_900
bb0=BB_2085420374 & bb1=BB_7747778414,zel039_aec7,two_position_series,52,0.5821,2.271,0.0013758312313689,0.01,0.9734,0.565,"HSPA1A(+0.7631),HSP90AA1(+0.6994),DNAJB1(+0.6820),UBB(+0.6645),HSPH1(+0.6583),HSPD1(+0.6233),HSPA1B(+0.5948),DNAJA1(+0.5647),UBC(+0.5583),HSP90AB1(+0.5431),HSPB1(+0.5031),HSPA8(+0.4873),HSPA6(+0.4703),CRYAB(+0.4118),ZFAND2A(+0.3305)",elite_sharp_sar,positive_control_calibration
bb0=BB_8506073726 & bb1=BB_7747778414,zel039_aec7,two_position_series,52,0.4185,1.423,0.0068791561568447,0.0,0.9726,0.4075,"HSP90AA1(+0.4752),DNAJB1(+0.4126),UBB(+0.4063),HSPH1(+0.4010),HSPA1A(+0.3927),HSP90AB1(+0.3899),DNAJA1(+0.3815),HSPD1(+0.3474),HSPA1B(+0.3440),HSPB1(+0.3425),UBC(+0.3409),HSPA8(+0.3262),MT-RNR2(+0.2587),HSPA6(+0.2077),RPL39(+0.2022)",elite_sharp_sar,composite_rank_6_of_900
bb0=BB_2371372935 & bb1=BB_5540590266,zel039_aec7,two_position_series,51,0.7153,2.962,0.0004012841091492,0.02,0.9698,0.4184,"IGFBP1(+0.2090),ZFAND2A(+0.2073),RPS14(+0.1499),SAT1(+0.1466),RPL35A(+0.1460),HSPA6(+0.1334),CRYAB(+0.1229),HSPA1A(+0.1218),RPL27(+0.1141),HSPE1(+0.1067),UBB(+0.1058),RPL19(+0.1050),DNAJB1(+0.1021),SELENOK(+0.1013),FTL(+0.0965)",elite_sharp_sar,composite_rank_7_of_900
bb0=BB_6699958170 & bb1=BB_5573240869,zel039_aec7,two_position_series,53,0.4758,1.72,0.0040128410914927,0.02,0.9724,0.5208,"IGFBP1(+0.3197),CD9(+0.2654),POLR2L(+0.2363),S100A10(+0.2313),ATP5ME(+0.2256),TMSB10(+0.2226),GNG11(+0.2202),TM4SF1(+0.2164),RPS27(+0.2115),PPIA(+0.2061),S100A6(+0.2042),B2M(+0.1998),RPL37A(+0.1967),RPL38(+0.1882),TMSB4X(+0.1835)",elite_sharp_sar,composite_rank_8_of_900
bb0=BB_0302650651 & bb1=BB_5573240869,zel039_aec7,two_position_series,53,0.4564,1.619,0.0047867461591378,0.0,0.9749,0.5538,"GNG11(+0.3285),CD9(+0.2859),GPX1(+0.2374),TMSB4X(+0.2163),TM4SF1(+0.2097),S100A6(+0.1977),S100A10(+0.1958),PECAM1(+0.1900),CD59(+0.1841),TMSB10(+0.1840),IGFBP7(+0.1752),POLR2L(+0.1703),B2M(+0.1686),DBI(+0.1649),CD63(+0.1630)",elite_sharp_sar,composite_rank_9_of_900
bb0=BB_0302650651 & bb1=BB_7747778414,zel039_aec7,two_position_series,53,0.4504,1.588,0.00513070396698,0.02,0.9707,0.3076,"GNG11(+0.3853),PECAM1(+0.3328),CD9(+0.3195),TM4SF1(+0.2644),CD59(+0.2572),GPX1(+0.2317),S100A6(+0.2201),B2M(+0.2199),CRIP2(+0.2190),POLR2L(+0.2171),S100A10(+0.2095),TMSB4X(+0.2064),PGF(+0.1981),ICAM2(+0.1912),LAMA4(+0.1869)",elite_sharp_sar,composite_rank_10_of_900
bb0=BB_0302650651 & bb1=BB_7369022202,zel039_aec7,two_position_series,51,0.4279,1.471,0.0063632194450814,0.01,0.9737,0.5785,"PECAM1(+0.3027),CD9(+0.2739),GNG11(+0.2492),CD59(+0.2130),MCAM(+0.2001),NQO1(+0.1776),S100A6(+0.1619),TMSB4X(+0.1594),S100A16(+0.1560),HYAL2(+0.1284),RPL5(+0.1263),IGFBP1(+0.1244),TM4SF1(+0.1228),B2M(+0.1218),RALA(+0.1208)",elite_sharp_sar,composite_rank_11_of_900
bb0=BB_2371372935 & bb1=BB_7369022202,zel039_aec7,two_position_series,53,0.3903,1.276,0.0089429030038981,0.0,0.9752,0.6064,"IGFBP1(+0.2393),HSPA5(+0.1672),PDIA6(+0.1505),RPL10(+0.1492),RALA(+0.1264),HSP90B1(+0.1257),RPS28(+0.1227),GAS5(+0.1179),TRIB3(+0.1117),LGALS3(+0.1037),OSTC(+0.0989),FTH1(+0.0950),MANF(+0.0907),PTMA(+0.0896),SERPINE1(+0.0896)",elite_sharp_sar,composite_rank_12_of_900
bb0=BB_0302650651 & bb1=BB_8778542709,zel039_aec7,two_position_series,50,0.5477,2.093,0.0018631047924787,0.01,0.9736,0.5959,"CD9(+0.2446),GNG11(+0.2161),TMSB4X(+0.1987),S100A16(+0.1433),TM4SF1(+0.1393),PECAM1(+0.1358),TMSB10(+0.1312),S100A6(+0.1165),RPL35A(+0.1136),MYL6(+0.1129),HYAL2(+0.1020),B2M(+0.0954),CLDN5(+0.0947),CRIP2(+0.0943),CD59(+0.0937)",elite_sharp_sar,composite_rank_13_of_900
bb0=BB_2371372935 & bb1=BB_5422857344,zel039_aec7,two_position_series,52,0.4315,1.49,0.0061052510891997,0.0,0.9743,0.4502,"MANF(+0.3463),IGFBP1(+0.3305),SLC39A14(+0.2760),DDIT3(+0.2541),HSP90B1(+0.2520),TMEM258(+0.2483),PTX3(+0.2431),GAS5(+0.2404),C16orf95(+0.2355),COX7A2(+0.2346),LGALS3(+0.2301),HSPA5(+0.2299),PPIB(+0.2273),ZFAS1(+0.2178),OSTC(+0.2167)",elite_sharp_sar,composite_rank_14_of_900
bb0=BB_0302650651 & bb1=BB_2552014008,zel039_aec7,two_position_series,51,0.6251,2.494,0.0009745471222196,0.03,0.9704,0.5263,"GNG11(+0.2645),TMSB4X(+0.1904),PECAM1(+0.1716),B2M(+0.1694),CD9(+0.1534),TMSB10(+0.1462),CD59(+0.1142),CLEC14A(+0.1103),NQO1(+0.1096),RPL30(+0.1025),RGCC(+0.0963),CAV1(+0.0911),RPL35A(+0.0875),AC244102.4(+0.0823),PGF(+0.0780)",elite_sharp_sar,composite_rank_15_of_900
bb0=BB_2085420374 & bb1=BB_5573240869,zel039_aec7,two_position_series,53,0.6806,2.782,0.0004872735611098,0.02,0.9756,0.6576,"UBB(+0.7251),HSPA1A(+0.7162),HSPH1(+0.6679),DNAJB1(+0.6463),HSP90AA1(+0.6139),UBC(+0.5849),HSPD1(+0.5675),HSP90AB1(+0.5465),HSPA1B(+0.5354),DNAJA1(+0.5251),HSPB1(+0.5040),HSPA8(+0.4312),HSPA6(+0.4302),CRYAB(+0.3613),ZFAND2A(+0.3273)",elite_sharp_sar,positive_control_calibration
bb0=BB_6699958170 & bb1=BB_7747778414,zel039_aec7,two_position_series,53,0.4842,1.763,0.0035255675303829,0.04,0.9678,0.2589,"IGFBP1(+0.4087),CD9(+0.2883),TM4SF1(+0.2680),POLR2L(+0.2562),RPS27(+0.2470),RPL36AL(+0.2441),GNG11(+0.2407),RPS7(+0.2370),B2M(+0.2330),S100A10(+0.2295),RPS25(+0.2270),S100A6(+0.2263),CD59(+0.2233),RPL10(+0.2198),RPL15(+0.2175)",elite_sharp_sar,composite_rank_17_of_900
bb0=BB_0302650651 & bb1=BB_5853818500,zel039_aec7,two_position_series,53,0.4676,1.677,0.0045287778032561,0.01,0.9672,0.5698,"GNG11(+0.2218),PECAM1(+0.2012),CD9(+0.1944),TMSB4X(+0.1727),TM4SF1(+0.1672),MYL6(+0.1580),NQO1(+0.1480),B2M(+0.1368),S100A6(+0.1286),MCAM(+0.1235),CLEC14A(+0.1184),HYAL2(+0.1148),RPL4(+0.1121),TMSB10(+0.1040),RGCC(+0.0972)",elite_sharp_sar,composite_rank_18_of_900
bb0=BB_0302650651 & bb1=BB_2585216724,zel039_aec7,two_position_series,53,0.639,2.566,0.0008885576702591,0.04,0.9718,0.5553,"CD9(+0.1533),TMSB4X(+0.1528),PECAM1(+0.1477),GNG11(+0.1185),GPX1(+0.1118),CD59(+0.1029),B2M(+0.0980),HYAL2(+0.0935),ESAM(+0.0880),S100A6(+0.0841),RGCC(+0.0839),RPL35A(+0.0798),MCAM(+0.0786),CLEC14A(+0.0781),RPL30(+0.0740)",elite_sharp_sar,composite_rank_19_of_900
bb0=BB_2371372935 & bb1=BB_9390216993,zel039_aec7,two_position_series,51,0.7139,2.955,0.0004012841091492,0.04,0.9729,0.4868,"IGFBP1(+0.2631),HSPA5(+0.1349),B2M(+0.1103),MANF(+0.0830),PDIA6(+0.0677),FTH1(+0.0571),AC004540.1(+0.0552),HSP90B1(+0.0521),RPS14(+0.0513),CDK2AP2(+0.0426),TMSB10(+0.0421),H1-0(+0.0387),SERPINE1(+0.0378),IGFBP3(+0.0372),TMEM232(+0.0287)",elite_sharp_sar,composite_rank_20_of_900
bb0=BB_2371372935 & bb1=BB_2552014008,zel039_aec7,two_position_series,52,0.6131,2.432,0.0010891997248337,0.03,0.9717,0.4907,"IGFBP1(+0.2097),TMSB10(+0.1314),B2M(+0.1137),FTH1(+0.1057),RPS9(+0.0904),RPL12(+0.0869),RPL30(+0.0866),HSPA5(+0.0801),RPL27A(+0.0766),PDIA6(+0.0690),DDIT3(+0.0677),MANF(+0.0677),PDIA4(+0.0669),PTX3(+0.0669),RPL41(+0.0665)",measured_sharp,composite_rank_21_of_900
bb0=BB_6699958170 & bb1=BB_7369022202,zel039_aec7,two_position_series,53,0.392,1.285,0.0088569135519376,0.02,0.9711,0.512,"IGFBP1(+0.3279),CD9(+0.2350),RPL10(+0.2194),RPL5(+0.2186),S100A6(+0.1744),CD59(+0.1715),GSTO1(+0.1553),PECAM1(+0.1541),RPL14(+0.1536),NQO1(+0.1493),RACK1(+0.1454),POLR2L(+0.1452),B2M(+0.1434),RALA(+0.1421),RPS13(+0.1401)",measured_sharp,composite_rank_22_of_900
bb0=BB_2371372935 & bb1=BB_8778542709,zel039_aec7,two_position_series,51,0.5827,2.274,0.0013758312313689,0.03,0.9756,0.6129,"IGFBP1(+0.1472),FTH1(+0.1298),TMSB10(+0.1173),PTX3(+0.0978),HSPA5(+0.0957),ZFAS1(+0.0903),RPL35A(+0.0845),EIF1(+0.0738),RPL10(+0.0712),DDX10(+0.0687),ANXA2(+0.0657),FTL(+0.0653),RPL26(+0.0619),TMEM258(+0.0616),LGALS1(+0.0601)",measured_sharp,composite_rank_23_of_900
bb0=BB_2371372935 & bb1=BB_2927121314,zel039_aec7,two_position_series,52,0.6989,2.877,0.0004012841091492,0.05,0.9771,0.5267,"HSPA5(+0.1631),FTH1(+0.1393),VIM(+0.1305),HSP90B1(+0.1289),PDIA6(+0.1036),PTX3(+0.0908),FTL(+0.0737),MT2A(+0.0669),IGFBP3(+0.0505),SERPINE1(+0.0480),IGFBP1(+0.0456),OSTC(+0.0416),DCXR(+0.0373),YIF1A(+0.0352),PLIN2(+0.0344)",measured_sharp,composite_rank_24_of_900
bb0=BB_6699958170 & bb1=BB_8778542709,zel039_aec7,two_position_series,53,0.5033,1.863,0.0027803256133914,0.01,0.971,0.536,"IGFBP1(+0.2369),CD9(+0.2129),RPL5(+0.1737),TMSB4X(+0.1672),TMSB10(+0.1668),TXN(+0.1665),RPS27L(+0.1404),RPL15(+0.1378),RPL10(+0.1359),TM4SF1(+0.1358),RPL35A(+0.1290),S100A6(+0.1277),ATP5F1E(+0.1262),RPL23(+0.1256),LGALS1(+0.1247)",measured_sharp,composite_rank_25_of_900
bb0=BB_6699958170 & bb1=BB_5853818500,zel039_aec7,two_position_series,53,0.4105,1.381,0.0075384086218757,0.01,0.964,0.4866,"IGFBP1(+0.2583),TM4SF1(+0.1584),B2M(+0.1573),CD9(+0.1567),TMSB4X(+0.1400),S100A6(+0.1371),GSTO1(+0.1296),TMSB10(+0.1292),RPL15(+0.1259),MYL6(+0.1226),S100A11(+0.1160),RPL4(+0.1152),RPL5(+0.1144),RPS16(+0.1131),NQO1(+0.1117)",measured_sharp,composite_rank_26_of_900
bb0=BB_2371372935 & bb1=BB_5853818500,zel039_aec7,two_position_series,53,0.4432,1.551,0.0054459986241687,0.0,0.9688,0.5503,"IGFBP1(+0.1656),HSPA5(+0.1564),HSP90B1(+0.1469),FTH1(+0.1146),NUCB2(+0.1084),CDK2AP2(+0.1010),PPIB(+0.0942),FTL(+0.0909),HERPUD1(+0.0889),DDIT3(+0.0836),B2M(+0.0814),TMSB10(+0.0800),GAPDH(+0.0789),RPL4(+0.0788),MANF(+0.0773)",measured_sharp,composite_rank_27_of_900
bb0=BB_0302650651 & bb1=BB_9390216993,zel039_aec7,two_position_series,51,0.6892,2.827,0.0004012841091492,0.05,0.971,0.4547,"B2M(+0.1717),PECAM1(+0.1549),TMSB4X(+0.1303),IGFBP1(+0.1272),CLEC14A(+0.0877),MCAM(+0.0824),SWAP70(+0.0719),AC004540.1(+0.0682),GNG11(+0.0660),TMSB10(+0.0626),CD9(+0.0606),AC244102.4(+0.0567),RPL35A(+0.0501),HYAL2(+0.0483),PRKAR2B(+0.0464)",measured_sharp,composite_rank_28_of_900
bb0=BB_2371372935 & bb1=BB_2585216724,zel039_aec7,two_position_series,52,0.6302,2.521,0.0009172208209126,0.02,0.9734,0.5343,"IGFBP1(+0.1496),LGALS3(+0.0684),RPLP1(+0.0645),RPL27(+0.0631),RPS13(+0.0587),TMSB10(+0.0554),ACTG1(+0.0526),RPL35A(+0.0487),PDIA6(+0.0456),RPS6(+0.0429),RPL30(+0.0419),FTH1(+0.0413),MT2A(+0.0398),RPS18(+0.0395),TMEM258(+0.0393)",measured_sharp,composite_rank_29_of_900
bb0=BB_8506073726 & bb1=BB_5573240869,zel039_aec7,two_position_series,52,0.4506,1.589,0.00513070396698,0.0,0.9762,0.6475,"UBB(+0.4858),HSP90AB1(+0.4026),HSPH1(+0.3986),HSP90AA1(+0.3900),UBC(+0.3825),DNAJB1(+0.3797),HSPA1A(+0.3635),DNAJA1(+0.3566),HSPB1(+0.3476),HSPD1(+0.2989),HSPA8(+0.2910),HSPA1B(+0.2899),ZFAND2A(+0.2018),SLC3A2(+0.1981),HSPA6(+0.1953)",measured_sharp,composite_rank_30_of_900
bb0=BB_2371372935 & bb1=BB_4825242175,zel039_aec7,two_position_series,52,0.6983,2.874,0.0004012841091492,0.02,0.9759,0.5805,"TMSB10(+0.1257),FTH1(+0.1036),RPS28(+0.0999),RPLP2(+0.0841),B2M(+0.0825),RPL10(+0.0822),TMEM258(+0.0787),RPL27A(+0.0758),RPS18(+0.0703),PTX3(+0.0625),DDX10(+0.0624),RPL12(+0.0590),RPL19(+0.0586),RPL41(+0.0558),ZFAS1(+0.0558)",measured_sharp,composite_rank_31_of_900
bb0=BB_1722497045 & bb1=BB_7369022202,zel039_aec7,two_position_series,53,0.3534,1.085,0.0121531758770924,0.02,0.9735,0.4156,"RPS28(+0.2172),CD59(+0.2055),POLR2L(+0.2053),RPL10(+0.2033),NQO1(+0.1962),TXN(+0.1944),MCAM(+0.1765),S100A6(+0.1760),PECAM1(+0.1730),RALA(+0.1688),CD63(+0.1598),RACK1(+0.1578),CD9(+0.1553),S100A16(+0.1519),GSTO1(+0.1500)",measured_sharp,composite_rank_32_of_900
bb0=BB_2371372935 & bb1=BB_6383795180,zel039_aec7,two_position_series,51,0.7252,3.014,0.0003726209584957,0.04,0.97,0.5016,"FTH1(+0.1364),FTL(+0.1241),TMSB10(+0.0811),PPIB(+0.0804),HSPA5(+0.0770),PDIA6(+0.0702),HSP90B1(+0.0595),VIM(+0.0497),TRAPPC4(+0.0479),GAPDH(+0.0464),H1-0(+0.0421),DCXR(+0.0411),DDX10(+0.0407),PTX3(+0.0406),MT2A(+0.0314)",measured_sharp,composite_rank_33_of_900
bb0=BB_0302650651 & bb1=BB_5540590266,zel039_aec7,two_position_series,52,0.658,2.665,0.0007165787663379,0.06,0.9686,0.3863,"RPL35A(+0.1709),RPL37A(+0.1607),RPS14(+0.1410),HSPE1(+0.1308),ZFAND2A(+0.1245),CRYAB(+0.1168),RPL19(+0.1116),RPS23(+0.1084),GNG11(+0.1027),HSPA6(+0.0974),GNAS(+0.0967),GPX1(+0.0958),RPL5(+0.0890),RPL31(+0.0881),SAT1(+0.0873)",measured_sharp,composite_rank_34_of_900
bb0=BB_2315583918 & bb1=BB_5853818500,zel039_aec7,two_position_series,53,0.3322,0.975,0.0141882595734923,0.0,0.9626,0.3364,"TXN(+0.1769),MMP1(+0.1655),CTSL(+0.1459),RPL38(+0.1403),FTL(+0.1385),NQO1(+0.1355),GSTP1(+0.1348),RPL4(+0.1332),GAPDH(+0.1278),RPS23(+0.1123),RPL23(+0.1118),RPL37A(+0.1106),RPS11(+0.1047),RPL19(+0.1035),RPL35(+0.1022)",measured_sharp,composite_rank_35_of_900
bb0=BB_0302650651 & bb1=BB_2927121314,zel039_aec7,two_position_series,51,0.6691,2.722,0.0004872735611098,0.03,0.976,0.4717,"VIM(+0.1496),TMSB4X(+0.1404),PECAM1(+0.1271),CD9(+0.1201),GNG11(+0.1163),CD59(+0.1129),NQO1(+0.1108),S100A6(+0.1001),TM4SF1(+0.0995),ICAM2(+0.0945),B2M(+0.0869),CRIP2(+0.0838),S100A10(+0.0778),MCAM(+0.0716),CLEC14A(+0.0683)",measured_sharp,composite_rank_36_of_900
bb0=BB_2315583918 & bb1=BB_8778542709,zel039_aec7,two_position_series,53,0.4089,1.373,0.0076817243751433,0.02,0.9706,0.4445,"TXN(+0.2404),MMP1(+0.1619),RPL37A(+0.1462),ATP5F1E(+0.1408),RPL39(+0.1287),RPL35A(+0.1260),RPL23(+0.1258),RPS27L(+0.1249),RPL35(+0.1230),MGST1(+0.1190),RPL15(+0.1163),RPS23(+0.1150),RPL31(+0.1143),RPL38(+0.1134),FTL(+0.1117)",measured_sharp,composite_rank_37_of_900
bb0=BB_6699958170 & bb1=BB_2585216724,zel039_aec7,two_position_series,52,0.534,2.022,0.0020637468470534,0.02,0.9691,0.4452,"IGFBP1(+0.2702),RPS13(+0.1731),RPL5(+0.1629),RPL27(+0.1322),CD9(+0.1316),RPLP1(+0.1292),RPS25(+0.1292),RPL30(+0.1280),TMSB4X(+0.1223),B2M(+0.1190),TPT1(+0.1124),RPL35A(+0.1078),TMSB10(+0.1077),S100A6(+0.1027),RPS5(+0.1024)",measured_sharp,composite_rank_38_of_900
bb0=BB_0302650651 & bb1=BB_4825242175,zel039_aec7,two_position_series,51,0.6956,2.86,0.0004012841091492,0.04,0.9743,0.5798,"TMSB4X(+0.2346),GNG11(+0.1794),CD9(+0.1551),TMSB10(+0.1476),B2M(+0.1475),S100A6(+0.1462),S100A10(+0.1159),RPL37A(+0.1095),SERF2(+0.1075),PECAM1(+0.0901),PGF(+0.0863),MYL6(+0.0848),CD59(+0.0841),NQO1(+0.0778),CRIP2(+0.0772)",measured_sharp,composite_rank_39_of_900
bb0=BB_1722497045 & bb1=BB_5853818500,zel039_aec7,two_position_series,53,0.3263,0.945,0.0148475120385232,0.0,0.9664,0.3334,"TXN(+0.1787),TM4SF1(+0.1785),POLR2L(+0.1700),NQO1(+0.1606),RPL4(+0.1546),GSTP1(+0.1541),RPL19(+0.1447),GAPDH(+0.1434),RPL23(+0.1430),RPL28(+0.1423),MYL6(+0.1415),LGALS1(+0.1407),TMSB4X(+0.1404),RPL15(+0.1402),RPL7A(+0.1359)",measured_sharp,composite_rank_40_of_900
bb0=BB_8506073726 & bb1=BB_7369022202,zel039_aec7,two_position_series,51,0.4902,1.795,0.0032962623251547,0.0,0.9751,0.6622,"HSP90AA1(+0.4683),HSP90AB1(+0.4190),HSPH1(+0.3799),UBC(+0.3646),UBB(+0.3534),HSPA8(+0.3328),HSPA1A(+0.3171),DNAJB1(+0.3046),DNAJA1(+0.2817),HSPD1(+0.2777),HSPB1(+0.2699),HSPA1B(+0.2421),SQSTM1(+0.1963),MT-RNR2(+0.1786),RPS28(+0.1779)",measured_sharp,composite_rank_41_of_900
bb0=BB_6699958170 & bb1=BB_5540590266,zel039_aec7,two_position_series,53,0.6243,2.49,0.0009745471222196,0.04,0.9658,0.3146,"IGFBP1(+0.2907),RPL37A(+0.1920),RPS14(+0.1913),ZFAND2A(+0.1894),RPL35A(+0.1863),RPL5(+0.1763),RPL27(+0.1754),HSPE1(+0.1588),RPL31(+0.1560),RPS23(+0.1526),SAT1(+0.1521),RPS25(+0.1513),RPS16(+0.1506),RPS15(+0.1463),RPL38(+0.1415)",measured_sharp,composite_rank_42_of_900
bb0=BB_2315583918 & bb1=BB_2552014008,zel039_aec7,two_position_series,53,0.4662,1.67,0.0045861041045631,0.04,0.9664,0.327,"RPL30(+0.1683),RPL27A(+0.1485),RPS11(+0.1297),TMSB10(+0.1296),RPL12(+0.1261),GNG11(+0.1219),RPS9(+0.1179),RPL41(+0.1158),RPS13(+0.1140),RPL37(+0.1140),RPL31(+0.1111),NQO1(+0.1051),SEC61G(+0.1040),B2M(+0.1028),RPL35A(+0.1009)",measured_sharp,composite_rank_43_of_900
bb0=BB_1722497045 & bb1=BB_8778542709,zel039_aec7,two_position_series,53,0.3868,1.258,0.0091435450584728,0.0,0.9731,0.4539,"TXN(+0.2586),RPS27L(+0.1748),TMSB4X(+0.1742),ATP5F1E(+0.1699),RPL15(+0.1680),TMSB10(+0.1588),TM4SF1(+0.1576),RPL35(+0.1531),RPL23(+0.1529),RPL35A(+0.1517),RPL26(+0.1515),POLR2L(+0.1480),CD63(+0.1478),LGALS1(+0.1456),RPS28(+0.1431)",measured_sharp,composite_rank_44_of_900
bb0=BB_2371372935 & bb1=BB_1759915366,zel039_aec7,two_position_series,53,0.7763,3.279,0.000114652602614,0.06,0.9736,0.5928,"FTH1(+0.1217),PTX3(+0.0684),FTL(+0.0651),HSPA5(+0.0578),H1-0(+0.0459),IGFBP3(+0.0427),NUCB2(+0.0272),DCXR(+0.0239),DDX10(+0.0230),SLC35B1(+0.0225),EMC2(+0.0190),BEST1(+0.0148),CXCL3(+0.0089),PLEKHJ1(+0.0079),RNF114(+0.0078)",measured_sharp,composite_rank_45_of_900
bb0=BB_1722497045 & bb1=BB_5573240869,zel039_aec7,two_position_series,53,0.4287,1.476,0.0062772299931208,0.01,0.9744,0.4382,"POLR2L(+0.2984),RPS28(+0.2597),GNG11(+0.2509),TM4SF1(+0.2434),ATP5ME(+0.2393),TXN(+0.2376),CD63(+0.2284),RPL32(+0.2272),RPS27(+0.2224),OST4(+0.2168),TMA7(+0.2151),IGFBP7(+0.2113),TMSB10(+0.2093),RPS11(+0.2066),RPL18A(+0.2060)",measured_sharp,composite_rank_46_of_900
bb0=BB_0302650651 & bb1=BB_6383795180,zel039_aec7,two_position_series,53,0.7116,2.943,0.0004012841091492,0.02,0.9689,0.5503,"TMSB4X(+0.1380),CD9(+0.1291),TMSB10(+0.1000),GNG11(+0.0826),S100A6(+0.0824),B2M(+0.0823),CD59(+0.0623),PECAM1(+0.0613),TM4SF1(+0.0603),VIM(+0.0592),CLDN5(+0.0543),APLN(+0.0517),CD63(+0.0504),ESAM(+0.0470),EEF1A1(+0.0442)",measured_sharp,composite_rank_47_of_900
bb0=BB_0995925376 & bb1=BB_7747778414,zel039_aec7,two_position_series,52,0.5376,2.04,0.0020350836963999,0.0,0.971,0.6538,"RPS29(+0.2242),RPL39(+0.1799),RPS21(+0.1745),RPS12(+0.1641),ATP5F1E(+0.1480),MT-RNR2(+0.1417),AC244102.4(+0.1377),RPL35(+0.1251),RPLP2(+0.1201),LGALS1(+0.1200),RPL38(+0.1169),RPL27A(+0.1130),TMSB10(+0.1127),RPS13(+0.1069),S100A6(+0.1018)",measured_sharp,composite_rank_48_of_900
bb0=BB_6699958170 & bb1=BB_2552014008,zel039_aec7,two_position_series,53,0.5236,1.968,0.0024077046548956,0.03,0.9672,0.4643,"IGFBP1(+0.3162),B2M(+0.1972),TMSB10(+0.1823),RPL30(+0.1590),TMSB4X(+0.1536),RPL27A(+0.1492),CD9(+0.1364),RPL10(+0.1340),GNG11(+0.1328),RPS11(+0.1317),RPL37(+0.1287),RPS9(+0.1279),RPL41(+0.1262),RPS15(+0.1223),RPL24(+0.1222)",measured_sharp,composite_rank_49_of_900
bb0=BB_2085420374 & bb1=BB_5853818500,zel039_aec7,two_position_series,52,0.7419,3.1,0.0002866315065351,0.02,0.969,0.759,"HSP90AA1(+0.7858),HSPA1A(+0.7716),HSPH1(+0.7248),UBB(+0.7037),DNAJB1(+0.7001),HSPD1(+0.6661),UBC(+0.6580),HSP90AB1(+0.6564),DNAJA1(+0.5753),HSPA1B(+0.5719),HSPA8(+0.5536),HSPA6(+0.4883),CRYAB(+0.4744),HSPB1(+0.4551),BAG3(+0.3472)",measured_sharp,positive_control_calibration
bb0=BB_0302650651 & bb1=BB_1759915366,zel039_aec7,two_position_series,52,0.7661,3.226,0.000114652602614,0.01,0.9724,0.5918,"TMSB4X(+0.1203),S100A6(+0.1015),CD9(+0.0566),PECAM1(+0.0521),CD59(+0.0509),B2M(+0.0434),HYAL2(+0.0421),CD63(+0.0375),RGCC(+0.0372),TM4SF1(+0.0350),CLDN5(+0.0318),GNG11(+0.0271),CYTL1(+0.0254),VIM(+0.0252),TNFSF4(+0.0244)",measured_sharp,composite_rank_51_of_900
bb0=BB_3825147739 & bb1=BB_5422857344,zel039_aec7,two_position_series,53,0.399,1.322,0.0084842925934418,0.01,0.9729,0.4924,"AC244102.4(+0.3085),RPS29(+0.2731),SLC39A14(+0.2722),RPS28(+0.2467),C16orf95(+0.2442),RPS21(+0.2439),RPL36(+0.2411),ATP5F1E(+0.2366),RPS15A(+0.2303),PCAT1(+0.2171),RPS27(+0.2117),RPS12(+0.2111),MT-RNR2(+0.2088),HSPB1(+0.2076),RPL18A(+0.2072)",measured_sharp,composite_rank_52_of_900
bb0=BB_2315583918 & bb1=BB_1759915366,zel039_aec7,two_position_series,53,0.6317,2.528,0.0009172208209126,0.07,0.969,0.4123,"MMP1(+0.1982),FTL(+0.1216),FTH1(+0.0893),S100A6(+0.0723),RPS13(+0.0658),TXN(+0.0598),RPL30(+0.0507),DDX10(+0.0433),GCLM(+0.0414),RPLP1(+0.0400),CD63(+0.0366),RPL36AL(+0.0363),PTX3(+0.0329),RPL14(+0.0271),PHYH(+0.0256)",measured_sharp,composite_rank_53_of_900
bb0=BB_2085420374 & bb1=BB_7369022202,zel039_aec7,two_position_series,53,0.7069,2.919,0.0004012841091492,0.04,0.9749,0.6748,"HSP90AA1(+0.6949),HSPA1A(+0.6764),HSPH1(+0.6392),UBB(+0.5965),UBC(+0.5804),DNAJB1(+0.5765),HSP90AB1(+0.5673),HSPD1(+0.5476),HSPA1B(+0.5042),HSPA8(+0.4738),DNAJA1(+0.4598),HSPB1(+0.4261),HSPA6(+0.4137),CRYAB(+0.3846),BAG3(+0.2766)",measured_sharp,positive_control_calibration
bb0=BB_2315583918 & bb1=BB_7369022202,zel039_aec7,two_position_series,53,0.3149,0.885,0.0160800275166246,0.01,0.9709,0.408,"TXN(+0.1911),MMP1(+0.1804),RPL10(+0.1772),CTSL(+0.1697),RPS28(+0.1669),NQO1(+0.1568),RPL14(+0.1495),GAS5(+0.1478),CD59(+0.1471),RPL38(+0.1464),PRNP(+0.1415),S100A6(+0.1346),RPS13(+0.1328),RPL37A(+0.1287),RALA(+0.1266)",measured_sharp,composite_rank_55_of_900
bb0=BB_6699958170 & bb1=BB_4825242175,zel039_aec7,two_position_series,53,0.6428,2.586,0.0008598945196055,0.04,0.9719,0.5423,"TMSB4X(+0.1914),TMSB10(+0.1841),RPLP2(+0.1816),RPL10(+0.1624),RPL37(+0.1616),B2M(+0.1591),RPL27A(+0.1497),SERF2(+0.1490),S100A6(+0.1489),RPL38(+0.1462),RPS11(+0.1458),IGFBP1(+0.1453),RPS27(+0.1423),RPL37A(+0.1363),RPS16(+0.1307)",measured_sharp,composite_rank_56_of_900
bb0=BB_2315583918 & bb1=BB_2927121314,zel039_aec7,two_position_series,52,0.5127,1.911,0.0025796835588167,0.0,0.974,0.3469,"MMP1(+0.1453),FTL(+0.1268),PRNP(+0.1157),FTH1(+0.1066),TXN(+0.0981),NQO1(+0.0969),GAPDH(+0.0782),CD59(+0.0750),RPL14(+0.0736),HSPA5(+0.0732),RPL32(+0.0712),S100A6(+0.0704),SRGN(+0.0677),PTX3(+0.0648),CTSL(+0.0634)",measured_sharp,composite_rank_57_of_900
bb0=BB_0302650651 & bb1=BB_5422857344,zel039_aec7,two_position_series,52,0.5356,2.03,0.0020350836963999,0.01,0.9732,0.2767,"PECAM1(+0.3668),GNG11(+0.3646),CD9(+0.3515),SLC39A14(+0.3502),C16orf95(+0.3151),ICAM2(+0.2906),S100A10(+0.2844),CD59(+0.2779),TM4SF1(+0.2631),RPS7(+0.2554),TSPO(+0.2553),GPX1(+0.2526),POLR2L(+0.2521),PPIA(+0.2518),AC244102.4(+0.2453)",measured_sharp,composite_rank_58_of_900
bb0=BB_6699958170 & bb1=BB_2927121314,zel039_aec7,two_position_series,53,0.5707,2.212,0.0014331575326759,0.02,0.9742,0.6693,"IGFBP1(+0.1444),VIM(+0.1419),S100A6(+0.1115),TM4SF1(+0.1100),CD9(+0.1093),TMSB4X(+0.1020),B2M(+0.1020),S100A10(+0.0891),CD59(+0.0882),NQO1(+0.0829),MT2A(+0.0817),TMSB10(+0.0698),RPL14(+0.0682),RPS8(+0.0673),FTH1(+0.0666)",measured_sharp,composite_rank_59_of_900
bb0=BB_2315583918 & bb1=BB_2585216724,zel039_aec7,two_position_series,52,0.4343,1.505,0.005904609034625,0.03,0.9688,0.3483,"RPS13(+0.1730),RPL30(+0.1334),RPL27(+0.1269),CTSL(+0.1232),RPLP1(+0.1198),TPT1(+0.1148),TXN(+0.1106),RPL38(+0.1070),RPL35A(+0.0972),GAPDH(+0.0949),RPL41(+0.0934),RPL37A(+0.0930),RPL31(+0.0930),RPL27A(+0.0929),RAN(+0.0928)",measured_sharp,composite_rank_60_of_900
bb0=BB_2371372935 & bb1=BB_7872179906,zel039_aec7,two_position_series,52,0.7533,3.159,0.0001719789039211,0.23,0.9746,0.3193,"IGFBP1(+0.1205),FTH1(+0.0860),TMSB10(+0.0813),RPS9(+0.0568),IGFBP3(+0.0556),RPL12(+0.0509),RPLP1(+0.0492),TMEM258(+0.0461),FAU(+0.0382),RPL41(+0.0381),NANS(+0.0251),DCXR(+0.0232),EMC9(+0.0222),MANF(+0.0213),RPA2(+0.0195)",measured_sharp,composite_rank_61_of_900
bb0=BB_0302650651 & bb1=BB_7872179906,zel039_aec7,two_position_series,52,0.7022,2.894,0.0004012841091492,0.09,0.972,0.3676,"TMSB4X(+0.1924),GNG11(+0.1199),S100A6(+0.1196),CD9(+0.1154),TMSB10(+0.0966),B2M(+0.0878),CLDN5(+0.0872),PECAM1(+0.0798),CD59(+0.0667),RGCC(+0.0594),RPS23(+0.0516),PGF(+0.0490),ICAM2(+0.0482),HYAL2(+0.0477),RPLP1(+0.0415)",measured_sharp,composite_rank_62_of_900
bb0=BB_0302650651 & bb1=BB_8415657178,zel039_aec7,two_position_series,53,0.7641,3.215,0.0001433157532675,0.04,0.9716,0.4847,"TMSB4X(+0.2382),TMSB10(+0.1210),B2M(+0.1139),CD9(+0.0933),S100A6(+0.0921),GNG11(+0.0778),CYTL1(+0.0700),ICAM2(+0.0627),EEF1A1(+0.0612),RGCC(+0.0527),SERF2(+0.0504),CD63(+0.0411),HYAL2(+0.0346),CLDN5(+0.0334),RPLP1(+0.0308)",measured_sharp,composite_rank_63_of_900
bb0=BB_6699958170 & bb1=BB_6383795180,zel039_aec7,two_position_series,53,0.6263,2.5,0.0009745471222196,0.03,0.9658,0.4621,"TMSB10(+0.1358),RPL5(+0.1214),CD9(+0.1072),TMSB4X(+0.1026),RPL10(+0.1024),B2M(+0.0990),S100A6(+0.0913),TM4SF1(+0.0831),RPS8(+0.0733),RPLP2(+0.0616),EEF1A1(+0.0611),VIM(+0.0596),FTH1(+0.0555),RPLP0(+0.0546),IGFBP1(+0.0532)",measured_sharp,composite_rank_64_of_900
bb0=BB_2315583918 & bb1=BB_9390216993,zel039_aec7,two_position_series,53,0.5504,2.107,0.0017771153405182,0.1,0.9677,0.2472,"B2M(+0.0982),TXN(+0.0885),RPS14(+0.0882),AC004540.1(+0.0791),RPL31(+0.0777),RPL35A(+0.0683),FTL(+0.0678),PGD(+0.0648),TPT1(+0.0518),RPL23(+0.0517),FAU(+0.0508),RPL30(+0.0508),RPL14(+0.0460),ATP5F1E(+0.0432),RPL37A(+0.0419)",measured_sharp,composite_rank_65_of_900
bb0=BB_2315583918 & bb1=BB_7872179906,zel039_aec7,two_position_series,53,0.6087,2.409,0.0011178628754872,0.19,0.9688,0.1497,"FAU(+0.1200),RPL38(+0.1056),RPLP1(+0.1054),RPL12(+0.0998),MMP1(+0.0993),RPS23(+0.0942),RPL41(+0.0931),RPL30(+0.0920),S100A6(+0.0889),TXN(+0.0882),RPS9(+0.0798),TMSB10(+0.0770),RPS21(+0.0763),RPL32(+0.0719),TMEM258(+0.0699)",measured_sharp,composite_rank_66_of_900
bb0=BB_2085420374 & bb1=BB_8778542709,zel039_aec7,two_position_series,51,0.767,3.23,0.000114652602614,0.01,0.9752,0.696,"HSPA1A(+0.7318),UBB(+0.6798),DNAJB1(+0.6328),HSP90AA1(+0.6238),HSPH1(+0.6181),UBC(+0.6075),HSPD1(+0.5771),HSPA1B(+0.5440),HSP90AB1(+0.4867),HSPA8(+0.4486),HSPB1(+0.4469),DNAJA1(+0.4458),CRYAB(+0.4314),HSPA6(+0.4079),BAG3(+0.2872)",measured_sharp,positive_control_calibration
bb0=BB_2371372935 & bb1=BB_8415657178,zel039_aec7,two_position_series,52,0.7805,3.3,0.000114652602614,0.05,0.9734,0.5201,"FTH1(+0.1279),TMSB10(+0.0978),DCXR(+0.0576),B2M(+0.0511),SDF2L1(+0.0501),FTL(+0.0493),RPL41(+0.0427),MANF(+0.0424),RPLP1(+0.0396),EEF1A1(+0.0393),DDX10(+0.0391),IGFBP3(+0.0209),RPS19(+0.0208),STK19(+0.0191),LAGE3(+0.0186)",measured_sharp,composite_rank_68_of_900
bb0=BB_6699958170 & bb1=BB_7872179906,zel039_aec7,two_position_series,53,0.6589,2.669,0.0006879156156844,0.06,0.9693,0.3248,"IGFBP1(+0.2190),TMSB4X(+0.1671),TMSB10(+0.1361),S100A6(+0.1258),FAU(+0.1212),B2M(+0.1123),RPLP1(+0.1087),RPLP2(+0.1053),RPS23(+0.0972),RPL41(+0.0960),CD9(+0.0913),RPS27(+0.0911),RPL12(+0.0899),RPL10(+0.0867),RPS3(+0.0859)",measured_sharp,composite_rank_69_of_900
bb0=BB_6699958170 & bb1=BB_9390216993,zel039_aec7,two_position_series,53,0.555,2.131,0.0016624627379041,0.01,0.9689,0.4023,"IGFBP1(+0.3644),B2M(+0.1912),RPL5(+0.1017),RPS14(+0.0986),TMSB4X(+0.0971),TMSB10(+0.0948),RPL35A(+0.0795),AC004540.1(+0.0730),FAU(+0.0654),RPS4X(+0.0621),RPS27A(+0.0620),RPL23(+0.0575),RPL14(+0.0523),RPS27L(+0.0518),TPT1(+0.0498)",measured_sharp,composite_rank_70_of_900
bb0=BB_2315583918 & bb1=BB_5573240869,zel039_aec7,two_position_series,53,0.3761,1.203,0.010146755331346,0.03,0.9721,0.4194,"RPL37A(+0.2235),TXN(+0.2207),RPL38(+0.2205),POLR2L(+0.2119),RPS28(+0.2035),RPS11(+0.1946),GNG11(+0.1901),ATP5ME(+0.1892),RPL14(+0.1802),RPL27A(+0.1790),RPL32(+0.1780),FAU(+0.1772),TMA7(+0.1723),OST4(+0.1719),RPS27(+0.1718)",measured_sharp,composite_rank_71_of_900
bb0=BB_3825147739 & bb1=BB_7747778414,zel039_aec7,two_position_series,53,0.4606,1.641,0.0047007567071772,0.01,0.9715,0.6157,"RPS29(+0.2523),RPS12(+0.2132),ATP5F1E(+0.2101),RPS21(+0.2099),RPL39(+0.1966),AC244102.4(+0.1821),MT-RNR2(+0.1808),RPL35(+0.1776),RPS28(+0.1678),TMSB10(+0.1660),RPS13(+0.1626),RPL27A(+0.1570),RPS15A(+0.1563),RPL18A(+0.1536),RPL37(+0.1482)",measured_sharp,composite_rank_72_of_900
bb0=BB_0995925376 & bb1=BB_5422857344,zel039_aec7,two_position_series,50,0.3522,1.079,0.0121818390277459,0.0,0.9724,0.4288,"AC244102.4(+0.2470),RPS29(+0.2429),RPL36(+0.2278),RPS21(+0.2089),SLC39A14(+0.1960),RPL29(+0.1865),MT-RNR2(+0.1856),ATP5F1E(+0.1854),RPL39(+0.1829),RPS28(+0.1719),RPS12(+0.1684),LGALS1(+0.1664),RPL28(+0.1641),RPL38(+0.1597),PCAT1(+0.1566)",measured_sharp,composite_rank_73_of_900
bb0=BB_2315583918 & bb1=BB_4825242175,zel039_aec7,two_position_series,53,0.5618,2.166,0.00154781013529,0.05,0.9715,0.4523,"RPL38(+0.1816),RPL37A(+0.1755),RPS28(+0.1733),RPL27A(+0.1611),RPL37(+0.1534),SERF2(+0.1514),RPS11(+0.1499),TXN(+0.1452),RPLP2(+0.1409),RPL19(+0.1327),RPL30(+0.1306),TMSB10(+0.1301),RPL41(+0.1212),RPL10(+0.1198),ATP5F1E(+0.1157)",measured_sharp,composite_rank_74_of_900
bb0=BB_1722497045 & bb1=BB_2552014008,zel039_aec7,two_position_series,53,0.4435,1.552,0.0054459986241687,0.02,0.9695,0.3865,"RPL30(+0.1863),GNG11(+0.1810),TMSB10(+0.1768),RPL27A(+0.1687),TMSB4X(+0.1641),RPS11(+0.1583),RPL12(+0.1521),RPS15(+0.1492),RPS9(+0.1476),RPL24(+0.1467),B2M(+0.1419),RPL37(+0.1387),NQO1(+0.1338),RPL26(+0.1292),RPS27L(+0.1286)",measured_sharp,composite_rank_75_of_900
bb0=BB_2371372935 & bb1=BB_6821040250,zel039_aec7,two_position_series,51,0.8457,3.639,5.732630130703967e-05,0.07,0.9703,0.6746,"FTH1(+0.1497),FTL(+0.1032),TMSB10(+0.0857),VIM(+0.0492),CDK2AP2(+0.0198),RPS19(+0.0180),DCXR(+0.0140),SDCBP2(+0.0137),SLC2A4RG(+0.0040),MRPS2(+0.0040),RPLP1(+0.0027),RPL41(-0.0008),BABAM1(-0.0014),RHOG(-0.0020),DNAJC4(-0.0023)",measured_sharp,composite_rank_76_of_900
bb0=BB_6699958170 & bb1=BB_1759915366,zel039_aec7,two_position_series,53,0.6333,2.537,0.0008885576702591,0.04,0.9698,0.5496,"S100A6(+0.1110),TMSB4X(+0.0900),RPS13(+0.0657),B2M(+0.0579),TM4SF1(+0.0546),FTH1(+0.0529),CD9(+0.0492),RPLP1(+0.0477),RPS25(+0.0472),RPL11(+0.0446),RPL36AL(+0.0397),TMSB10(+0.0374),RPS27L(+0.0355),RPL30(+0.0314),CD63(+0.0298)",measured_sharp,composite_rank_77_of_900
bb0=BB_2085420374 & bb1=BB_2927121314,zel039_aec7,two_position_series,51,0.8355,3.585,5.732630130703967e-05,0.0,0.9781,0.7927,"HSPA1A(+0.7264),HSPH1(+0.6778),DNAJB1(+0.6626),HSP90AA1(+0.6386),UBC(+0.6304),UBB(+0.5972),HSPD1(+0.5896),HSP90AB1(+0.5593),DNAJA1(+0.5506),HSPA1B(+0.5062),HSPA6(+0.4472),HSPB1(+0.4463),HSPA8(+0.4362),CRYAB(+0.4100),BAG3(+0.3007)",measured_sharp,positive_control_calibration
bb0=BB_0302650651 & bb1=BB_6821040250,zel039_aec7,two_position_series,52,0.8287,3.55,8.59894519605595e-05,0.03,0.9691,0.6652,"TMSB4X(+0.1553),TMSB10(+0.1043),S100A6(+0.0849),GNG11(+0.0723),TM4SF1(+0.0647),VIM(+0.0593),HYAL2(+0.0532),B2M(+0.0372),APLN(+0.0284),CLDN5(+0.0256),FTH1(+0.0254),RHOC(+0.0232),AC007998.3(+0.0221),RAC2(+0.0180),C15orf40(+0.0179)",measured_sharp,composite_rank_79_of_900
bb0=BB_2085420374 & bb1=BB_2552014008,zel039_aec7,two_position_series,53,0.8038,3.421,8.59894519605595e-05,0.02,0.972,0.7046,"HSPA1A(+0.6943),UBB(+0.6242),DNAJB1(+0.5924),HSPH1(+0.5701),HSP90AA1(+0.5511),HSPA1B(+0.5257),HSPD1(+0.4910),DNAJA1(+0.4499),HSPA6(+0.4315),UBC(+0.4313),CRYAB(+0.4031),HSPB1(+0.3714),HSPA8(+0.3258),HSP90AB1(+0.3108),BAG3(+0.2773)",measured_sharp,positive_control_calibration
bb0=BB_2085420374 & bb1=BB_2585216724,zel039_aec7,two_position_series,52,0.8163,3.486,8.59894519605595e-05,0.03,0.9731,0.655,"HSPA1A(+0.7422),HSP90AA1(+0.6879),DNAJB1(+0.6707),UBB(+0.6607),HSPH1(+0.6526),HSPD1(+0.6084),UBC(+0.5605),DNAJA1(+0.5328),HSPA1B(+0.5224),HSPA8(+0.4991),HSP90AB1(+0.4836),HSPA6(+0.4268),CRYAB(+0.3977),HSPB1(+0.3646),BAG3(+0.2850)",measured_sharp,positive_control_calibration
bb0=BB_0995925376 & bb1=BB_7369022202,zel039_aec7,two_position_series,48,0.7275,3.026,0.0003726209584957,0.01,0.9735,0.6345,"RPS21(+0.1043),RPS12(+0.0990),LGALS1(+0.0830),MT-RNR2(+0.0763),RPS29(+0.0751),RPS13(+0.0727),RPS28(+0.0711),RPLP2(+0.0706),RPL10(+0.0540),S100A6(+0.0441),RPL37(+0.0431),BCYRN1(+0.0372),RPL27A(+0.0357),ATP5F1E(+0.0320),TMSB10(+0.0319)",measured_sharp,composite_rank_82_of_900
bb0=BB_6699958170 & bb1=BB_8415657178,zel039_aec7,two_position_series,53,0.7137,2.954,0.0004012841091492,0.04,0.9687,0.4357,"TMSB4X(+0.2031),TMSB10(+0.1485),B2M(+0.1348),IGFBP1(+0.1269),RPL41(+0.1064),S100A6(+0.1064),SERF2(+0.1045),RPLP1(+0.1039),RPS16(+0.0869),EEF1A1(+0.0793),RPL35(+0.0763),RPS27L(+0.0692),RPLP2(+0.0682),RPS19(+0.0679),CD9(+0.0665)",measured_sharp,composite_rank_83_of_900
bb0=BB_6699958170 & bb1=BB_5422857344,zel039_aec7,two_position_series,53,0.5738,2.228,0.0013758312313689,0.01,0.9703,0.6113,"IGFBP1(+0.4206),RPS27(+0.3197),RPS27L(+0.3144),CD9(+0.3089),POLR2L(+0.3019),S100A10(+0.2977),RPS7(+0.2964),RPL10A(+0.2887),SLC39A14(+0.2860),RPL5(+0.2854),PPIA(+0.2835),RPL6(+0.2830),RPL36(+0.2757),TMEM258(+0.2752),RPL28(+0.2733)",measured_sharp,composite_rank_84_of_900
bb0=BB_8506073726 & bb1=BB_5853818500,zel039_aec7,two_position_series,53,0.5331,2.017,0.0020637468470534,0.01,0.9697,0.708,"HSP90AA1(+0.5452),HSP90AB1(+0.5028),HSPH1(+0.4459),UBB(+0.4417),UBC(+0.4326),DNAJB1(+0.4115),HSPA8(+0.4057),HSPA1A(+0.4009),HSPD1(+0.3998),DNAJA1(+0.3920),HSPA1B(+0.3100),HSPB1(+0.2959),HSPA6(+0.2230),BAG3(+0.2108),SQSTM1(+0.2059)",measured_sharp,composite_rank_85_of_900
bb0=BB_1722497045 & bb1=BB_1759915366,zel039_aec7,two_position_series,50,0.4991,1.841,0.002923641366659,0.01,0.9724,0.3849,"MMP1(+0.1598),S100A6(+0.1183),CD63(+0.1080),TMSB4X(+0.0961),TXN(+0.0960),FTH1(+0.0957),TM4SF1(+0.0818),RPL30(+0.0719),CD59(+0.0681),RPS4X(+0.0585),POLR2L(+0.0579),TXNRD1(+0.0574),RPL36AL(+0.0570),PTX3(+0.0559),MGST3(+0.0553)",measured_sharp,composite_rank_86_of_900
bb0=BB_2315583918 & bb1=BB_5540590266,zel039_aec7,two_position_series,52,0.6303,2.521,0.0009172208209126,0.21,0.964,0.1968,"ZFAND2A(+0.3589),HSP90AA1(+0.3359),HSPE1(+0.2794),SAT1(+0.2657),UBB(+0.2409),RPL37A(+0.2188),HSPH1(+0.2072),HSPA1A(+0.2010),DNAJB1(+0.1987),RPL31(+0.1931),HSPB1(+0.1853),RPL35A(+0.1851),DNAJA1(+0.1825),RPL38(+0.1795),HSPA6(+0.1784)",measured_sharp,composite_rank_87_of_900
bb0=BB_2371372935 & bb1=BB_0094546068,zel039_aec7,two_position_series,49,0.9285,4.068,2.8663150653519838e-05,0.12,0.9708,0.551,"FTH1(+0.0909),FTL(+0.0543),TMSB10(+0.0089),DDX10(+0.0076),CYC1(+0.0037),AC009242.1(+0.0022),GOT1(-0.0010),EMC9(-0.0051),SCO2(-0.0057),RPL35A(-0.0096),NT5C(-0.0097),COPE(-0.0116),DCXR(-0.0117),RPA2(-0.0119),PLEKHJ1(-0.0136)",measured_sharp,composite_rank_88_of_900
bb0=BB_2371372935 & bb1=BB_2781176118,zel039_aec7,two_position_series,52,0.91,3.972,2.8663150653519838e-05,0.01,0.974,0.7065,"TMSB10(+0.1088),FTH1(+0.0689),RPS19(+0.0653),RPL35A(+0.0474),RPLP1(+0.0469),RPLP2(+0.0460),DCXR(+0.0333),S100A6(+0.0244),RPS9(+0.0233),PYCR1(+0.0166),TMSB4X(+0.0045),IGFBP3(+0.0019),BET1(-0.0018),RPL27A(-0.0040),C15orf61(-0.0057)",measured_sharp,composite_rank_89_of_900
bb0=BB_1722497045 & bb1=BB_4825242175,zel039_aec7,two_position_series,53,0.5195,1.947,0.0024363678055491,0.01,0.9738,0.4286,"TMSB4X(+0.1999),RPS28(+0.1997),RPL27A(+0.1690),TMSB10(+0.1669),RPL37(+0.1653),SERF2(+0.1652),TXN(+0.1630),RPL19(+0.1600),RPS11(+0.1582),S100A6(+0.1525),RPLP2(+0.1508),RPS21(+0.1498),RPL38(+0.1484),RPL10(+0.1441),RPL37A(+0.1414)",measured_sharp,composite_rank_90_of_900
bb0=BB_2315583918 & bb1=BB_6383795180,zel039_aec7,two_position_series,53,0.5482,2.096,0.0018344416418252,0.04,0.9646,0.3109,"MMP1(+0.1796),FTL(+0.1721),TXN(+0.1075),GAPDH(+0.1024),FTH1(+0.0985),CTSL(+0.0909),SRGN(+0.0785),TMSB10(+0.0775),GLRX(+0.0720),EEF1A1(+0.0610),PPIB(+0.0598),DDX10(+0.0572),RPL10(+0.0562),S100A6(+0.0510),RPL19(+0.0441)",measured_sharp,composite_rank_91_of_900
bb0=BB_1722497045 & bb1=BB_2927121314,zel039_aec7,two_position_series,53,0.4176,1.418,0.0069078193074982,0.0,0.9758,0.5463,"TM4SF1(+0.1335),NQO1(+0.1320),CD59(+0.1201),RPL32(+0.1190),TXN(+0.1184),CD63(+0.1181),FTH1(+0.1107),S100A6(+0.1098),TMSB4X(+0.1097),RPL8(+0.1086),PRNP(+0.1019),RPL3(+0.0950),GAPDH(+0.0934),MMP1(+0.0931),NPC2(+0.0929)",measured_sharp,composite_rank_92_of_900
bb0=BB_2371372935 & bb1=BB_8064768238,zel039_aec7,two_position_series,53,0.9046,3.944,2.8663150653519838e-05,0.07,0.9731,0.7348,"FTH1(+0.1156),TMSB10(+0.1069),RPLP1(+0.0324),RPLP2(+0.0241),TMSB4X(+0.0075),DCXR(+0.0068),RPL41(+0.0035),IGFBP3(+0.0026),RPS19(+0.0012),DDIT3(+0.0011),UQCC2(+0.0006),CXCL3(-0.0044),MT-TV(-0.0051),RPL35A(-0.0067),PLSCR4(-0.0070)",measured_sharp,composite_rank_93_of_900
bb0=BB_1722497045 & bb1=BB_2585216724,zel039_aec7,two_position_series,53,0.3818,1.232,0.0095161660169685,0.0,0.9716,0.3986,"RPL30(+0.1444),RPL27(+0.1415),TXN(+0.1325),TMSB4X(+0.1267),RPL35A(+0.1243),TMA7(+0.1233),RPLP1(+0.1227),RPS5(+0.1213),CTSL(+0.1195),RPS25(+0.1194),RPL19(+0.1155),POLR2L(+0.1152),TALDO1(+0.1112),RPS13(+0.1088),GAPDH(+0.1083)",measured_sharp,composite_rank_94_of_900
bb0=BB_0995925376 & bb1=BB_5573240869,zel039_aec7,two_position_series,48,0.697,2.867,0.0004012841091492,0.01,0.9742,0.6577,"RPS29(+0.2077),RPS21(+0.1652),LGALS1(+0.1540),RPLP2(+0.1389),RPL27A(+0.1324),TMSB10(+0.1234),RPL37A(+0.1089),RPS12(+0.1066),RPL36(+0.1038),RPS18(+0.0998),RPS28(+0.0987),RPL32(+0.0949),RPL38(+0.0942),ATP5F1E(+0.0940),RPS11(+0.0890)",measured_sharp,composite_rank_95_of_900
bb0=BB_1722497045 & bb1=BB_7872179906,zel039_aec7,two_position_series,53,0.5483,2.096,0.0018057784911717,0.07,0.9716,0.2603,"TMSB4X(+0.1700),POLR2L(+0.1451),FAU(+0.1394),RPL32(+0.1333),S100A6(+0.1320),TMSB10(+0.1280),RPL12(+0.1256),RPS21(+0.1225),RPS23(+0.1200),RPS9(+0.1127),RPLP1(+0.1104),RPL30(+0.1044),TXN(+0.1038),RPS20(+0.1011),LGALS1(+0.0987)",measured_sharp,composite_rank_96_of_900
bb0=BB_2315583918 & bb1=BB_8415657178,zel039_aec7,two_position_series,51,0.642,2.582,0.0008885576702591,0.04,0.9687,0.282,"TXN(+0.1237),FTL(+0.1067),SERF2(+0.1034),RPL41(+0.1023),TMSB10(+0.0990),RPLP1(+0.0970),RPL31(+0.0935),FTH1(+0.0926),EEF1A1(+0.0915),TMSB4X(+0.0832),RPL35(+0.0736),RPL38(+0.0705),S100A6(+0.0652),RPL37A(+0.0649),DDX10(+0.0640)",measured_sharp,composite_rank_97_of_900
bb0=BB_1722497045 & bb1=BB_7747778414,zel039_aec7,two_position_series,53,0.4807,1.745,0.003754872735611,0.05,0.9701,0.1315,"POLR2L(+0.3275),GNG11(+0.2918),TXN(+0.2876),TM4SF1(+0.2828),RPL36AL(+0.2645),CD59(+0.2633),HINT1(+0.2464),RPS27(+0.2449),ATP5F1E(+0.2444),RPS28(+0.2434),UQCRQ(+0.2426),RPL35(+0.2408),SSR4(+0.2372),RPL15(+0.2368),COX7A2(+0.2334)",measured_sharp,composite_rank_98_of_900
bb0=BB_2085420374 & bb2=BB_0167791271,zel039_aec7,two_position_series,47,0.3385,1.008,0.0134716808071543,0.06,0.9702,0.4315,"HSP90AA1(+0.8301),UBC(+0.8066),HSPA8(+0.7662),HSP90AB1(+0.7514),HSPH1(+0.7421),DNAJA1(+0.7174),HSPD1(+0.7031),HSPA1A(+0.6900),DNAJB1(+0.6872),UBB(+0.5595),HSPA1B(+0.5252),PPP1R15A(+0.4933),HSPA6(+0.4792),MALAT1(+0.4413),HSPB1(+0.4280)",measured_sharp,positive_control_calibration
bb0=BB_2085420374 & bb1=BB_8930974984,zel039_aec7,two_position_series,53,0.8082,3.444,8.59894519605595e-05,0.01,0.973,0.7587,"HSP90AA1(+1.1175),HSPD1(+0.9860),HSP90AB1(+0.9464),UBB(+0.8863),HSPH1(+0.8680),DNAJA1(+0.8407),DNAJB1(+0.8380),UBC(+0.8317),HSPA1A(+0.8314),HSPA8(+0.7540),HSPB1(+0.6998),HSPA1B(+0.6246),MALAT1(+0.5452),HSPA6(+0.5324),ANXA1(+0.5009)",measured_sharp,positive_control_calibration
bb0=BB_2371372935 & bb1=BB_8930974984,zel039_aec7,microcluster,53,0.793,,,1.0,0.973,-0.3282,,elite_sharp_sar,chemistry_falloff_elite
res0.5_c0012,zel039_aec7,microcluster,7,0.8117,4.803,0.0049751243781094,0.96,0.9312,0.3761,TMSB10(+):1.00;TMSB4X(+):0.86;RPL27A(+):0.86;RPS3(+):0.86;RPS18(+):0.71;RPS6(+):0.71;RPS14(+):0.71;RPL35A(+):0.71;ZCCHC7(-):0.71;RPLP2(+):0.71;RPS19(+):0.71;RPL37A(+):0.71;S100A6(+):0.71;RPL41(+):0.71;FTH1(+):0.57,elite_sharp_sar,resolution_stable_island
res2_c0017,zel039_aec7,microcluster,7,0.8117,4.803,0.0049751243781094,0.96,0.9312,0.3761,TMSB10(+):1.00;TMSB4X(+):0.86;RPL27A(+):0.86;RPS3(+):0.86;RPS18(+):0.71;RPS6(+):0.71;RPS14(+):0.71;RPL35A(+):0.71;ZCCHC7(-):0.71;RPLP2(+):0.71;RPS19(+):0.71;RPL37A(+):0.71;S100A6(+):0.71;RPL41(+):0.71;FTH1(+):0.57,elite_sharp_sar,resolution_stable_island
res0.2_c0012,zel039_aec7,microcluster,7,0.8117,4.803,0.0049751243781094,0.96,0.9312,0.3761,TMSB10(+):1.00;TMSB4X(+):0.86;RPL27A(+):0.86;RPS3(+):0.86;RPS18(+):0.71;RPS6(+):0.71;RPS14(+):0.71;RPL35A(+):0.71;ZCCHC7(-):0.71;RPLP2(+):0.71;RPS19(+):0.71;RPL37A(+):0.71;S100A6(+):0.71;RPL41(+):0.71;FTH1(+):0.57,elite_sharp_sar,resolution_stable_island
res1_c0036,zel039_aec7,microcluster,5,0.4561,3.108,0.0298507462686567,0.95,0.9443,0.2698,AC004540.1(-):1.00;TMSB4X(+):1.00;B2M(+):1.00;HYAL2(+):1.00;TP53I11(+):0.80;CKS2(-):0.60;EDN1(+):0.60;ATF3(-):0.60;GDF15(-):0.60;FTL(-):0.60;GCHFR(+):0.60;SLC3A2(-):0.60;TSPAN15(+):0.60;RPL27A(-):0.60;PECAM1(+):0.60,elite_sharp_sar,chemistry_falloff_elite
res0.2_c0040,zel039_aec7,microcluster,5,0.4561,3.108,0.0298507462686567,0.95,0.9443,0.2698,AC004540.1(-):1.00;TMSB4X(+):1.00;B2M(+):1.00;HYAL2(+):1.00;TP53I11(+):0.80;CKS2(-):0.60;EDN1(+):0.60;ATF3(-):0.60;GDF15(-):0.60;FTL(-):0.60;GCHFR(+):0.60;SLC3A2(-):0.60;TSPAN15(+):0.60;RPL27A(-):0.60;PECAM1(+):0.60,elite_sharp_sar,chemistry_falloff_elite
res1_c0038,zel039_aec7,microcluster,5,0.8603,3.078,0.0149253731343283,0.99,0.9508,0.486,TMSB10(+):1.00;SLC20A1(-):0.80;TMSB4X(+):0.80;HES1(-):0.80;RPS18(+):0.80;FTH1(+):0.80;ZNF267(-):0.80;ID3(-):0.60;SMAP1(-):0.60;SLC26A3(-):0.60;RPS21(+):0.60;S100A6(+):0.60;RPLP2(+):0.60;CSKMT(-):0.60;TRIML2(-):0.60,elite_sharp_sar,resolution_stable_island
res0.5_c0034,zel039_aec7,microcluster,5,0.8603,3.078,0.0149253731343283,1.0,0.9508,0.486,TMSB10(+):1.00;SLC20A1(-):0.80;TMSB4X(+):0.80;HES1(-):0.80;RPS18(+):0.80;FTH1(+):0.80;ZNF267(-):0.80;ID3(-):0.60;SMAP1(-):0.60;SLC26A3(-):0.60;RPS21(+):0.60;S100A6(+):0.60;RPLP2(+):0.60;CSKMT(-):0.60;TRIML2(-):0.60,elite_sharp_sar,resolution_stable_island
res0.2_c0034,zel039_aec7,microcluster,5,0.8603,3.078,0.0149253731343283,1.0,0.9508,0.486,TMSB10(+):1.00;SLC20A1(-):0.80;TMSB4X(+):0.80;HES1(-):0.80;RPS18(+):0.80;FTH1(+):0.80;ZNF267(-):0.80;ID3(-):0.60;SMAP1(-):0.60;SLC26A3(-):0.60;RPS21(+):0.60;S100A6(+):0.60;RPLP2(+):0.60;CSKMT(-):0.60;TRIML2(-):0.60,elite_sharp_sar,resolution_stable_island
res5_c0044,zel039_aec7,microcluster,5,0.8603,3.078,0.0149253731343283,0.99,0.9508,0.486,TMSB10(+):1.00;SLC20A1(-):0.80;TMSB4X(+):0.80;HES1(-):0.80;RPS18(+):0.80;FTH1(+):0.80;ZNF267(-):0.80;ID3(-):0.60;SMAP1(-):0.60;SLC26A3(-):0.60;RPS21(+):0.60;S100A6(+):0.60;RPLP2(+):0.60;CSKMT(-):0.60;TRIML2(-):0.60,elite_sharp_sar,resolution_stable_island
res2_c0037,zel039_aec7,microcluster,5,0.8603,3.078,0.0149253731343283,0.98,0.9508,0.486,TMSB10(+):1.00;SLC20A1(-):0.80;TMSB4X(+):0.80;HES1(-):0.80;RPS18(+):0.80;FTH1(+):0.80;ZNF267(-):0.80;ID3(-):0.60;SMAP1(-):0.60;SLC26A3(-):0.60;RPS21(+):0.60;S100A6(+):0.60;RPLP2(+):0.60;CSKMT(-):0.60;TRIML2(-):0.60,elite_sharp_sar,resolution_stable_island
bb0=BB_6939811422,zel031_a549,single_level,38,0.895,109.645,0.0099009900990099,1.0,0.7896,0.1564,"RPL19,RPS21,RPS13,COPE,NFKBIA,UBE2B,RPL27A,RPL37,RPS19BP1,PTBP1,DNAJC12,NAGK,ISG20,SCFD1,CAPNS1",elite_sharp_sar,single_level_sparse_rank_1_of_216
bb0=BB_8137735199,zel031_a549,single_level,66,0.8328,91.748,0.0099009900990099,1.0,0.7848,-0.3187,"UBB,RPL27,RPS12,RPS14,SLC30A5,MRPS18C,PET100,EDF1,UBE2M,ATF4,REXO2,NUPR1,ARMC10,POLR2I,CYC1",elite_sharp_sar,single_level_sparse_rank_4_of_216
res1_c0168,zel031_a549,microcluster,9,0.9439,,,1.0,0.8026,0.3337,,measured_sharp,chemistry_falloff_top; single-position library - rank by sibling distinctiveness + falloff
res2_c0001,zel031_a549,microcluster,16,0.9061,,,1.0,0.8208,0.1727,,measured_sharp,chemistry_falloff_top; single-position library - rank by sibling distinctiveness + falloff
res0.5_c0001,zel031_a549,microcluster,16,0.9061,,,1.0,0.8208,0.1727,,measured_sharp,chemistry_falloff_top; single-position library - rank by sibling distinctiveness + falloff
res0.2_c0001,zel031_a549,microcluster,16,0.9061,,,1.0,0.8208,0.1727,,measured_sharp,chemistry_falloff_top; single-position library - rank by sibling distinctiveness + falloff
res5_c0001,zel031_a549,microcluster,16,0.9061,,,1.0,0.8208,0.1727,,measured_sharp,chemistry_falloff_top; single-position library - rank by sibling distinctiveness + falloff
res1_c0102,zel031_a549,microcluster,16,0.9061,,,1.0,0.8208,0.1727,,measured_sharp,chemistry_falloff_top; single-position library - rank by sibling distinctiveness + falloff
res1_c0057,zel031_a549,microcluster,19,0.9021,,,1.0,0.7672,0.2648,,measured_sharp,chemistry_falloff_top; single-position library - rank by sibling distinctiveness + falloff
res0.5_c0069,zel031_a549,microcluster,23,0.8956,,,1.0,0.7872,0.25,,measured_sharp,chemistry_falloff_top; single-position library - rank by sibling distinctiveness + falloff
res2_c0069,zel031_a549,microcluster,23,0.8956,,,1.0,0.7872,0.25,,measured_sharp,chemistry_falloff_top; single-position library - rank by sibling distinctiveness + falloff
res1_c0141,zel031_a549,microcluster,23,0.8956,,,1.0,0.7872,0.25,,measured_sharp,chemistry_falloff_top; single-position library - rank by sibling distinctiveness + falloff
bb1=BB_4347926671 & bb3=BB_7431615886,zel024_hek293,series,23,0.9808,,,1.0,0.9688,0.2708,,grammar_level,grammar-level: bb-backbone discovery only (pure-backbone context; coherence by construction)
bb1=BB_4347926671 & bb3=BB_7055283758,zel024_hek293,series,24,0.9694,,,1.0,0.9456,0.1855,,grammar_level,grammar-level: bb-backbone discovery only (pure-backbone context; coherence by construction)
bb1=BB_4347926671 & bb3=BB_4017357939,zel024_hek293,series,24,0.9568,,,1.0,0.96,0.0181,,grammar_level,grammar-level: bb-backbone discovery only (pure-backbone context; coherence by construction)
bb1=BB_4347926671 & bb3=BB_9543364413,zel024_hek293,series,24,0.9521,,,1.0,0.9669,0.5202,,grammar_level,grammar-level: bb-backbone discovery only (pure-backbone context; coherence by construction)
bb1=BB_4347926671 & bb3=BB_9434530945,zel024_hek293,series,24,0.9444,,,1.0,0.9378,0.5847,,grammar_level,grammar-level: bb-backbone discovery only (pure-backbone context; coherence by construction)
bb1=BB_4347926671 & bb3=BB_8031365100,zel024_hek293,series,24,0.9413,,,1.0,0.9445,0.348,,grammar_level,grammar-level: bb-backbone discovery only (pure-backbone context; coherence by construction)
bb1=BB_4347926671 & bb3=BB_8391505475,zel024_hek293,series,24,0.9385,,,1.0,0.9572,0.2245,,grammar_level,grammar-level: bb-backbone discovery only (pure-backbone context; coherence by construction)
bb1=BB_4347926671 & bb3=BB_0972548426,zel024_hek293,series,24,0.9341,,,1.0,0.9523,0.5266,,grammar_level,grammar-level: bb-backbone discovery only (pure-backbone context; coherence by construction)
bb1=BB_4347926671 & bb3=BB_5008846823,zel024_hek293,series,24,0.9314,,,1.0,0.9564,0.3211,,grammar_level,grammar-level: bb-backbone discovery only (pure-backbone context; coherence by construction)
bb1=BB_4347926671 & bb3=BB_7153250188,zel024_hek293,series,24,0.9268,,,1.0,0.966,0.2503,,grammar_level,grammar-level: bb-backbone discovery only (pure-backbone context; coherence by construction)
