context,split_seed,n_acquisition_batches,n_subsets,mean_median_gene_pearson,min_median_gene_pearson,max_median_gene_pearson,mean_median_program_pearson,min_median_program_pearson,max_median_program_pearson
zic008_a549,20260915,1,5,0.3772252164781693,0.27469314342344675,0.5167051808692206,0.5797293288728762,0.4618668333948795,0.881909619298588
zic008_a549,20260915,2,10,0.4655362433279615,0.37038787466401174,0.595402029092833,0.6811007488745259,0.5332392235168527,0.8253999908574741
zic008_a549,20260915,3,10,0.5078626070424457,0.412672884238378,0.5977064581790476,0.7059901908244013,0.6080278663320138,0.79461447124022
zic008_a549,20260915,4,5,0.5312655419439569,0.4636323723761232,0.5629954993181829,0.7095009711286867,0.6205974089855466,0.7581442700028649
zic008_a549,20260915,5,1,0.5465560596436192,0.5465560596436192,0.5465560596436192,0.712063546661994,0.712063546661994,0.712063546661994
zic008_a549,20260916,1,5,0.42861949567764573,0.3254202182143819,0.5705186178702827,0.6573814520648211,0.5061653097764603,0.8756363368127875
zic008_a549,20260916,2,10,0.5483111711289774,0.4475150990787319,0.6597409162290991,0.7954092340338279,0.6734591439137672,0.8968979801162696
zic008_a549,20260916,3,10,0.6076346252044551,0.516507194614842,0.7024321729617451,0.8390460671482634,0.7301797103473116,0.913761615803451
zic008_a549,20260916,4,5,0.6509146762610045,0.5629553846673698,0.6985863100684128,0.8627739631167881,0.8010748834228383,0.9013523083799861
zic008_a549,20260916,5,1,0.6680755723530956,0.6680755723530956,0.6680755723530956,0.876337120727592,0.876337120727592,0.876337120727592
zic008_a549,20260917,1,5,0.4616576783393903,0.3940233110397757,0.5904159169120153,0.7087817710210843,0.6267972115910418,0.8280654561133954
zic008_a549,20260917,2,10,0.5894026834580159,0.5202606780711153,0.677258953603301,0.8376348524823202,0.7625183846451647,0.893920077514931
zic008_a549,20260917,3,10,0.6603527517233089,0.6029115854731059,0.7366265086719767,0.885521769735168,0.8464953370497638,0.9217508529751147
zic008_a549,20260917,4,5,0.7079917643238159,0.6807672325357087,0.7413796339810337,0.9136193123075351,0.8810189817173846,0.9263563075900829
zic008_a549,20260917,5,1,0.7322180714263876,0.7322180714263876,0.7322180714263876,0.9257881076517521,0.9257881076517521,0.9257881076517521
zic008_a549,20260918,1,5,0.4345369798785099,0.35367476443277995,0.49509795546732144,0.6843637502823652,0.6216281965008515,0.7757692277746374
zic008_a549,20260918,2,10,0.5153121416145235,0.43688202523776604,0.5774402592049668,0.7607905812130467,0.6789244706089197,0.8150083486403521
zic008_a549,20260918,3,10,0.5610232924076911,0.48405818042599436,0.6215455853937866,0.7808492593792355,0.7045623594025267,0.834233266766287
zic008_a549,20260918,4,5,0.5874799596133503,0.5590088357293199,0.6083070311668928,0.7955750953541285,0.7633017838965841,0.8275222485384256
zic008_a549,20260918,5,1,0.6106989334820864,0.6106989334820864,0.6106989334820864,0.8107347868445114,0.8107347868445114,0.8107347868445114
zic008_a549,20260919,1,5,0.4023091893699255,0.20457380658211305,0.5403682597010189,0.6373720425275573,0.3171194649164743,0.816073448416311
zic008_a549,20260919,2,10,0.5229265578520503,0.3082614519786161,0.651847422199643,0.7413723268823057,0.4364761495043321,0.8987222723637521
zic008_a549,20260919,3,10,0.5875261439582256,0.4674817712767673,0.6771766949721557,0.7935857960001063,0.6167552826777271,0.9049285558556234
zic008_a549,20260919,4,5,0.631889693759674,0.5673472643246257,0.7000738888490531,0.8217586845298017,0.7543443672203205,0.8957093871903351
zic008_a549,20260919,5,1,0.6865251527840367,0.6865251527840367,0.6865251527840367,0.843091269013244,0.843091269013244,0.843091269013244
zic008_a549,20260920,1,5,0.3693715239103597,0.18059211136662942,0.4781904547311758,0.5791725212609704,0.3346270264490474,0.7197340165153698
zic008_a549,20260920,2,10,0.47736130269328275,0.28300359796962243,0.5738844507132072,0.6900770183204402,0.44429542197090427,0.8314802049701987
zic008_a549,20260920,3,10,0.5358204111309502,0.42881901951291734,0.6221627376878757,0.7393102004270986,0.6064884714347117,0.8302943177661125
zic008_a549,20260920,4,5,0.5784046934746662,0.5299708764302403,0.6474452809400515,0.7582637058772022,0.7028738954038755,0.8192119497613299
zic008_a549,20260920,5,1,0.6044236769047292,0.6044236769047292,0.6044236769047292,0.778399357964468,0.778399357964468,0.778399357964468
zic008_a549,20260921,1,5,0.427248872073464,0.3755117178193104,0.4813159272787305,0.6805935444610149,0.6327280641854152,0.725062545207077
zic008_a549,20260921,2,10,0.5309784094273826,0.4690638924797358,0.6294782251617952,0.7606239475782572,0.6563602509520926,0.8419536324202315
zic008_a549,20260921,3,10,0.5860649110272675,0.5259641602806059,0.6427646623061436,0.7885399303113563,0.6829030827092909,0.8488273915902348
zic008_a549,20260921,4,5,0.607692884531604,0.5760142424827255,0.6279526182453707,0.8041513715164269,0.7589806326230014,0.8249129627523848
zic008_a549,20260921,5,1,0.6334223217690221,0.6334223217690221,0.6334223217690221,0.8113449936250835,0.8113449936250835,0.8113449936250835
zic008_a549,20260922,1,5,0.44458722686989927,0.35015372866539285,0.5460902784961019,0.6642300446292737,0.514428377427994,0.7616531913806832
zic008_a549,20260922,2,10,0.5637839293111573,0.5288711598898089,0.61824799753329,0.7878980127596776,0.7035366300515724,0.8428929418787036
zic008_a549,20260922,3,10,0.6275932718069658,0.5980057337897521,0.6679166912085819,0.8379980548211234,0.7890377402395395,0.8878190214289196
zic008_a549,20260922,4,5,0.664649624948815,0.639557094696399,0.6806476211597386,0.8658655271607065,0.8432058970923892,0.8999643547406492
zic008_a549,20260922,5,1,0.6902635147601885,0.6902635147601885,0.6902635147601885,0.8754562444037167,0.8754562444037167,0.8754562444037167
zic008_a549,20260923,1,5,0.46682373388317144,0.40801732636054155,0.5655170618060957,0.733325776266334,0.6267813615707886,0.8299123060507488
zic008_a549,20260923,2,10,0.5870491038065526,0.521078755593895,0.6770778491675372,0.8456420826958253,0.7903046178161757,0.9070572126312068
zic008_a549,20260923,3,10,0.6599051001938653,0.6016549053868133,0.7199514419097114,0.885965999195234,0.8592377225258038,0.9231152991608605
zic008_a549,20260923,4,5,0.7062741078039649,0.6805089515460309,0.7339801652941056,0.9076224266320099,0.8954586349515251,0.9255876447448318
zic008_a549,20260923,5,1,0.7279313383540492,0.7279313383540492,0.7279313383540492,0.9231465173141633,0.9231465173141633,0.9231465173141633
zic008_a549,20260924,1,5,0.42861949567764573,0.3254202182143819,0.5705186178702827,0.6573814520648211,0.5061653097764603,0.8756363368127875
zic008_a549,20260924,2,10,0.5483111711289774,0.4475150990787319,0.6597409162290991,0.7954092340338278,0.6734591439137672,0.8968979801162695
zic008_a549,20260924,3,10,0.6076346252044551,0.516507194614842,0.7024321729617451,0.8390460671482634,0.7301797103473116,0.913761615803451
zic008_a549,20260924,4,5,0.6509146762610045,0.5629553846673698,0.6985863100684128,0.8627739631167881,0.8010748834228383,0.901352308379986
zic008_a549,20260924,5,1,0.6680755723530956,0.6680755723530956,0.6680755723530956,0.8763371207275917,0.8763371207275917,0.8763371207275917
zic008_a549,20260925,1,5,0.4496448254701971,0.38966684201516844,0.5101962383243711,0.7019430854235276,0.6122334020151483,0.8065243753636961
zic008_a549,20260925,2,10,0.5673109674559804,0.4984657026537435,0.6450998587332388,0.8121186455400142,0.7026897033723313,0.9139476314193835
zic008_a549,20260925,3,10,0.6388696008517963,0.5657965456535251,0.7024343056585981,0.8709790889017427,0.7733490765164275,0.9193711065756063
zic008_a549,20260925,4,5,0.6947936018017267,0.6471782175528186,0.7280006309329401,0.902037572214142,0.8577752842846664,0.9176217381203392
zic008_a549,20260925,5,1,0.7302918137287726,0.7302918137287726,0.7302918137287726,0.928713770149394,0.928713770149394,0.928713770149394
zic008_a549,20260926,1,5,0.4583513856489921,0.40683756369292384,0.4942253219773217,0.7018105864847725,0.6436165317963765,0.7964440765949475
zic008_a549,20260926,2,10,0.5798981265006964,0.5233657346732078,0.6387374897957374,0.8256095034229112,0.7314596897123078,0.8902135096168138
zic008_a549,20260926,3,10,0.6504244291852336,0.6177273423396927,0.6997917196128173,0.8824966240174614,0.8152333864254462,0.9213571035304757
zic008_a549,20260926,4,5,0.7030234577917989,0.6891716768393562,0.7282483237649611,0.9207910463306537,0.9020085549224189,0.9317842219736183
zic008_a549,20260926,5,1,0.7241982959444339,0.7241982959444339,0.7241982959444339,0.942256344766772,0.942256344766772,0.942256344766772
zic008_a549,20260927,1,5,0.4231129533147187,0.3320152164789626,0.4772221093344475,0.6849285417425901,0.5640224111500289,0.8290944520550451
zic008_a549,20260927,2,10,0.5298410983284042,0.4681594590130834,0.5944162137268084,0.7823436743510742,0.6678510568191911,0.8462440323891678
zic008_a549,20260927,3,10,0.586032175750513,0.5288059198481861,0.6320271659191767,0.8286216027540689,0.7502496800799081,0.8775346610487503
zic008_a549,20260927,4,5,0.6330237948065971,0.6009076653956993,0.6655607399328249,0.8427736724833343,0.8099369014372632,0.8746269442380928
zic008_a549,20260927,5,1,0.652067170830528,0.652067170830528,0.652067170830528,0.8649565294146427,0.8649565294146427,0.8649565294146427
zic008_a549,20260928,1,5,0.38746601699720556,0.1890737651228587,0.613834364753313,0.5802105503938042,0.3167027917475268,0.8746886504287374
zic008_a549,20260928,2,10,0.49763063845045574,0.2847148923617921,0.6891701074036798,0.7157433536792077,0.45240989762175576,0.9176206598604262
zic008_a549,20260928,3,10,0.5612385032023468,0.3852163244010535,0.6790433856353238,0.7725107227240289,0.5823283259498165,0.8865124723231738
zic008_a549,20260928,4,5,0.6002775023177692,0.4905142069931369,0.6729242078185338,0.8028492531564797,0.6916867757468903,0.8575031892224995
zic008_a549,20260928,5,1,0.6319127975612072,0.6319127975612072,0.6319127975612072,0.8186518368524041,0.8186518368524041,0.8186518368524041
zic008_a549,20260929,1,5,0.4650359271149675,0.401105334476448,0.5905813569280235,0.7057975851175072,0.6342951585995327,0.8365705743854367
zic008_a549,20260929,2,10,0.5904689583826149,0.51745877867674,0.6688616117508017,0.821311337500388,0.7222021577666508,0.8859857124454587
zic008_a549,20260929,3,10,0.657766445800995,0.589736002762174,0.7274074533034721,0.8806332620357822,0.8090267056535906,0.9257223019198764
zic008_a549,20260929,4,5,0.7073867433508383,0.6756038252955113,0.7390681043221807,0.9153355417709067,0.8959142023031623,0.9274006634427112
zic008_a549,20260929,5,1,0.7294986431154334,0.7294986431154334,0.7294986431154334,0.9350206585106652,0.9350206585106652,0.9350206585106652
zic008_a549,20260930,1,5,0.40799588145339916,0.19740154862570622,0.5338146876664147,0.6198052411976038,0.31348634136534836,0.8301898600764782
zic008_a549,20260930,2,10,0.5293471284372897,0.3096832146488172,0.6507210827549945,0.7592039293243901,0.4339835909511347,0.9291161458359835
zic008_a549,20260930,3,10,0.593781374427568,0.4557561826121975,0.6817343506562765,0.8155195423417358,0.643004227460172,0.9099065558910399
zic008_a549,20260930,4,5,0.6456937607302581,0.5650598412307806,0.7026397246751762,0.8564134250466664,0.7881576107445035,0.9046231650168384
zic008_a549,20260930,5,1,0.6849916282396818,0.6849916282396818,0.6849916282396818,0.8849985069017801,0.8849985069017801,0.8849985069017801
zic008_a549,20260931,1,5,0.38746601699720556,0.1890737651228587,0.613834364753313,0.5802105503938042,0.3167027917475269,0.8746886504287374
zic008_a549,20260931,2,10,0.49763063845045574,0.2847148923617921,0.6891701074036798,0.7157433536792077,0.45240989762175576,0.9176206598604262
zic008_a549,20260931,3,10,0.5612385032023468,0.3852163244010535,0.6790433856353238,0.7725107227240289,0.5823283259498168,0.8865124723231735
zic008_a549,20260931,4,5,0.6002775023177692,0.4905142069931369,0.6729242078185338,0.8028492531564797,0.6916867757468902,0.8575031892224996
zic008_a549,20260931,5,1,0.6319127975612072,0.6319127975612072,0.6319127975612072,0.8186518368524038,0.8186518368524038,0.8186518368524038
zic008_a549,20260932,1,5,0.38574864761794636,0.19405111221205587,0.5323008999968284,0.6021319533006704,0.288441586787817,0.7782808168235305
zic008_a549,20260932,2,10,0.5217944095671114,0.2925402525009894,0.6689527822833375,0.7358216074129886,0.43672397018560855,0.8963488901387956
zic008_a549,20260932,3,10,0.5842413327521919,0.47188408049505964,0.6753983093749765,0.7887219790245176,0.6386083221680124,0.8899456325227953
zic008_a549,20260932,4,5,0.6263835685848649,0.5867570882840699,0.6627005811192241,0.8202505270575735,0.7728568646740079,0.8827035149252188
zic008_a549,20260932,5,1,0.6726092142037424,0.6726092142037424,0.6726092142037424,0.8293965859500907,0.8293965859500907,0.8293965859500907
zic008_a549,20260933,1,5,0.4403455597155329,0.2915379499234533,0.5192533604062832,0.664184643501138,0.43810867656425256,0.8538709693316547
zic008_a549,20260933,2,10,0.5547394904547308,0.4896551906505297,0.6452165939026299,0.7973899755423193,0.7309371169904012,0.8825228522797597
zic008_a549,20260933,3,10,0.6281938412080799,0.5860415513936545,0.6654078865408557,0.8540024128540411,0.8003169865213577,0.8939006573286863
zic008_a549,20260933,4,5,0.6839761366554311,0.6688330265283366,0.6940601239979797,0.8885775293464656,0.8699725156142045,0.8976189826684652
zic008_a549,20260933,5,1,0.716334412355814,0.716334412355814,0.716334412355814,0.9198770841288672,0.9198770841288672,0.9198770841288672
zic008_a549,20260934,1,5,0.43453697987851003,0.35367476443277995,0.49509795546732144,0.6843637502823652,0.6216281965008515,0.7757692277746374
zic008_a549,20260934,2,10,0.5153121416145235,0.43688202523776604,0.5774402592049668,0.7607905812130468,0.6789244706089196,0.8150083486403521
zic008_a549,20260934,3,10,0.5610232924076911,0.48405818042599436,0.6215455853937866,0.7808492593792355,0.7045623594025265,0.834233266766287
zic008_a549,20260934,4,5,0.5874799596133502,0.5590088357293199,0.6083070311668928,0.7955750953541286,0.7633017838965841,0.8275222485384256
zic008_a549,20260934,5,1,0.6106989334820864,0.6106989334820864,0.6106989334820864,0.8107347868445113,0.8107347868445113,0.8107347868445113
zic008_aec7,20260915,1,8,0.40897987130493385,0.3063998343302385,0.48952845758391733,0.7685980348952854,0.6835977472136617,0.8148112517368434
zic008_aec7,20260915,2,28,0.5029275824678905,0.4263223274669098,0.5742203702892043,0.8379024983625547,0.7314763342312687,0.9060925934542181
zic008_aec7,20260915,3,56,0.5566738444718691,0.48575398967253713,0.6167016332489611,0.8644864504391843,0.7868789631106786,0.9099961943140503
zic008_aec7,20260915,4,70,0.5901857393314014,0.5254507085288425,0.6466357921510412,0.8791719788607775,0.8187071586681733,0.9238827105660362
zic008_aec7,20260915,5,56,0.6147938847984067,0.5649299306279132,0.6612622145678991,0.886701145301739,0.8429928731991945,0.9241129500997703
zic008_aec7,20260915,6,28,0.6319689617874699,0.5986075289447659,0.6699485882432563,0.8931779988257726,0.8547313285083233,0.9129658747271326
zic008_aec7,20260915,7,8,0.645425082680224,0.6280459978655893,0.664017824409246,0.8980522910989193,0.8680678277051614,0.9124855818920854
zic008_aec7,20260915,8,1,0.6565691322837018,0.6565691322837018,0.6565691322837018,0.909405874913009,0.909405874913009,0.909405874913009
zic008_aec7,20260916,1,8,0.43739786614605114,0.3780191440708036,0.49964411117012114,0.8351171990033973,0.7898946550724129,0.9070174935697424
zic008_aec7,20260916,2,28,0.543262645774972,0.48490618371394717,0.5859984150127885,0.8937209194977669,0.843532219163555,0.9361376316545174
zic008_aec7,20260916,3,56,0.5981784945614602,0.547661520827369,0.6347640816690184,0.9173694068787513,0.8815632775950731,0.9491731478463928
zic008_aec7,20260916,4,70,0.6335729938610104,0.598182080735009,0.6574354733463332,0.9304855980625047,0.9035888378215233,0.9535379341580572
zic008_aec7,20260916,5,56,0.6588176522522495,0.631976720834184,0.6771585040482174,0.9383420266034105,0.9190426114133076,0.9619534283718582
zic008_aec7,20260916,6,28,0.6771718186808882,0.6590212031642334,0.6893238263694126,0.9438413116122597,0.9249086095922836,0.9578774941545749
zic008_aec7,20260916,7,8,0.6910006646569258,0.6785385831059992,0.6980895809827081,0.9481922629822502,0.9404595401492544,0.9533505531180301
zic008_aec7,20260916,8,1,0.7016665238908689,0.7016665238908689,0.7016665238908689,0.952359049646646,0.952359049646646,0.952359049646646
zic008_aec7,20260917,1,8,0.41917456931831676,0.18605680221561705,0.5030875572022804,0.7883370293048428,0.5372164577272145,0.9043201399594417
zic008_aec7,20260917,2,28,0.5179738971234346,0.31503660953824847,0.6093648336198969,0.8627615041457445,0.726532909902424,0.9334580401506338
zic008_aec7,20260917,3,56,0.5752068706194933,0.4366710679694645,0.6915829391490204,0.9008795164655219,0.8337227647191441,0.9462187741660536
zic008_aec7,20260917,4,70,0.6142299662272963,0.5160092442949408,0.7184332195969979,0.9204594321565316,0.8741232706573685,0.9488402935517226
zic008_aec7,20260917,5,56,0.6502662186264633,0.5906987143424702,0.7400254902244103,0.9342656474044325,0.9069579311379348,0.9554347835447348
zic008_aec7,20260917,6,28,0.6764770198227767,0.6383781400135881,0.7521492157303251,0.9416968871153025,0.9251001676030823,0.9542472371257322
zic008_aec7,20260917,7,8,0.6954949627199511,0.6802053298241045,0.7537536507545959,0.9436257589736462,0.9338237646484201,0.9496598663238532
zic008_aec7,20260917,8,1,0.713110312598457,0.713110312598457,0.713110312598457,0.9444323026065282,0.9444323026065282,0.9444323026065282
zic008_aec7,20260918,1,8,0.41936401658660066,0.18139929283377598,0.48881078582100357,0.8016835375138074,0.560043443835377,0.8601713289265768
zic008_aec7,20260918,2,28,0.5109128208271657,0.30212736913796484,0.5997393989258126,0.8696942880861299,0.7749276031959471,0.916937953279806
zic008_aec7,20260918,3,56,0.5628252758614446,0.41379141585493984,0.6669109863560683,0.9031342676181037,0.8601112788412656,0.9328465639647686
zic008_aec7,20260918,4,70,0.5994129859207928,0.503693292103442,0.6913850409272398,0.9197033870073442,0.8820116015816191,0.9443447615352686
zic008_aec7,20260918,5,56,0.6281748581797314,0.5651415353694423,0.7129358276259886,0.9311541068018686,0.9055642906573195,0.9441971066609223
zic008_aec7,20260918,6,28,0.6530141470402105,0.6234159894008107,0.723054372408579,0.9393244731260214,0.9268376721867222,0.951575878324476
zic008_aec7,20260918,7,8,0.6729299258251935,0.6629143339320849,0.7151548510690908,0.9437451108508703,0.9369884076667944,0.9498356495420904
zic008_aec7,20260918,8,1,0.6906966026467432,0.6906966026467432,0.6906966026467432,0.9476039824789169,0.9476039824789169,0.9476039824789169
zic008_aec7,20260919,1,8,0.4149709378306131,0.19090469097239088,0.4917937790351752,0.8192775379705007,0.6044341008769054,0.9257487403691187
zic008_aec7,20260919,2,28,0.509747677518262,0.30106046304938705,0.6187135469147215,0.8819391728303544,0.7796978134421837,0.9526454372556638
zic008_aec7,20260919,3,56,0.5613380188822905,0.4154889920403037,0.67467165981985,0.9173786520314773,0.8599725138009565,0.9596723502387946
zic008_aec7,20260919,4,70,0.6012968947372314,0.5068881472066459,0.6995992895756762,0.9338596260915261,0.8924666619522399,0.9622086158312794
zic008_aec7,20260919,5,56,0.6332417700615703,0.5735755020528597,0.7240433847080187,0.9434778946009847,0.9041880770450462,0.9636590261413447
zic008_aec7,20260919,6,28,0.6595977867791972,0.6302813349444766,0.7321189268473567,0.9498265081809404,0.9277707103925045,0.9627718231288538
zic008_aec7,20260919,7,8,0.6815728207395516,0.6657576131529539,0.7164126432329073,0.9545868372031213,0.9439373880194444,0.9635881197690164
zic008_aec7,20260919,8,1,0.6993076550508469,0.6993076550508469,0.6993076550508469,0.9544464276273444,0.9544464276273444,0.9544464276273444
zic008_aec7,20260920,1,8,0.41998540552470287,0.1853879755015452,0.5116846417442295,0.7798838470573557,0.54128579153007,0.8857302447864637
zic008_aec7,20260920,2,28,0.5045452323858314,0.2762317014510047,0.6412536003568143,0.8604461765424949,0.5380452379570947,0.9448822903582573
zic008_aec7,20260920,3,56,0.560928766848207,0.37218435973850456,0.6984048005925595,0.8965338377518052,0.6876913467669269,0.9568715014239599
zic008_aec7,20260920,4,70,0.6006840158027161,0.45385095731608477,0.7284762763088855,0.9211491514348153,0.8194596951447354,0.9657057136109232
zic008_aec7,20260920,5,56,0.6327374375099872,0.540867281866525,0.746328727674646,0.9347955330143803,0.8662715842946979,0.9681308589372724
zic008_aec7,20260920,6,28,0.6590384325462774,0.601888054344675,0.7492760218571495,0.9448790102129612,0.9164067755590519,0.9674591676443103
zic008_aec7,20260920,7,8,0.6808836528592008,0.6584648565613421,0.7456527737556765,0.9529523656427026,0.943470634525902,0.9665014824798074
zic008_aec7,20260920,8,1,0.69370760148228,0.69370760148228,0.69370760148228,0.9606267566496941,0.9606267566496941,0.9606267566496941
zic008_aec7,20260921,1,8,0.4342777900214928,0.3940808503236873,0.5163357693294436,0.8205417455144175,0.7739276641030173,0.866109472325195
zic008_aec7,20260921,2,28,0.5294126701773453,0.48369205011123084,0.5978566241980242,0.8802740629634994,0.8256787311367629,0.9157709422796091
zic008_aec7,20260921,3,56,0.5822954615688121,0.5315000107609098,0.6357976321393438,0.9064160721072084,0.8532319594883634,0.9530758075276302
zic008_aec7,20260921,4,70,0.6162375566328144,0.5772607625693221,0.6523100273978812,0.9217220660345922,0.881606607902335,0.9525664722513848
zic008_aec7,20260921,5,56,0.6409857293791938,0.6075812696745312,0.6650367360529617,0.9328594232404555,0.9047891390330856,0.9544042923158848
zic008_aec7,20260921,6,28,0.6604355812763171,0.6392513100341415,0.6750848320519608,0.9395951536727065,0.9217043288199754,0.9572500769723634
zic008_aec7,20260921,7,8,0.6758003314765669,0.6590515877287523,0.6842562342025309,0.9454619000341428,0.9348276118780533,0.9566360942398301
zic008_aec7,20260921,8,1,0.688690406249435,0.688690406249435,0.688690406249435,0.9506461623736939,0.9506461623736939,0.9506461623736939
zic008_aec7,20260922,1,8,0.4316768726705603,0.38977984891465894,0.45673327574132955,0.8387402695024245,0.7962832678382393,0.8894725898015237
zic008_aec7,20260922,2,28,0.5376535830698701,0.4876661582369831,0.6018254894047617,0.8881428520015628,0.7995889312081668,0.9312529704130633
zic008_aec7,20260922,3,56,0.588610439854501,0.5423120910671835,0.6294602597096591,0.9129273466491404,0.85341222778798,0.950587489390128
zic008_aec7,20260922,4,70,0.6200920101297345,0.578949965615917,0.6551172689017746,0.922842676165224,0.8834103192230357,0.953759358813573
zic008_aec7,20260922,5,56,0.6421922742542231,0.6097071733142777,0.6661386878403243,0.9291844776840711,0.8969054093404001,0.9535420367758384
zic008_aec7,20260922,6,28,0.6591230817723776,0.6393224762747802,0.6695626864891793,0.9337024496573498,0.9109960593096867,0.950483768451156
zic008_aec7,20260922,7,8,0.6724702454241176,0.661019818231944,0.6798743541412974,0.9368680937010421,0.9250102422579266,0.9448104869721858
zic008_aec7,20260922,8,1,0.6839417044927507,0.6839417044927507,0.6839417044927507,0.9391855528858997,0.9391855528858997,0.9391855528858997
zic008_aec7,20260923,1,8,0.4049964206395204,0.2839405655897975,0.5335272692133128,0.7959659303774819,0.6442238413895861,0.8598901179753679
zic008_aec7,20260923,2,28,0.4986599535051045,0.4044123185943782,0.6070464583985699,0.8719342267658623,0.7954056796387441,0.9364806032217232
zic008_aec7,20260923,3,56,0.5568887228908367,0.4763847512026685,0.6414672035215748,0.9071152143030813,0.808617228177316,0.9568749510899226
zic008_aec7,20260923,4,70,0.6001570103665498,0.5307873868507768,0.6607960665097352,0.9257138740079979,0.8412139385377708,0.9637226756475435
zic008_aec7,20260923,5,56,0.6326397681598832,0.5755363312773292,0.6758121086568507,0.937080679067882,0.8775049265992688,0.9725579689422083
zic008_aec7,20260923,6,28,0.6578102921000982,0.6080717795016508,0.6866237359561953,0.9455634519459944,0.8988580271714107,0.9718845037042005
zic008_aec7,20260923,7,8,0.6787033715203113,0.6560092372692304,0.6914753112199798,0.9497727583803215,0.9280729894539583,0.9660852663926401
zic008_aec7,20260923,8,1,0.6953134198426418,0.6953134198426418,0.6953134198426418,0.9572225866857995,0.9572225866857995,0.9572225866857995
zic008_aec7,20260924,1,8,0.42525062007087633,0.24091560709833382,0.4857330748034329,0.8057125530256674,0.5767119261325971,0.8995862316389507
zic008_aec7,20260924,2,28,0.522235872721481,0.36562716952496205,0.5964576688278517,0.8743884013491356,0.7683646362641109,0.9436963085931865
zic008_aec7,20260924,3,56,0.5760709685005464,0.4601765577429929,0.6500292263685373,0.9031893561024741,0.826916602642282,0.9463494470962771
zic008_aec7,20260924,4,70,0.6122714105498406,0.5265873133716527,0.6853923690337136,0.9194279256343988,0.8675534945323743,0.9448270043245718
zic008_aec7,20260924,5,56,0.6392955724377651,0.5917881918214594,0.6932852212625724,0.9292491818132497,0.8974975822938097,0.9513788994087077
zic008_aec7,20260924,6,28,0.6574016336533978,0.6336846262125264,0.6945222519395222,0.9350899144840968,0.9218553345597061,0.9467098491608131
zic008_aec7,20260924,7,8,0.6719299627765338,0.6603405910416786,0.6880643914788728,0.938583661010987,0.9326431344700534,0.9471524532195139
zic008_aec7,20260924,8,1,0.6847821918200555,0.6847821918200555,0.6847821918200555,0.9425710113991441,0.9425710113991441,0.9425710113991441
zic008_aec7,20260925,1,8,0.4134009865921588,0.1799117237353061,0.49337701881447527,0.7955624002204504,0.6158107849110593,0.8658381879130259
zic008_aec7,20260925,2,28,0.5027833033060297,0.3190038905448616,0.6019805128264064,0.859484490126344,0.7501774054800752,0.9390828798341037
zic008_aec7,20260925,3,56,0.558706479112263,0.40429242050522446,0.6686865146025579,0.8953318208684002,0.829883694700847,0.9505736108977532
zic008_aec7,20260925,4,70,0.594118500435591,0.485115730573185,0.693854452767575,0.913725195318687,0.865149333539372,0.9477918455621279
zic008_aec7,20260925,5,56,0.6222809534739779,0.5373901769540019,0.7084647637596333,0.9277458645303723,0.890883015692879,0.9514196436248704
zic008_aec7,20260925,6,28,0.6485469488569295,0.5996421171881755,0.7212667553796336,0.9367614836821513,0.9097041144824026,0.9552311387615413
zic008_aec7,20260925,7,8,0.6708984786938776,0.6526232960111827,0.7069908514845726,0.9426783817441369,0.9276220521303642,0.9529474100151227
zic008_aec7,20260925,8,1,0.6882073010486977,0.6882073010486977,0.6882073010486977,0.9449767183922334,0.9449767183922334,0.9449767183922334
zic008_aec7,20260926,1,8,0.42780551614677065,0.2768682878489121,0.4761258484962673,0.8008576377917123,0.5685619460345324,0.8872592921421103
zic008_aec7,20260926,2,28,0.52196241540682,0.3973183044654701,0.6021354888669961,0.874237911877142,0.7594007067810576,0.9321837243774928
zic008_aec7,20260926,3,56,0.5838859890789484,0.4907679009545578,0.6537419815197127,0.9110646447536254,0.8357914292581109,0.9546658530265888
zic008_aec7,20260926,4,70,0.6255018182049985,0.5538657335358227,0.6825533524403947,0.9278634984997828,0.8705814505729904,0.9588578770206114
zic008_aec7,20260926,5,56,0.6554098259770178,0.6117672158900066,0.6993580421095503,0.9392763845179873,0.9000913009718691,0.9552755394982868
zic008_aec7,20260926,6,28,0.6772147688847826,0.6547064441115292,0.7116207381635437,0.9481240814377028,0.9350571200315051,0.9610082107123112
zic008_aec7,20260926,7,8,0.6930747375748292,0.6784657692548077,0.7177587655578976,0.9539455562738254,0.9475254556834352,0.961211398042245
zic008_aec7,20260926,8,1,0.7041185168631559,0.7041185168631559,0.7041185168631559,0.9576464055412542,0.9576464055412542,0.9576464055412542
zic008_aec7,20260927,1,8,0.4102283577930833,0.1898520105298795,0.5117844814327672,0.789744043484702,0.5308993215057405,0.9041391771201616
zic008_aec7,20260927,2,28,0.5141288768100588,0.3197899427695254,0.6230785961264038,0.8642359208926594,0.7352813707327247,0.9296133717786784
zic008_aec7,20260927,3,56,0.5647982126041418,0.4386542724866838,0.6831028378714837,0.8994674285086245,0.8409201651522268,0.9469557529202327
zic008_aec7,20260927,4,70,0.6088922307340011,0.5191591684590285,0.7048524883526438,0.9212903083279018,0.8904288422985803,0.9548877273373609
zic008_aec7,20260927,5,56,0.6448919488849646,0.5801136735102113,0.7204720447594136,0.934819950825187,0.9027588873955623,0.9547301083754037
zic008_aec7,20260927,6,28,0.6704655227165262,0.6345254419620917,0.7422816394955374,0.9433637537548766,0.9331773839483904,0.9584837370045212
zic008_aec7,20260927,7,8,0.6902438628535201,0.6735144193430642,0.7507528347060652,0.9483141001198646,0.9340783250674497,0.9549222019931884
zic008_aec7,20260927,8,1,0.7090078319871546,0.7090078319871546,0.7090078319871546,0.9524818938802663,0.9524818938802663,0.9524818938802663
zic008_aec7,20260928,1,8,0.4166726098275318,0.3134940817267862,0.49592492911483665,0.8162690598592147,0.7690218014041912,0.8794089324376969
zic008_aec7,20260928,2,28,0.5289232689763445,0.47646009756907387,0.5905446041575383,0.8778747619533188,0.7952417419782287,0.9249211006906305
zic008_aec7,20260928,3,56,0.5845133766056951,0.5290886192831774,0.640308558346117,0.903855877615462,0.8239968819751252,0.9468068816420692
zic008_aec7,20260928,4,70,0.6212076427353539,0.5851635765619652,0.6663409435781339,0.9180783863037969,0.8553252892737206,0.9455880108944382
zic008_aec7,20260928,5,56,0.6490236248820277,0.6188655480495486,0.6783771121027382,0.9265899873079303,0.8722173919390137,0.9512039260834693
zic008_aec7,20260928,6,28,0.6715666481469879,0.645929241960253,0.6895747824015677,0.9323086350650408,0.9053877705450198,0.9538588379778739
zic008_aec7,20260928,7,8,0.6871033089069037,0.6746629543647217,0.6965716811220242,0.9378262784296127,0.9228416056401236,0.9500993514453523
zic008_aec7,20260928,8,1,0.6992921324540023,0.6992921324540023,0.6992921324540023,0.9420298378537856,0.9420298378537856,0.9420298378537856
zic008_aec7,20260929,1,8,0.4273457153375021,0.2537495597519935,0.49113400967661264,0.8051421586457902,0.589239152015104,0.8576188034756927
zic008_aec7,20260929,2,28,0.5205536944357496,0.37424732969564917,0.5875726926540745,0.8678518047174205,0.7412171620044392,0.9255664073780107
zic008_aec7,20260929,3,56,0.57731941485508,0.4770990365647386,0.6469088619905341,0.8999431871506325,0.8260952141656831,0.9390472665830536
zic008_aec7,20260929,4,70,0.6134150895759082,0.5424553517113054,0.680126611619413,0.9149705671086987,0.8669853072192933,0.9516380019480887
zic008_aec7,20260929,5,56,0.6399726941239017,0.5954301988984442,0.694023200609885,0.9249579608332639,0.8974406651220382,0.946938706880745
zic008_aec7,20260929,6,28,0.6621007143820352,0.634609682566798,0.7076014402311477,0.930772040067503,0.9188914644175963,0.9448965938848163
zic008_aec7,20260929,7,8,0.6780479024641879,0.6663758644192641,0.7047316969002296,0.936382935500164,0.9308640814022577,0.939680737827761
zic008_aec7,20260929,8,1,0.6947748845314359,0.6947748845314359,0.6947748845314359,0.9378764740706712,0.9378764740706712,0.9378764740706712
zic008_aec7,20260930,1,8,0.419152206931778,0.30196995270517324,0.5194405536014932,0.8019773557090449,0.7391673259549961,0.8490471146839182
zic008_aec7,20260930,2,28,0.5152817203100152,0.4103125866818675,0.5954831683787569,0.8709792858715371,0.7901250052286449,0.9432082702049672
zic008_aec7,20260930,3,56,0.5741567790405456,0.5095608783736514,0.6390535324518084,0.9015950560457581,0.829099379071707,0.9597966053446073
zic008_aec7,20260930,4,70,0.6121168200187816,0.5717831331711913,0.6572419478872678,0.9167828834733742,0.859823331387795,0.9537574827633999
zic008_aec7,20260930,5,56,0.6387002775988265,0.6125203769893294,0.6676461084444307,0.926597386039272,0.8839796836593825,0.9565407775430642
zic008_aec7,20260930,6,28,0.6581230463856863,0.6401872024621769,0.6791110153747338,0.9345103400838354,0.9076143886516611,0.9586872398653034
zic008_aec7,20260930,7,8,0.6727040876289252,0.6594199769219866,0.6886924563461936,0.9387191531258261,0.9189159152447426,0.9547225082696831
zic008_aec7,20260930,8,1,0.6841651045045625,0.6841651045045625,0.6841651045045625,0.9425241805975836,0.9425241805975836,0.9425241805975836
zic008_aec7,20260931,1,8,0.4275497028284126,0.374850335738399,0.4439503115211606,0.8317731246981446,0.77011551882174,0.8827300812091564
zic008_aec7,20260931,2,28,0.5375923514207381,0.49542367015828287,0.5928079761440654,0.8815917918331999,0.7945421377970553,0.9346530854586038
zic008_aec7,20260931,3,56,0.5924093680151349,0.5442058390586031,0.6438404550790598,0.9075735756652463,0.8145108675735575,0.9508125345351233
zic008_aec7,20260931,4,70,0.6260872198711809,0.5889295853184021,0.6629660850774991,0.9205556681128598,0.8489156155416305,0.9561243401783002
zic008_aec7,20260931,5,56,0.6496036915794114,0.6252453567207468,0.6791049889179704,0.9266768341070716,0.8825774026801096,0.9543437939230752
zic008_aec7,20260931,6,28,0.6673461214758039,0.6507825783980776,0.6851934064456183,0.9300179696342434,0.8882847861748386,0.9560308787196402
zic008_aec7,20260931,7,8,0.6802076904144609,0.6726438267170894,0.6881995002446335,0.9351865151607126,0.9179777735234853,0.9516715119588313
zic008_aec7,20260931,8,1,0.6903235882620659,0.6903235882620659,0.6903235882620659,0.936385963857444,0.936385963857444,0.936385963857444
zic008_aec7,20260932,1,8,0.41952550911315994,0.19478125186317824,0.5016567492030843,0.8123709854280037,0.5721737676444476,0.9090068546006216
zic008_aec7,20260932,2,28,0.5073685312714298,0.32281554716686706,0.6158124022044134,0.8811174573360281,0.7880473173331318,0.9528311259468613
zic008_aec7,20260932,3,56,0.5604585594245163,0.4375541120062418,0.6724744964854561,0.9163478406040886,0.8794478963413828,0.9576041992806759
zic008_aec7,20260932,4,70,0.6036875131171922,0.5231977026361573,0.6988106544189767,0.9344157040203745,0.9014232765495647,0.9597411416904498
zic008_aec7,20260932,5,56,0.6344549857226048,0.5860828475143525,0.7149300501367196,0.9454489934672144,0.9224623829465516,0.9590690190499056
zic008_aec7,20260932,6,28,0.6601847053193401,0.6309503310338802,0.7292327472981759,0.9527267117228063,0.9370485024058344,0.9658486932161695
zic008_aec7,20260932,7,8,0.6817749546206033,0.6691920643359327,0.7212593154320627,0.9570054945284674,0.9469597484360991,0.9648538103208015
zic008_aec7,20260932,8,1,0.6986634954774095,0.6986634954774095,0.6986634954774095,0.9592902124422886,0.9592902124422886,0.9592902124422886
zic008_aec7,20260933,1,8,0.4096228832163403,0.3542846474152171,0.4477429455366263,0.799395532487326,0.7130293273127736,0.8549643441064116
zic008_aec7,20260933,2,28,0.49891793258893935,0.4151367793944695,0.552880961352689,0.8471942495289423,0.752798480163416,0.9233103302038036
zic008_aec7,20260933,3,56,0.5516092731133811,0.4759431735280928,0.5951919283518861,0.8701297900493896,0.7790666678984557,0.9285633916824643
zic008_aec7,20260933,4,70,0.5860944838359258,0.5194173003104814,0.6273282968733932,0.8814689496473351,0.812806457149463,0.932027751066478
zic008_aec7,20260933,5,56,0.6102890538895495,0.5576769197519521,0.6407336110521616,0.8867160431110237,0.8494635776901566,0.928227079613327
zic008_aec7,20260933,6,28,0.6274417377860094,0.5972992895235292,0.6542235615807981,0.8907840062777372,0.8606718334203716,0.9214618523687891
zic008_aec7,20260933,7,8,0.636689204754891,0.6202029438832896,0.6538811643888048,0.891895658364915,0.8782007954199581,0.9049945693867836
zic008_aec7,20260933,8,1,0.6408616203374082,0.6408616203374082,0.6408616203374082,0.8950222881001799,0.8950222881001799,0.8950222881001799
zic008_aec7,20260934,1,8,0.41270285771606463,0.28535556271300905,0.45282561158217366,0.8182673131307905,0.7536742632679612,0.8895111716305146
zic008_aec7,20260934,2,28,0.5250703372773498,0.4450474239379694,0.5889393443809563,0.8854216581058444,0.8136087067651592,0.9325395953072552
zic008_aec7,20260934,3,56,0.5832521202809887,0.5325813593106987,0.628753464587582,0.9132627051870424,0.8589652160617998,0.9541778804545721
zic008_aec7,20260934,4,70,0.6198722337654553,0.5825547060278725,0.6542588948592479,0.9288249252226379,0.8946330862418806,0.9552387841608702
zic008_aec7,20260934,5,56,0.6456079126736707,0.6199354513979074,0.67634186252818,0.9389241989480775,0.9192656775009821,0.9625681176322721
zic008_aec7,20260934,6,28,0.6642930002231211,0.6482082634451327,0.6894455743651092,0.9454592164855828,0.935089584121935,0.9566807861692574
zic008_aec7,20260934,7,8,0.6777927547025718,0.6693325867675556,0.6873564666158989,0.9508952989443069,0.9448220797552492,0.962480783191883
zic008_aec7,20260934,8,1,0.6878308420332253,0.6878308420332253,0.6878308420332253,0.9498214176010839,0.9498214176010839,0.9498214176010839
zic008_h1650,20260915,1,2,0.40590067393386375,0.2493884759761537,0.5624128718915739,0.7126443716289811,0.5690668517220849,0.8562218915358772
zic008_h1650,20260915,2,1,0.552322988498586,0.552322988498586,0.552322988498586,0.8607160434595325,0.8607160434595325,0.8607160434595325
zic008_h1650,20260916,1,2,0.2653981212960932,0.25715819583366173,0.27363804675852466,0.5065065753630045,0.4776586025127808,0.535354548213228
zic008_h1650,20260916,2,1,0.2894189930849135,0.2894189930849135,0.2894189930849135,0.5207692747344184,0.5207692747344184,0.5207692747344184
zic008_h1650,20260917,1,2,0.4084548913984155,0.21784132185415847,0.5990684609426725,0.7053492164732287,0.6113580912242986,0.7993403417221587
zic008_h1650,20260917,2,1,0.552322988498586,0.552322988498586,0.552322988498586,0.8607160434595325,0.8607160434595325,0.8607160434595325
zic008_h1650,20260918,1,2,0.4237279517916313,0.2636306148761943,0.5838252887070683,0.6764038578917649,0.5195394120061846,0.8332683037773453
zic008_h1650,20260918,2,1,0.5423329070273883,0.5423329070273883,0.5423329070273883,0.8419693420220423,0.8419693420220423,0.8419693420220423
zic008_h1650,20260919,1,2,0.393642388933926,0.2272536313244375,0.5600311465434146,0.7101182067141695,0.6313827679716667,0.7888536454566722
zic008_h1650,20260919,2,1,0.5423329070273883,0.5423329070273883,0.5423329070273883,0.8419693420220423,0.8419693420220423,0.8419693420220423
zic008_h1650,20260920,1,2,0.2653981212960932,0.25715819583366173,0.27363804675852466,0.5065065753630045,0.4776586025127808,0.535354548213228
zic008_h1650,20260920,2,1,0.2894189930849135,0.2894189930849135,0.2894189930849135,0.5207692747344184,0.5207692747344184,0.5207692747344184
zic008_h1650,20260921,1,2,0.2653981212960932,0.25715819583366173,0.27363804675852466,0.5065065753630045,0.4776586025127808,0.535354548213228
zic008_h1650,20260921,2,1,0.2894189930849135,0.2894189930849135,0.2894189930849135,0.5207692747344184,0.5207692747344184,0.5207692747344184
zic008_h1650,20260922,1,2,0.2653981212960932,0.25715819583366173,0.27363804675852466,0.5065065753630045,0.4776586025127808,0.535354548213228
zic008_h1650,20260922,2,1,0.2894189930849135,0.2894189930849135,0.2894189930849135,0.5207692747344184,0.5207692747344184,0.5207692747344184
zic008_h1650,20260923,1,2,0.2653981212960932,0.25715819583366173,0.27363804675852466,0.5065065753630045,0.4776586025127808,0.535354548213228
zic008_h1650,20260923,2,1,0.2894189930849135,0.2894189930849135,0.2894189930849135,0.5207692747344184,0.5207692747344184,0.5207692747344184
zic008_h1650,20260924,1,2,0.22852361117461203,0.20461728308113697,0.2524299392680871,0.47549834584738676,0.44044458146693954,0.510552110227834
zic008_h1650,20260924,2,1,0.2894189930849135,0.2894189930849135,0.2894189930849135,0.5207692747344184,0.5207692747344184,0.5207692747344184
zic008_h1650,20260925,1,2,0.393642388933926,0.2272536313244375,0.5600311465434146,0.7101182067141695,0.6313827679716667,0.7888536454566722
zic008_h1650,20260925,2,1,0.5423329070273883,0.5423329070273883,0.5423329070273883,0.8419693420220423,0.8419693420220423,0.8419693420220423
zic008_h1650,20260926,1,2,0.393642388933926,0.2272536313244375,0.5600311465434146,0.7101182067141695,0.6313827679716667,0.7888536454566722
zic008_h1650,20260926,2,1,0.5423329070273883,0.5423329070273883,0.5423329070273883,0.8419693420220423,0.8419693420220423,0.8419693420220423
zic008_h1650,20260927,1,2,0.40590067393386375,0.2493884759761537,0.5624128718915739,0.7126443716289811,0.5690668517220849,0.8562218915358772
zic008_h1650,20260927,2,1,0.552322988498586,0.552322988498586,0.552322988498586,0.8607160434595325,0.8607160434595325,0.8607160434595325
zic008_h1650,20260928,1,2,0.393642388933926,0.2272536313244375,0.5600311465434146,0.7101182067141695,0.6313827679716667,0.7888536454566722
zic008_h1650,20260928,2,1,0.5423329070273883,0.5423329070273883,0.5423329070273883,0.8419693420220423,0.8419693420220423,0.8419693420220423
zic008_h1650,20260929,1,2,0.4084548913984155,0.21784132185415847,0.5990684609426725,0.7053492164732287,0.6113580912242986,0.7993403417221587
zic008_h1650,20260929,2,1,0.552322988498586,0.552322988498586,0.552322988498586,0.8607160434595325,0.8607160434595325,0.8607160434595325
zic008_h1650,20260930,1,2,0.4084548913984155,0.21784132185415847,0.5990684609426725,0.7053492164732287,0.6113580912242986,0.7993403417221587
zic008_h1650,20260930,2,1,0.552322988498586,0.552322988498586,0.552322988498586,0.8607160434595325,0.8607160434595325,0.8607160434595325
zic008_h1650,20260931,1,2,0.393642388933926,0.2272536313244375,0.5600311465434146,0.7101182067141695,0.6313827679716667,0.7888536454566722
zic008_h1650,20260931,2,1,0.5423329070273883,0.5423329070273883,0.5423329070273883,0.8419693420220423,0.8419693420220423,0.8419693420220423
zic008_h1650,20260932,1,2,0.393642388933926,0.2272536313244375,0.5600311465434146,0.7101182067141695,0.6313827679716667,0.7888536454566722
zic008_h1650,20260932,2,1,0.5423329070273883,0.5423329070273883,0.5423329070273883,0.8419693420220423,0.8419693420220423,0.8419693420220423
zic008_h1650,20260933,1,2,0.4084548913984155,0.21784132185415847,0.5990684609426725,0.7053492164732287,0.6113580912242986,0.7993403417221587
zic008_h1650,20260933,2,1,0.552322988498586,0.552322988498586,0.552322988498586,0.8607160434595325,0.8607160434595325,0.8607160434595325
zic008_h1650,20260934,1,2,0.40590067393386375,0.2493884759761537,0.5624128718915739,0.7126443716289811,0.5690668517220849,0.8562218915358772
zic008_h1650,20260934,2,1,0.552322988498586,0.552322988498586,0.552322988498586,0.8607160434595325,0.8607160434595325,0.8607160434595325
zic008_hek293,20260915,1,2,0.5539759094351718,0.5345275214439134,0.5734242974264303,0.8181819258737151,0.8168820725028827,0.8194817792445475
zic008_hek293,20260915,2,1,0.6693061516633017,0.6693061516633017,0.6693061516633017,0.8783232904175498,0.8783232904175498,0.8783232904175498
zic008_hek293,20260916,1,2,0.5313361533881078,0.4583903315514447,0.604281975224771,0.8061588851784692,0.732601107986302,0.8797166623706365
zic008_hek293,20260916,2,1,0.6693061516633017,0.6693061516633017,0.6693061516633017,0.8783232904175498,0.8783232904175498,0.8783232904175498
zic008_hek293,20260917,1,2,0.38365873947666684,0.3550034042993046,0.4123140746540291,0.6114050054969705,0.5758448606018944,0.6469651503920466
zic008_hek293,20260917,2,1,0.455428008513609,0.455428008513609,0.455428008513609,0.6540886668839281,0.6540886668839281,0.6540886668839281
zic008_hek293,20260918,1,2,0.5206120496484172,0.45738214452003856,0.5838419547767958,0.7780266820638275,0.716073720228266,0.839979643899389
zic008_hek293,20260918,2,1,0.6659503911598974,0.6659503911598974,0.6659503911598974,0.8900524104984248,0.8900524104984248,0.8900524104984248
zic008_hek293,20260919,1,2,0.5361045347417737,0.5036930275014022,0.5685160419821451,0.7981960098559897,0.7575398203271979,0.8388521993847815
zic008_hek293,20260919,2,1,0.6659503911598974,0.6659503911598974,0.6659503911598974,0.8900524104984248,0.8900524104984248,0.8900524104984248
zic008_hek293,20260920,1,2,0.5313361533881078,0.4583903315514447,0.604281975224771,0.8061588851784692,0.732601107986302,0.8797166623706365
zic008_hek293,20260920,2,1,0.6693061516633017,0.6693061516633017,0.6693061516633017,0.8783232904175498,0.8783232904175498,0.8783232904175498
zic008_hek293,20260921,1,2,0.40057055536237335,0.3855732404706175,0.4155678702541292,0.6661534626268583,0.623157659723182,0.7091492655305345
zic008_hek293,20260921,2,1,0.455428008513609,0.455428008513609,0.455428008513609,0.6540886668839281,0.6540886668839281,0.6540886668839281
zic008_hek293,20260922,1,2,0.5539759094351718,0.5345275214439134,0.5734242974264303,0.8181819258737151,0.8168820725028827,0.8194817792445475
zic008_hek293,20260922,2,1,0.6693061516633017,0.6693061516633017,0.6693061516633017,0.8783232904175498,0.8783232904175498,0.8783232904175498
zic008_hek293,20260923,1,2,0.40057055536237335,0.3855732404706175,0.4155678702541292,0.6661534626268583,0.623157659723182,0.7091492655305345
zic008_hek293,20260923,2,1,0.455428008513609,0.455428008513609,0.455428008513609,0.6540886668839281,0.6540886668839281,0.6540886668839281
zic008_hek293,20260924,1,2,0.5539759094351718,0.5345275214439134,0.5734242974264303,0.8181819258737151,0.8168820725028827,0.8194817792445475
zic008_hek293,20260924,2,1,0.6693061516633017,0.6693061516633017,0.6693061516633017,0.8783232904175498,0.8783232904175498,0.8783232904175498
zic008_hek293,20260925,1,2,0.40057055536237335,0.3855732404706175,0.4155678702541292,0.6661534626268583,0.623157659723182,0.7091492655305345
zic008_hek293,20260925,2,1,0.455428008513609,0.455428008513609,0.455428008513609,0.6540886668839281,0.6540886668839281,0.6540886668839281
zic008_hek293,20260926,1,2,0.5313361533881078,0.4583903315514447,0.604281975224771,0.8061588851784692,0.732601107986302,0.8797166623706365
zic008_hek293,20260926,2,1,0.6693061516633017,0.6693061516633017,0.6693061516633017,0.8783232904175498,0.8783232904175498,0.8783232904175498
zic008_hek293,20260927,1,2,0.5361045347417737,0.5036930275014022,0.5685160419821451,0.7981960098559897,0.7575398203271979,0.8388521993847815
zic008_hek293,20260927,2,1,0.6659503911598974,0.6659503911598974,0.6659503911598974,0.8900524104984248,0.8900524104984248,0.8900524104984248
zic008_hek293,20260928,1,2,0.38365873947666684,0.3550034042993046,0.4123140746540291,0.6114050054969705,0.5758448606018944,0.6469651503920466
zic008_hek293,20260928,2,1,0.455428008513609,0.455428008513609,0.455428008513609,0.6540886668839281,0.6540886668839281,0.6540886668839281
zic008_hek293,20260929,1,2,0.40057055536237335,0.3855732404706175,0.4155678702541292,0.6661534626268583,0.623157659723182,0.7091492655305345
zic008_hek293,20260929,2,1,0.455428008513609,0.455428008513609,0.455428008513609,0.6540886668839281,0.6540886668839281,0.6540886668839281
zic008_hek293,20260930,1,2,0.5206120496484172,0.45738214452003856,0.5838419547767958,0.7780266820638275,0.716073720228266,0.839979643899389
zic008_hek293,20260930,2,1,0.6659503911598974,0.6659503911598974,0.6659503911598974,0.8900524104984248,0.8900524104984248,0.8900524104984248
zic008_hek293,20260931,1,2,0.5539759094351718,0.5345275214439134,0.5734242974264303,0.8181819258737151,0.8168820725028827,0.8194817792445475
zic008_hek293,20260931,2,1,0.6693061516633017,0.6693061516633017,0.6693061516633017,0.8783232904175498,0.8783232904175498,0.8783232904175498
zic008_hek293,20260932,1,2,0.40057055536237335,0.3855732404706175,0.4155678702541292,0.6661534626268583,0.623157659723182,0.7091492655305345
zic008_hek293,20260932,2,1,0.455428008513609,0.455428008513609,0.455428008513609,0.6540886668839281,0.6540886668839281,0.6540886668839281
zic008_hek293,20260933,1,2,0.5313361533881078,0.4583903315514447,0.604281975224771,0.8061588851784692,0.732601107986302,0.8797166623706365
zic008_hek293,20260933,2,1,0.6693061516633017,0.6693061516633017,0.6693061516633017,0.8783232904175498,0.8783232904175498,0.8783232904175498
zic008_hek293,20260934,1,2,0.38365873947666684,0.3550034042993046,0.4123140746540291,0.6114050054969705,0.5758448606018944,0.6469651503920466
zic008_hek293,20260934,2,1,0.455428008513609,0.455428008513609,0.455428008513609,0.6540886668839281,0.6540886668839281,0.6540886668839281
zic008_hek293clone,20260915,1,1,0.6215955574212938,0.6215955574212938,0.6215955574212938,0.8742942616276504,0.8742942616276504,0.8742942616276504
zic008_hek293clone,20260916,1,1,0.6215955574212938,0.6215955574212938,0.6215955574212938,0.8742942616276504,0.8742942616276504,0.8742942616276504
zic008_hek293clone,20260917,1,1,0.6215955574212938,0.6215955574212938,0.6215955574212938,0.8742942616276504,0.8742942616276504,0.8742942616276504
zic008_hek293clone,20260918,1,1,0.6215955574212938,0.6215955574212938,0.6215955574212938,0.8742942616276504,0.8742942616276504,0.8742942616276504
zic008_hek293clone,20260919,1,1,0.6215955574212938,0.6215955574212938,0.6215955574212938,0.8742942616276504,0.8742942616276504,0.8742942616276504
zic008_hek293clone,20260920,1,1,0.6215955574212938,0.6215955574212938,0.6215955574212938,0.8742942616276504,0.8742942616276504,0.8742942616276504
zic008_hek293clone,20260921,1,1,0.6215955574212938,0.6215955574212938,0.6215955574212938,0.8742942616276504,0.8742942616276504,0.8742942616276504
zic008_hek293clone,20260922,1,1,0.6215955574212938,0.6215955574212938,0.6215955574212938,0.8742942616276504,0.8742942616276504,0.8742942616276504
zic008_hek293clone,20260923,1,1,0.6215955574212938,0.6215955574212938,0.6215955574212938,0.8742942616276504,0.8742942616276504,0.8742942616276504
zic008_hek293clone,20260924,1,1,0.6215955574212938,0.6215955574212938,0.6215955574212938,0.8742942616276504,0.8742942616276504,0.8742942616276504
zic008_hek293clone,20260925,1,1,0.6215955574212938,0.6215955574212938,0.6215955574212938,0.8742942616276504,0.8742942616276504,0.8742942616276504
zic008_hek293clone,20260926,1,1,0.6215955574212938,0.6215955574212938,0.6215955574212938,0.8742942616276504,0.8742942616276504,0.8742942616276504
zic008_hek293clone,20260927,1,1,0.6215955574212938,0.6215955574212938,0.6215955574212938,0.8742942616276504,0.8742942616276504,0.8742942616276504
zic008_hek293clone,20260928,1,1,0.6215955574212938,0.6215955574212938,0.6215955574212938,0.8742942616276504,0.8742942616276504,0.8742942616276504
zic008_hek293clone,20260929,1,1,0.6215955574212938,0.6215955574212938,0.6215955574212938,0.8742942616276504,0.8742942616276504,0.8742942616276504
zic008_hek293clone,20260930,1,1,0.6215955574212938,0.6215955574212938,0.6215955574212938,0.8742942616276504,0.8742942616276504,0.8742942616276504
zic008_hek293clone,20260931,1,1,0.6215955574212938,0.6215955574212938,0.6215955574212938,0.8742942616276504,0.8742942616276504,0.8742942616276504
zic008_hek293clone,20260932,1,1,0.6215955574212938,0.6215955574212938,0.6215955574212938,0.8742942616276504,0.8742942616276504,0.8742942616276504
zic008_hek293clone,20260933,1,1,0.6215955574212938,0.6215955574212938,0.6215955574212938,0.8742942616276504,0.8742942616276504,0.8742942616276504
zic008_hek293clone,20260934,1,1,0.6215955574212938,0.6215955574212938,0.6215955574212938,0.8742942616276504,0.8742942616276504,0.8742942616276504
